{
"type": "FeatureCollection",
"name": "departamentos_final",
"crs": { "type": "name", "properties": { "name": "urn:ogc:def:crs:OGC:1.3:CRS84" } },
"features": [
{ "type": "Feature", "properties": { "Código departamento": "15", "Departamento": "BOYACÁ" }, "geometry": { "type": "Polygon", "coordinates": [ [ [ -72.047629795134355, 7.038228996836316 ], [ -72.040875819558138, 7.038079095477173 ], [ -72.029570251745767, 7.034631364216884 ], [ -72.02090754394149, 7.035830575090029 ], [ -72.005784511672985, 7.03178323839317 ], [ -72.003288477220906, 7.029085013928596 ], [ -71.982145597156205, 7.023688564999451 ], [ -71.965554309327672, 7.015593891605731 ], [ -71.950431277059167, 7.01289566714116 ], [ -71.948816195943124, 7.01139665354973 ], [ -71.951605881507206, 7.007049514134585 ], [ -71.960121763755495, 7.001653065205438 ], [ -71.961883670427554, 6.989660956474004 ], [ -71.970986854899849, 6.977668847742568 ], [ -71.977740830476066, 6.965077133574561 ], [ -71.980530516040162, 6.954883841152841 ], [ -71.993744816080593, 6.927002188352255 ], [ -71.996534501644689, 6.908864123895959 ], [ -72.004903558336963, 6.890726059439664 ], [ -72.007693243901045, 6.887877933615948 ], [ -72.017530556153375, 6.86764125013165 ], [ -72.018117858377394, 6.86089568897022 ], [ -72.034562320649925, 6.829716206268487 ], [ -72.038673436218062, 6.814276366276766 ], [ -72.037058355102005, 6.801984454827044 ], [ -72.038526610662061, 6.794339485510753 ], [ -72.044399632902255, 6.787294121631036 ], [ -72.047482969578354, 6.780698461828746 ], [ -72.050713131810454, 6.768706353097312 ], [ -72.059963141838764, 6.767507142224168 ], [ -72.071562360763139, 6.758363159316448 ], [ -72.078609987451372, 6.750868091359302 ], [ -72.085217137471588, 6.75386611854216 ], [ -72.09270524082784, 6.753716217183018 ], [ -72.094173496387882, 6.749369077767873 ], [ -72.100193344184078, 6.746520951944157 ], [ -72.094907624167902, 6.729582098361004 ], [ -72.100046518628076, 6.72373594535443 ], [ -72.099165565292054, 6.714442061087568 ], [ -72.099312390848056, 6.696903602067844 ], [ -72.095054449723918, 6.684012085181551 ], [ -72.098431437512019, 6.679365143048121 ], [ -72.097403658619996, 6.67172017373183 ], [ -72.091236985267784, 6.648485463064675 ], [ -72.0946139730559, 6.634544636664381 ], [ -72.101221123076115, 6.628698483657806 ], [ -72.104010808640211, 6.622852330651232 ], [ -72.112820342000489, 6.612059432792941 ], [ -72.113113993112506, 6.601416436293792 ], [ -72.111939388664467, 6.591672847949501 ], [ -72.115169550896567, 6.582828667760068 ], [ -72.11825288757268, 6.57938093649978 ], [ -72.12148304980478, 6.556296127191767 ], [ -72.123685433144857, 6.549850368748621 ], [ -72.12397908425686, 6.54010678040433 ], [ -72.128971153161018, 6.524966743130894 ], [ -72.133816396509189, 6.517021971096317 ], [ -72.138661639857347, 6.514173845272601 ], [ -72.153197369901818, 6.513424338476887 ], [ -72.160832298814071, 6.508177790906884 ], [ -72.166852146610267, 6.500682722949738 ], [ -72.172871994406464, 6.50083262430888 ], [ -72.177864063310622, 6.496785287612021 ], [ -72.176689458862583, 6.486292192472015 ], [ -72.172871994406464, 6.480296138106298 ], [ -72.176248982194579, 6.47070245112115 ], [ -72.174780726634523, 6.463057481804859 ], [ -72.181681527766756, 6.459459849185429 ], [ -72.189316456678995, 6.462008172290859 ], [ -72.198419641151304, 6.468004226656576 ], [ -72.202971233387444, 6.468903634811434 ], [ -72.212955371195775, 6.465905607628575 ], [ -72.213689498975796, 6.458410539671427 ], [ -72.216919661207911, 6.455712315206855 ], [ -72.215451405647855, 6.445968726862565 ], [ -72.218975218991972, 6.438323757546274 ], [ -72.232923646812424, 6.42333362163198 ], [ -72.245991121296854, 6.420485495808264 ], [ -72.248927632416951, 6.423183720272838 ], [ -72.247899853524927, 6.429329675997699 ], [ -72.256122084661186, 6.435475631722558 ], [ -72.260526851341339, 6.442221192883991 ], [ -72.265665745801499, 6.442970699679706 ], [ -72.271538768041694, 6.436524941236558 ], [ -72.271832419153711, 6.427830662406268 ], [ -72.268895908033613, 6.421384903963122 ], [ -72.271979244709712, 6.419136383575979 ], [ -72.276824488057869, 6.422434213477122 ], [ -72.282403859186047, 6.416288257752263 ], [ -72.281816556962028, 6.409392795231688 ], [ -72.286661800310185, 6.396051574267966 ], [ -72.281082429182007, 6.393503251162536 ], [ -72.280935603626006, 6.383459860099959 ], [ -72.284018940302104, 6.3783632138891 ], [ -72.291800694770359, 6.377014101656813 ], [ -72.302078483690693, 6.359325741277945 ], [ -72.315439609287139, 6.357676826327373 ], [ -72.317054690403182, 6.334741918378504 ], [ -72.323074538199393, 6.332343496632217 ], [ -72.325570572651472, 6.335641326533362 ], [ -72.333939629343746, 6.337739945561363 ], [ -72.338491221579886, 6.345534816236795 ], [ -72.351852347176333, 6.344635408081937 ], [ -72.363598391656708, 6.325747836829927 ], [ -72.371380146124963, 6.319152177027639 ], [ -72.372407925017001, 6.311357306352206 ], [ -72.37622538947312, 6.303112731599344 ], [ -72.378868249481215, 6.293069340536767 ], [ -72.390026991737585, 6.28257624539676 ], [ -72.396487316201785, 6.272083150256756 ], [ -72.391788898409644, 6.263988476863037 ], [ -72.387237306173489, 6.261290252398463 ], [ -72.397955571761841, 6.237306034935593 ], [ -72.398689699541862, 6.218718266401869 ], [ -72.402507163997996, 6.207625565825292 ], [ -72.406324628454115, 6.203428327769289 ], [ -72.412491301806313, 6.187838586418423 ], [ -72.405590500674094, 6.189937205446424 ], [ -72.392376200633663, 6.186939178263565 ], [ -72.393110328413684, 6.161605848568409 ], [ -72.38665000394947, 6.161755749927551 ], [ -72.380923807265276, 6.154710386047834 ], [ -72.374463482801076, 6.150063443914402 ], [ -72.374169831689059, 6.142118671879827 ], [ -72.377693645033176, 6.138221236542111 ], [ -72.377106342809157, 6.133874097126966 ], [ -72.38474127172141, 6.132674886253823 ], [ -72.389146038401549, 6.123680804705246 ], [ -72.384007143941375, 6.113787315001812 ], [ -72.375784912805116, 6.109889879664096 ], [ -72.364772996104747, 6.100296192678948 ], [ -72.373435703909038, 6.095649250545516 ], [ -72.375344436137098, 6.092501322003515 ], [ -72.37108649501296, 6.082907635018366 ], [ -72.366681728332821, 6.076761679293505 ], [ -72.362130136096667, 6.075112764342934 ], [ -72.327479304879532, 6.08560585948294 ], [ -72.321165805971319, 6.08815418258837 ], [ -72.32131263152732, 6.081108818708651 ], [ -72.318229294851221, 6.078410594244079 ], [ -72.321606282639337, 6.06776759774493 ], [ -72.330268990443614, 6.062071346097498 ], [ -72.353320602736375, 6.04333367620463 ], [ -72.361689659428649, 6.043933281641203 ], [ -72.365507123884782, 6.036738016402341 ], [ -72.364626170548746, 6.029992455240909 ], [ -72.36183648498465, 6.025645315825764 ], [ -72.356403939412473, 6.023396795438619 ], [ -72.350090440504275, 6.014252812530901 ], [ -72.346566627160158, 6.005858336418895 ], [ -72.339665826027925, 5.997463860306891 ], [ -72.341574558255985, 5.989519088272316 ], [ -72.339372174915923, 5.980525006723739 ], [ -72.342015034924003, 5.978426387695738 ], [ -72.34230868603602, 5.964935265372874 ], [ -72.338344396023885, 5.959988520521157 ], [ -72.340693604919963, 5.954142367514582 ], [ -72.335848361571806, 5.943949075092863 ], [ -72.331737246003669, 5.943049666938005 ], [ -72.325130095983454, 5.93510489490343 ], [ -72.328360258215554, 5.910970776081416 ], [ -72.327626130435533, 5.901676891814554 ], [ -72.332765024895707, 5.892083204829405 ], [ -72.339812651583941, 5.891483599392834 ], [ -72.358899973864567, 5.89433172521655 ], [ -72.368590460560881, 5.897329752399409 ], [ -72.374757133913079, 5.894931330653121 ], [ -72.383566667273371, 5.900327779582267 ], [ -72.391935723965645, 5.902276497251125 ], [ -72.406765105122133, 5.900177878223125 ], [ -72.416015115150429, 5.903625609483412 ], [ -72.418657975158524, 5.899728174145696 ], [ -72.426880206294783, 5.895980640167122 ], [ -72.443177843011327, 5.882189715125972 ], [ -72.450959597479581, 5.878442181147398 ], [ -72.45272150415164, 5.87094711319025 ], [ -72.461237386399915, 5.85970451125453 ], [ -72.458594526391835, 5.850860331065097 ], [ -72.448169911915485, 5.850560528346811 ], [ -72.440094506335214, 5.848162106600523 ], [ -72.434955611875054, 5.848611810677952 ], [ -72.429229415190861, 5.842915559030522 ], [ -72.421888137390624, 5.843515164467093 ], [ -72.401332559549957, 5.836619701946518 ], [ -72.394284932861723, 5.826576310883941 ], [ -72.392963502857668, 5.820280453799938 ], [ -72.377987296145193, 5.81578341302565 ], [ -72.373288878353037, 5.812185780406218 ], [ -72.364185693880728, 5.81023706273736 ], [ -72.350677742728294, 5.811136470892218 ], [ -72.348622184944219, 5.805740021963072 ], [ -72.331003118223649, 5.802292290702785 ], [ -72.328653909327571, 5.795246926823066 ], [ -72.323808665979413, 5.793298209154208 ], [ -72.316320562623162, 5.795996433618781 ], [ -72.309566587046945, 5.793747913231637 ], [ -72.305749122590811, 5.786852450711062 ], [ -72.305161820366806, 5.779207481394772 ], [ -72.297086414786534, 5.771112808001054 ], [ -72.297086414786534, 5.765716359071908 ], [ -72.300757053686652, 5.759420501987905 ], [ -72.297673717010554, 5.754923461213616 ], [ -72.290185613654302, 5.75057632179847 ], [ -72.281229254738008, 5.748627604129612 ], [ -72.276530836945852, 5.742931352482182 ], [ -72.276971313613871, 5.732438257342175 ], [ -72.271245116929691, 5.728540822004459 ], [ -72.261995106901381, 5.714899798322452 ], [ -72.261407804677361, 5.710852461625593 ], [ -72.256268910217202, 5.70305759095016 ], [ -72.24819350463693, 5.695862325711299 ], [ -72.248927632416951, 5.684919526493863 ], [ -72.242760959064753, 5.687168046881008 ], [ -72.2318958679204, 5.685069427853008 ], [ -72.221911730112069, 5.672627615044143 ], [ -72.225876020124204, 5.667680870192426 ], [ -72.244082389068794, 5.66633175796014 ], [ -72.257296689109225, 5.662434322622423 ], [ -72.268895908033613, 5.66378343485471 ], [ -72.272126070265713, 5.662284421263281 ], [ -72.273300674713752, 5.655239057383562 ], [ -72.265665745801499, 5.642647343215555 ], [ -72.262729234681416, 5.633503360307835 ], [ -72.270804640261673, 5.62196095565383 ], [ -72.287542753646221, 5.605621707507249 ], [ -72.289157834762278, 5.594828809648958 ], [ -72.285634021418161, 5.586584234896097 ], [ -72.285193544750143, 5.574592126164661 ], [ -72.295030857002473, 5.556004357630937 ], [ -72.296645938118516, 5.547160177441502 ], [ -72.294884031446458, 5.530820929294923 ], [ -72.295324508114476, 5.514931385225771 ], [ -72.300903879242654, 5.505937303677196 ], [ -72.311328493719003, 5.502489572416907 ], [ -72.317641992627202, 5.497992531642619 ], [ -72.330415815999629, 5.497692728924334 ], [ -72.338491221579886, 5.501140460184621 ], [ -72.345832499380137, 5.506836711832052 ], [ -72.347007103828176, 5.511933358042913 ], [ -72.356844416080492, 5.51792941240863 ], [ -72.362570612764685, 5.528272606189494 ], [ -72.366681728332821, 5.528872211626065 ], [ -72.369030937228899, 5.533968857836924 ], [ -72.375050785025081, 5.537566490456356 ], [ -72.375784912805116, 5.544611854336073 ], [ -72.382685713937335, 5.554055639962079 ], [ -72.383860318385373, 5.559751891609509 ], [ -72.396487316201785, 5.570244986749516 ], [ -72.403681768446035, 5.569945184031229 ], [ -72.420860358498587, 5.563199622869797 ], [ -72.421300835166605, 5.557803173940651 ], [ -72.425558776290742, 5.554955048116935 ], [ -72.426292904070763, 5.547310078800646 ], [ -72.435689739655075, 5.537416589097211 ], [ -72.443765145235346, 5.524375170851775 ], [ -72.447435784135465, 5.5164303988172 ], [ -72.460062781951876, 5.50878542950091 ], [ -72.47092787309623, 5.495594109896332 ], [ -72.477241372004443, 5.492296279995187 ], [ -72.489868369820854, 5.481803184855182 ], [ -72.492070753160931, 5.468312062532317 ], [ -72.501908065413247, 5.444927450506019 ], [ -72.508515215433462, 5.437582283908015 ], [ -72.515709667677697, 5.436233171675728 ], [ -72.528923967718129, 5.427538892845438 ], [ -72.536852547742399, 5.414347573240859 ], [ -72.546543034438713, 5.407602012079427 ], [ -72.553590661126947, 5.405353491692282 ], [ -72.565336705607322, 5.396809114221136 ], [ -72.571943855627538, 5.390213454418846 ], [ -72.583983551219944, 5.381968879665984 ], [ -72.567245437835382, 5.373424502194838 ], [ -72.570916076735514, 5.363830815209689 ], [ -72.577963703423734, 5.352588213273969 ], [ -72.581781167879868, 5.350339692886824 ], [ -72.588828794568101, 5.354536930942827 ], [ -72.59646372348034, 5.352438311914825 ], [ -72.601602617940515, 5.353637522787969 ], [ -72.609384372408769, 5.348390975217966 ], [ -72.618781207993081, 5.351688805119111 ], [ -72.626122485793317, 5.343744033084534 ], [ -72.633316938037552, 5.342095118133963 ], [ -72.637721704717706, 5.336248965127388 ], [ -72.63698757693767, 5.328454094451955 ], [ -72.648586795862059, 5.321708533290523 ], [ -72.653138388098199, 5.3062686932988 ], [ -72.658570933670376, 5.301771652524512 ], [ -72.666059037026628, 5.301321948447083 ], [ -72.667086815918665, 5.294576387285651 ], [ -72.681475720407136, 5.290379149229648 ], [ -72.688082870427351, 5.281984673117644 ], [ -72.706436064927942, 5.276438322829356 ], [ -72.708932099380036, 5.279736152730501 ], [ -72.715098772732233, 5.280635560885357 ], [ -72.720090841636392, 5.288280530201647 ], [ -72.719356713856371, 5.29862372398251 ], [ -72.72185274830845, 5.312564550382803 ], [ -72.726404340544605, 5.318710506107664 ], [ -72.732424188340801, 5.318110900671093 ], [ -72.742555151705133, 5.322308138727094 ], [ -72.74666626727327, 5.327554686297097 ], [ -72.755328975077546, 5.330103009402527 ], [ -72.760908346205738, 5.33534955697253 ], [ -72.766047240665898, 5.344193737161963 ], [ -72.77544407625021, 5.35678545132997 ], [ -72.778233761814306, 5.36592943423769 ], [ -72.788658376290641, 5.373724304913122 ], [ -72.793797270750815, 5.375223318504552 ], [ -72.798348862986956, 5.380170063356268 ], [ -72.811269511915384, 5.382418583743413 ], [ -72.81215046525142, 5.377921542969125 ], [ -72.821840951947735, 5.369527066857121 ], [ -72.82903540419197, 5.366379138315119 ], [ -72.833293345316108, 5.36697874375169 ], [ -72.841809227564383, 5.363531012491403 ], [ -72.846067168688521, 5.353487621428825 ], [ -72.849737807588639, 5.351239101041682 ], [ -72.855464004272832, 5.34194521677482 ], [ -72.866622746529202, 5.340596104542533 ], [ -72.866475920973187, 5.352588213273969 ], [ -72.875285454333479, 5.357235155407399 ], [ -72.882773557689731, 5.363231209773118 ], [ -72.886444196589849, 5.354237128224541 ], [ -72.880130697681636, 5.350639495605111 ], [ -72.889674358821949, 5.331002417557385 ], [ -72.88776562659389, 5.316162183002235 ], [ -72.892904521054064, 5.310915635432232 ], [ -72.899658496630281, 5.299373230778225 ], [ -72.900686275522318, 5.294126683208222 ], [ -72.892023567718027, 5.287081319328505 ], [ -72.891876742162026, 5.280785462244501 ], [ -72.895400555506143, 5.272390986132495 ], [ -72.897162462178201, 5.260099074682775 ], [ -72.910376762218633, 5.24555864284591 ], [ -72.918452167798904, 5.228319986544473 ], [ -72.922416457811025, 5.223673044411041 ], [ -72.923297411147061, 5.215278568299037 ], [ -72.928876782275239, 5.207483697623604 ], [ -72.935190281183452, 5.205534979954746 ], [ -72.943118861207708, 5.198039911997598 ], [ -72.948845057891901, 5.190544844040452 ], [ -72.948404581223883, 5.18230026928759 ], [ -72.95383712679606, 5.175105004048729 ], [ -72.963380787936373, 5.156067531437576 ], [ -72.970868891292611, 5.154118813768718 ], [ -72.973071274632687, 5.145874239015856 ], [ -72.964408566828411, 5.13283282077042 ], [ -72.957214114584161, 5.131183905819849 ], [ -72.948991883447903, 5.122489626989558 ], [ -72.942384733427687, 5.119941303884127 ], [ -72.937245838967513, 5.11394524951841 ], [ -72.934456153403417, 5.105700674765548 ], [ -72.928583131163236, 5.099704620399831 ], [ -72.921535504475003, 5.099254916322402 ], [ -72.909348983326595, 5.103452154378403 ], [ -72.905825169982478, 5.095057678266399 ], [ -72.905825169982478, 5.079018232838105 ], [ -72.903769612198417, 5.067925532261527 ], [ -72.909055332214592, 5.064627702360382 ], [ -72.916249784458827, 5.056832831684949 ], [ -72.920801376694982, 5.054584311297806 ], [ -72.928436305607221, 5.047239144699803 ], [ -72.92961091005526, 5.038394964510368 ], [ -72.925646620043139, 5.032099107426364 ], [ -72.929757735611275, 5.026402855778934 ], [ -72.939154571195573, 5.022955124518647 ], [ -72.952809347904022, 5.009613903554924 ], [ -72.956920463472159, 5.002868342393492 ], [ -72.95706728902816, 4.996872288027775 ], [ -72.966170473500455, 4.9910261350212 ], [ -72.969987937956589, 4.985929488810339 ], [ -72.970428414624607, 4.979633631726336 ], [ -72.975273657972764, 4.974686886874619 ], [ -72.9793847735409, 4.980533039881194 ], [ -72.988194306901178, 4.985929488810339 ], [ -72.99949987471355, 4.989527121429771 ], [ -73.004638769173724, 4.997022189386917 ], [ -73.010952268081923, 4.997621794823488 ], [ -73.014916558094058, 5.002118835597778 ], [ -73.021230057002271, 4.994923570358917 ], [ -73.02313878923033, 4.988777614634055 ], [ -73.030773718142584, 4.981432448036052 ], [ -73.029305462582528, 4.969890043382045 ], [ -73.035765787046742, 4.96194527134747 ], [ -73.03811499594282, 4.955649414263466 ], [ -73.042079285954955, 4.937661251166314 ], [ -73.049126912643175, 4.922221411174591 ], [ -73.04736500597113, 4.910379203802299 ], [ -73.047658657083133, 4.901834826331151 ], [ -73.042079285954955, 4.890292421677144 ], [ -73.04134515817492, 4.879049819741424 ], [ -73.045603099299058, 4.872604061298278 ], [ -73.052357074875289, 4.868406823242275 ], [ -73.051329295983251, 4.86196106479913 ], [ -73.061607084903585, 4.855065602278555 ], [ -73.060726131567563, 4.849968956067694 ], [ -73.068214234923801, 4.838276650054545 ], [ -73.069242013815838, 4.826884146759682 ], [ -73.071297571599914, 4.826284541323111 ], [ -73.077464244952111, 4.812193813563673 ], [ -73.076583291616075, 4.807546871430243 ], [ -73.070122967151875, 4.802150422501097 ], [ -73.071884873823933, 4.795254959980523 ], [ -73.064984072691701, 4.791507426001949 ], [ -73.060579306011562, 4.783562653967373 ], [ -73.060138829343543, 4.778765810474799 ], [ -73.05441263265935, 4.773669164263938 ], [ -73.044868971519037, 4.751183960392498 ], [ -73.046777703747097, 4.744288497871923 ], [ -73.05250390043129, 4.736343725837346 ], [ -73.055880888219406, 4.736793429914775 ], [ -73.062047561571603, 4.731846685063059 ], [ -73.072472176047938, 4.738142542147062 ], [ -73.07863884940015, 4.726450236133913 ], [ -73.072031699379934, 4.719854576331623 ], [ -73.080400756072208, 4.70891177711419 ], [ -73.079666628292188, 4.7044147363399 ], [ -73.085686476088384, 4.698268780615041 ], [ -73.091412672772563, 4.688824994989035 ], [ -73.089944417212521, 4.681629729750175 ], [ -73.091412672772563, 4.676233280821028 ], [ -73.100222206132855, 4.669487719659597 ], [ -73.103305542808954, 4.661243144906735 ], [ -73.112702378393266, 4.661243144906735 ], [ -73.120924609529538, 4.671436437328455 ], [ -73.127531759549754, 4.665590284321881 ], [ -73.132817479565929, 4.665140580244452 ], [ -73.147353209610401, 4.655396991900161 ], [ -73.154254010742619, 4.657345709569019 ], [ -73.15968655631481, 4.662442355779878 ], [ -73.181857215271535, 4.66813860742731 ], [ -73.189345318627772, 4.672185944124169 ], [ -73.193456434195909, 4.672185944124169 ], [ -73.207845338684379, 4.680580420236173 ], [ -73.215773918708635, 4.676832886257601 ], [ -73.223555673176904, 4.678631702567315 ], [ -73.226785835409004, 4.686126770524463 ], [ -73.234420764321257, 4.694371345277324 ], [ -73.228547742081062, 4.70996108662819 ], [ -73.228254090969045, 4.714907831479906 ], [ -73.21973820872077, 4.724951222542484 ], [ -73.222968370952884, 4.733345698654488 ], [ -73.232071555425179, 4.734395008168488 ], [ -73.236329496549317, 4.736793429914775 ], [ -73.248222366585708, 4.733195797295346 ], [ -73.257178725502001, 4.738742147583634 ], [ -73.262611271074178, 4.736793429914775 ], [ -73.269071595538392, 4.740690865252492 ], [ -73.281258116686786, 4.726899940211342 ], [ -73.283166848914846, 4.72225299807791 ], [ -73.291095428939116, 4.723752011669339 ], [ -73.295353370063253, 4.727649447007056 ], [ -73.301960520083469, 4.728548855161914 ], [ -73.306365286763608, 4.73139698098563 ], [ -73.308861321215687, 4.739641555738491 ], [ -73.306071635651605, 4.744588300590208 ], [ -73.310329576775743, 4.75283287534307 ], [ -73.310035925663726, 4.759278633786216 ], [ -73.313412913451842, 4.764824984074505 ], [ -73.31385339011986, 4.770521235721938 ], [ -73.320901016808094, 4.775917684651083 ], [ -73.324865306820215, 4.782063640375942 ], [ -73.329857375724387, 4.783112949889945 ], [ -73.333821665736508, 4.78850939881909 ], [ -73.352762162461133, 4.795854565417094 ], [ -73.357754231365291, 4.794955157262236 ], [ -73.364655032497524, 4.799152395318239 ], [ -73.371849484741759, 4.800801310268811 ], [ -73.372289961409777, 4.811144504049673 ], [ -73.36744471806162, 4.818939374725105 ], [ -73.365682811389561, 4.825385133168253 ], [ -73.371849484741759, 4.827483752196254 ], [ -73.375373298085876, 4.831830891611399 ], [ -73.374639170305855, 4.839775663645974 ], [ -73.383301878110132, 4.84817013975798 ], [ -73.391230458134388, 4.848919646553694 ], [ -73.392992364806446, 4.855065602278555 ], [ -73.393432841474464, 4.866008401495988 ], [ -73.396075701482545, 4.867657316446562 ], [ -73.401948723722739, 4.879949227896282 ], [ -73.414135244871147, 4.88084863605114 ], [ -73.421036046003366, 4.879349622459711 ], [ -73.431754311591718, 4.881448241487711 ], [ -73.43733368271991, 4.887144493135144 ], [ -73.446436867192205, 4.889842717599715 ], [ -73.451575761652379, 4.882947255079141 ], [ -73.469635305040967, 4.892690843423432 ], [ -73.472278165049048, 4.890292421677144 ], [ -73.486667069537518, 4.890892027113718 ], [ -73.49415517289377, 4.883996564593141 ], [ -73.502524229586044, 4.883546860515712 ], [ -73.513829797398415, 4.879349622459711 ], [ -73.520877424086649, 4.878899918382282 ], [ -73.524548062986767, 4.892241139346003 ], [ -73.532770294123026, 4.891191829832002 ], [ -73.53864331636322, 4.896588278761148 ], [ -73.541726653039319, 4.907680979337726 ], [ -73.541139350815314, 4.911128710598013 ], [ -73.546718721943492, 4.923570523406878 ], [ -73.546865547499493, 4.930465985927452 ], [ -73.544222687491413, 4.945006417764318 ], [ -73.540845699703297, 4.949803261256892 ], [ -73.533798073015063, 4.953850597953751 ], [ -73.524107586318749, 4.973487676001477 ], [ -73.518675040746572, 4.979483730367193 ], [ -73.516913134074514, 4.990576430943771 ], [ -73.510159158498283, 4.992824951330916 ], [ -73.510305984054298, 4.997921597541775 ], [ -73.515738529626475, 5.00376775054835 ], [ -73.517794087410536, 5.011112917146353 ], [ -73.521905202978672, 5.017558675589501 ], [ -73.521758377422671, 5.028351573447792 ], [ -73.516032180738478, 5.035396937327509 ], [ -73.502524229586044, 5.039744076742655 ], [ -73.496210730677831, 5.039893978101799 ], [ -73.486226592869514, 5.050836777319232 ], [ -73.487548022873554, 5.058931450712952 ], [ -73.479913093961301, 5.063728294205526 ], [ -73.482262302857379, 5.083215470894108 ], [ -73.484171035085438, 5.089061623900682 ], [ -73.488428976209576, 5.09250935516097 ], [ -73.494595649561774, 5.106300280202119 ], [ -73.491071836217671, 5.120391007961556 ], [ -73.49165913844169, 5.128935385432704 ], [ -73.484758337309458, 5.142876211832998 ], [ -73.47727023395322, 5.148122759402999 ], [ -73.481675000633359, 5.153968912409575 ], [ -73.492980568445731, 5.154118813768718 ], [ -73.503698834034083, 5.151720392022431 ], [ -73.511921065170355, 5.162363388521579 ], [ -73.50986550738628, 5.171657272788441 ], [ -73.511921065170355, 5.177953129872445 ], [ -73.508250426270223, 5.185148395111306 ], [ -73.510305984054298, 5.187996520935022 ], [ -73.521905202978672, 5.192193758991023 ], [ -73.52352028409473, 5.200438333743885 ], [ -73.521905202978672, 5.210631626165605 ], [ -73.524548062986767, 5.214079357425892 ], [ -73.52352028409473, 5.22052511586904 ], [ -73.515151227402455, 5.231318013727331 ], [ -73.516766308518513, 5.234465942269332 ], [ -73.523960760762748, 5.237314068093048 ], [ -73.527778225218867, 5.244509333331909 ], [ -73.526897271882845, 5.258899863809632 ], [ -73.531302038562984, 5.265045819534492 ], [ -73.533798073015063, 5.272091183414211 ], [ -73.531889340787004, 5.277937336420785 ], [ -73.536734584135161, 5.285432404377931 ], [ -73.543194908599375, 5.288730234279076 ], [ -73.549802058619591, 5.297724315827653 ], [ -73.556702859751823, 5.299523132137367 ], [ -73.56727429978416, 5.304619778348228 ], [ -73.577258437592491, 5.301471849806226 ], [ -73.589151307628882, 5.307467904171944 ], [ -73.589885435408902, 5.310016227277374 ], [ -73.599429096549216, 5.318860407466807 ], [ -73.599282270993214, 5.321858434649665 ], [ -73.593996550977039, 5.329203601247669 ], [ -73.593702899865036, 5.33789788007796 ], [ -73.590619563188923, 5.344043835802821 ], [ -73.593262423197018, 5.346891961626537 ], [ -73.59473067875706, 5.361132590745116 ], [ -73.599429096549216, 5.370276573652835 ], [ -73.598694968769195, 5.378371247046554 ], [ -73.590032260964904, 5.389913651700561 ], [ -73.594290202089041, 5.400256845481423 ], [ -73.611615617697623, 5.405353491692282 ], [ -73.617782291049821, 5.404304182178282 ], [ -73.626885475522116, 5.412698658290286 ], [ -73.640980728898583, 5.417945205860289 ], [ -73.647441053362797, 5.41539688275486 ], [ -73.653754552270996, 5.417795304501147 ], [ -73.655369633387053, 5.426189780613151 ], [ -73.671814095659585, 5.433385045852012 ], [ -73.6784212456798, 5.434734158084299 ], [ -73.675044257891699, 5.442229226041445 ], [ -73.679155373459835, 5.454071433413739 ], [ -73.69016729016019, 5.447475773611449 ], [ -73.696627614624404, 5.446726266815735 ], [ -73.706758577988737, 5.455870249723453 ], [ -73.71953240136115, 5.458868276906313 ], [ -73.717330018021073, 5.46591364078603 ], [ -73.717917320245107, 5.476256834566892 ], [ -73.728341934721442, 5.479104960390608 ], [ -73.734949084741658, 5.47250930058832 ], [ -73.74317131587793, 5.469061569328033 ], [ -73.747135605890051, 5.489598055530615 ], [ -73.759028475926442, 5.48480121203804 ], [ -73.768865788178772, 5.486600028347756 ], [ -73.782667390443223, 5.499791347952335 ], [ -73.785457076007319, 5.505637500958909 ], [ -73.791623749359516, 5.531420534731494 ], [ -73.788687238239419, 5.545811065209217 ], [ -73.789861842687458, 5.553156231807221 ], [ -73.79999280605179, 5.563499425588083 ], [ -73.804691223843946, 5.571444197622658 ], [ -73.818052349440379, 5.554205541321221 ], [ -73.831119823924809, 5.553006330448077 ], [ -73.838901578393063, 5.54701027608236 ], [ -73.848885716201394, 5.54341264346293 ], [ -73.853730959549551, 5.538315997252069 ], [ -73.857548424005671, 5.531120732013208 ], [ -73.868853991818042, 5.532469844245495 ], [ -73.875020665170254, 5.526173987161491 ], [ -73.884564326310567, 5.522576354542061 ], [ -73.890584174106763, 5.512682864838626 ], [ -73.897925451907, 5.523475762696919 ], [ -73.897631800794983, 5.528422507548636 ], [ -73.904973078595233, 5.529321915703494 ], [ -73.911286577503432, 5.522726255901204 ], [ -73.91099292639143, 5.514781483866629 ], [ -73.906294508599274, 5.506986613191196 ], [ -73.909524670831374, 5.500241052029764 ], [ -73.908937368607354, 5.494244997664045 ], [ -73.904826253039232, 5.492596082713473 ], [ -73.902917520811158, 5.486899831066041 ], [ -73.904385776371214, 5.482252888932611 ], [ -73.901596090807118, 5.475357426412036 ], [ -73.903798474147194, 5.453022123899738 ], [ -73.9011556141391, 5.447775576329735 ], [ -73.905413555263237, 5.445976760020019 ], [ -73.912461181951471, 5.43218583497887 ], [ -73.9253818308799, 5.439980705654302 ], [ -73.929933423116054, 5.439531001576873 ], [ -73.942119944264448, 5.434134552647728 ], [ -73.947112013168606, 5.42409116158515 ], [ -73.947552489836625, 5.418095107219433 ], [ -73.956949325420936, 5.421542838479721 ], [ -73.964731079889191, 5.422142443916292 ], [ -73.972953311025464, 5.419294318092576 ], [ -73.981469193273739, 5.403554675382568 ], [ -73.983965227725818, 5.395759804707136 ], [ -73.982643797721778, 5.390663158496275 ], [ -73.986314436621896, 5.387215427235987 ], [ -73.990572377746034, 5.375523121222838 ], [ -73.998647783326305, 5.370726277730264 ], [ -73.999675562218329, 5.367578349188263 ], [ -74.00965970002666, 5.368327855983977 ], [ -74.019937488946994, 5.366079335596832 ], [ -74.023608127847112, 5.370426475011977 ], [ -74.023754953403127, 5.381519175588555 ], [ -74.021993046731069, 5.386465920440272 ], [ -74.031683533427383, 5.387515229954274 ], [ -74.040493066787676, 5.393061580242562 ], [ -74.044897833467815, 5.404304182178282 ], [ -74.055616099056166, 5.401456056354566 ], [ -74.061929597964379, 5.405353491692282 ], [ -74.067949445760576, 5.405053688973998 ], [ -74.073528816888754, 5.408201617515998 ], [ -74.080429618020986, 5.416745994987147 ], [ -74.092762964725381, 5.437282481189729 ], [ -74.097608208073538, 5.440130607013445 ], [ -74.094084394729435, 5.449874195357736 ], [ -74.097020905849519, 5.459617783702027 ], [ -74.094818522509456, 5.466363344863459 ], [ -74.098048684741556, 5.469811076123746 ], [ -74.109501078109929, 5.473258807384034 ], [ -74.116401879242161, 5.474158215538892 ], [ -74.113024891454046, 5.46696295030003 ], [ -74.119778867030277, 5.449274589921164 ], [ -74.123155854818378, 5.429037906436867 ], [ -74.128735225946571, 5.429937314591725 ], [ -74.13710428263883, 5.443278535555446 ], [ -74.143858258215062, 5.448525083125449 ], [ -74.151052710459297, 5.444327845069448 ], [ -74.159128116039554, 5.44807537904802 ], [ -74.172048764967982, 5.460517191856884 ], [ -74.17762813609616, 5.459617783702027 ], [ -74.182326553888316, 5.463665120398885 ], [ -74.186584495012454, 5.47355861010232 ], [ -74.194219423924707, 5.486600028347756 ], [ -74.201854352836961, 5.496943222128619 ], [ -74.214334525097371, 5.498292334360905 ], [ -74.225786918465744, 5.490347562326328 ], [ -74.232540894041961, 5.480154269904609 ], [ -74.244580589634353, 5.476256834566892 ], [ -74.25412425077468, 5.489148351453186 ], [ -74.254417901886683, 5.497992531642619 ], [ -74.251040914098567, 5.502189769698622 ], [ -74.251334565210584, 5.506986613191196 ], [ -74.245608368526391, 5.522576354542061 ], [ -74.245902019638407, 5.53217004152721 ], [ -74.240322648510215, 5.539215405406927 ], [ -74.24296550851831, 5.544761755695215 ], [ -74.249719484094527, 5.547459980159789 ], [ -74.250600437430563, 5.550757810060934 ], [ -74.259556796346857, 5.559751891609509 ], [ -74.272477445275271, 5.560501398405225 ], [ -74.283048885307622, 5.566347551411799 ], [ -74.291711593111899, 5.569195677235515 ], [ -74.297731440908109, 5.57504183024209 ], [ -74.302136207588248, 5.585385024022952 ], [ -74.305806846488366, 5.604872200711534 ], [ -74.310211613168505, 5.618813027111828 ], [ -74.315056856516676, 5.623010265167831 ], [ -74.309477485388484, 5.628706516815261 ], [ -74.306100497600383, 5.638450105159552 ], [ -74.308596532052462, 5.647144383989843 ], [ -74.293620325339973, 5.65973609815785 ], [ -74.293033023115953, 5.663333730777281 ], [ -74.285104443091683, 5.66378343485471 ], [ -74.28348936197564, 5.679523077564718 ], [ -74.278056816403463, 5.688667060472437 ], [ -74.277175863067427, 5.696312029788728 ], [ -74.279965548631523, 5.699160155612444 ], [ -74.293326674227956, 5.701708478717873 ], [ -74.296263185348053, 5.706355420851303 ], [ -74.304191765372309, 5.709653250752448 ], [ -74.301255254252212, 5.715199601040738 ], [ -74.302283033144249, 5.724193682589314 ], [ -74.287160000875758, 5.745479675587611 ], [ -74.288921907547817, 5.749976716361899 ], [ -74.295822708680035, 5.754623658495331 ], [ -74.295088580900014, 5.762118726452477 ], [ -74.307128276492406, 5.771862314796768 ], [ -74.307715578716426, 5.778158171880771 ], [ -74.311679868728561, 5.785053634401346 ], [ -74.301402079808227, 5.791499392844494 ], [ -74.302870335368269, 5.799893868956498 ], [ -74.310358438724521, 5.798844559442498 ], [ -74.315350507628679, 5.801692685266214 ], [ -74.318287018748777, 5.808887950505075 ], [ -74.317846542080758, 5.813834695356792 ], [ -74.324747343212991, 5.81938104564508 ], [ -74.327096552109069, 5.823728185060225 ], [ -74.333997353241287, 5.827325817679657 ], [ -74.335025132133325, 5.83721930738309 ], [ -74.346330699945696, 5.8306236475808 ], [ -74.345890223277678, 5.82342838234194 ], [ -74.354259279969952, 5.813534892638505 ], [ -74.359544999986127, 5.811885977687933 ], [ -74.372171997802539, 5.800793277111356 ], [ -74.388322808963068, 5.781605903141059 ], [ -74.394195831203263, 5.784304127605632 ], [ -74.404473620123596, 5.779057580035629 ], [ -74.411227595699827, 5.773511229747341 ], [ -74.412255374591851, 5.769763695768767 ], [ -74.418568873500064, 5.770063498487054 ], [ -74.422973640180203, 5.764667049557906 ], [ -74.431783173540495, 5.758521093833047 ], [ -74.433838731324556, 5.761369219656763 ], [ -74.441326834680808, 5.760020107424476 ], [ -74.440592706900787, 5.765416556353622 ], [ -74.447640333589021, 5.764816950917051 ], [ -74.456303041393298, 5.766915569945051 ], [ -74.461735586965474, 5.766465865867622 ], [ -74.462029238077491, 5.77396093382477 ], [ -74.471279248105787, 5.776659158289342 ], [ -74.481263385914119, 5.775909651493628 ], [ -74.487136408154313, 5.772012216155912 ], [ -74.490366570386414, 5.780256790908774 ], [ -74.500938010418764, 5.779207481394772 ], [ -74.505489602654905, 5.785653239837919 ], [ -74.510922148227095, 5.783704522169061 ], [ -74.512977706011156, 5.789550675175636 ], [ -74.517235647135294, 5.791199590126207 ], [ -74.523989622711511, 5.786102943915348 ], [ -74.530156296063723, 5.790599984689636 ], [ -74.533826934963841, 5.786552647992777 ], [ -74.539406306092019, 5.78520353576049 ], [ -74.541755514988097, 5.778457974599058 ], [ -74.55071187390439, 5.773061525669912 ], [ -74.551005525016407, 5.764966852276193 ], [ -74.564072999500837, 5.757771587037332 ], [ -74.567303161732937, 5.758221291114761 ], [ -74.578608729545309, 5.751625631312472 ], [ -74.584922228453507, 5.758970797910476 ], [ -74.591529378473737, 5.754773559854473 ], [ -74.592703982921762, 5.747128590538183 ], [ -74.598723830717972, 5.743680859277895 ], [ -74.601513516282054, 5.747728195974756 ], [ -74.611204002978383, 5.751775532671615 ], [ -74.611350828534384, 5.757022080241618 ], [ -74.620013536338661, 5.758820896551332 ], [ -74.626033384134857, 5.756872178882474 ], [ -74.627795290806915, 5.762118726452477 ], [ -74.638513556395267, 5.754923461213616 ], [ -74.639688160843306, 5.741282437531608 ], [ -74.643946101967444, 5.735136481806749 ], [ -74.652021507547715, 5.740532930735895 ], [ -74.651140554211679, 5.749077308207041 ], [ -74.654077065331776, 5.753724250340473 ], [ -74.660977866464009, 5.752375138108186 ], [ -74.664942156476144, 5.768564484895623 ], [ -74.660831040908008, 5.778457974599058 ], [ -74.653342937551756, 5.786552647992777 ], [ -74.650406426431658, 5.792998406435923 ], [ -74.647176264199558, 5.808438246427646 ], [ -74.651434205323696, 5.824027987778511 ], [ -74.650993728655678, 5.833022069327087 ], [ -74.638073079727263, 5.86630017105682 ], [ -74.633815138603111, 5.872895830859108 ], [ -74.624124651906797, 5.882339616485114 ], [ -74.612378607426422, 5.889534881723976 ], [ -74.60679923629823, 5.891633500751976 ], [ -74.596668272933897, 5.892383007547692 ], [ -74.590354774025698, 5.894631527934835 ], [ -74.585362705121526, 5.903026004046839 ], [ -74.584041275117485, 5.913369197827703 ], [ -74.585656356233542, 5.925061503840852 ], [ -74.590354774025698, 5.929108840537711 ], [ -74.596815098489898, 5.929708445974282 ], [ -74.602247644062089, 5.938552626163717 ], [ -74.608267491858285, 5.945448088684292 ], [ -74.60753336407825, 5.95504177566944 ], [ -74.612819084094426, 5.965834673527731 ], [ -74.610469875198348, 5.973329741484878 ], [ -74.603422248510128, 5.98112461216031 ], [ -74.594172238481818, 5.985921455652885 ], [ -74.585950007345545, 5.982773527110884 ], [ -74.578608729545309, 5.983073329829169 ], [ -74.568918242848994, 5.986970765166885 ], [ -74.564219825056838, 5.993716326328317 ], [ -74.562751569496783, 6.001960901081179 ], [ -74.567303161732937, 6.016501332918044 ], [ -74.571561102857075, 6.034489496015197 ], [ -74.571267451745072, 6.042883972127203 ], [ -74.56377934838882, 6.068367203181501 ], [ -74.561723790604759, 6.078260692884935 ], [ -74.566715859508918, 6.081258720067795 ], [ -74.576259520649231, 6.08260783230008 ], [ -74.584481751785503, 6.08815418258837 ], [ -74.597842877381936, 6.106142345685522 ], [ -74.603862725178132, 6.111538794614668 ], [ -74.609295270750309, 6.119633468008387 ], [ -74.611644479646387, 6.126678831888104 ], [ -74.608414317414287, 6.13867094061954 ], [ -74.602394469618091, 6.145116699062686 ], [ -74.600192086278014, 6.153810977892976 ], [ -74.596961924045914, 6.159956933617837 ], [ -74.588886518465642, 6.166102889342697 ], [ -74.583600798449467, 6.176146280405274 ], [ -74.579342857325329, 6.18708907962271 ], [ -74.57493809064519, 6.192035824474426 ], [ -74.571120626189057, 6.20702596038872 ], [ -74.573469835085135, 6.215720239219011 ], [ -74.561576965048744, 6.230260671055876 ], [ -74.552326955020447, 6.237755739013022 ], [ -74.543811072772172, 6.250347453181029 ], [ -74.539553131648034, 6.264288279581323 ], [ -74.533826934963841, 6.269684728510469 ], [ -74.526632482719606, 6.273582163848185 ], [ -74.528834866059682, 6.262789265989894 ], [ -74.524723750491546, 6.26009104152532 ], [ -74.52061263492341, 6.250497354540172 ], [ -74.522521367151469, 6.243751793378739 ], [ -74.511215799339098, 6.230410572415018 ], [ -74.513124531567158, 6.223964813971873 ], [ -74.505489602654905, 6.213621620191009 ], [ -74.499322929302707, 6.21317191611358 ], [ -74.49389038373053, 6.208075269902721 ], [ -74.487283233710315, 6.204927341360718 ], [ -74.482878467030176, 6.199830695149859 ], [ -74.475390363673924, 6.20402793320586 ], [ -74.469810992545746, 6.196982569326143 ], [ -74.473334805889863, 6.194584147579856 ], [ -74.474656235893903, 6.186339572826994 ], [ -74.472894329221845, 6.179893814383848 ], [ -74.477739572570002, 6.156659103716692 ], [ -74.46966416698973, 6.154410583329548 ], [ -74.461148284741455, 6.143167981393828 ], [ -74.45263240249318, 6.135672913436681 ], [ -74.455422088057276, 6.126379029169819 ], [ -74.449842716929084, 6.104793233453235 ], [ -74.451751449157143, 6.099246883164947 ], [ -74.442207788016844, 6.092651223362657 ], [ -74.432810952432533, 6.090552604334657 ], [ -74.431049045760474, 6.087254774433512 ], [ -74.419890303504104, 6.086805070356083 ], [ -74.411814897923847, 6.088453985306654 ], [ -74.400802981223478, 6.079160101039792 ], [ -74.399481551219438, 6.074063454828933 ], [ -74.400949806779479, 6.06776759774493 ], [ -74.397866470103381, 6.060872135224355 ], [ -74.389497413411107, 6.056225193090923 ], [ -74.384211693394931, 6.049329730570348 ], [ -74.383037088946892, 6.040335649021771 ], [ -74.378779147822755, 6.039586142226057 ], [ -74.368941835570439, 6.046631506105775 ], [ -74.365271196670321, 6.046031900669203 ], [ -74.361894208882205, 6.0397360435852 ], [ -74.355140233305988, 6.040635451740058 ], [ -74.347358478837734, 6.038986536789486 ], [ -74.343981491049618, 6.046781407464919 ], [ -74.344128316605619, 6.05202795503492 ], [ -74.337961643253422, 6.058323812118924 ], [ -74.337814817697421, 6.062521050174927 ], [ -74.329445761005147, 6.064469767843785 ], [ -74.319755274308818, 6.070615723568646 ], [ -74.31476320540466, 6.068067400463215 ], [ -74.31226717095258, 6.072864243955789 ], [ -74.303457637592288, 6.074363257547218 ], [ -74.302136207588248, 6.081708424145224 ], [ -74.298025092020112, 6.084106845891509 ], [ -74.288481430879798, 6.079609805117221 ], [ -74.286866349763741, 6.082457930940937 ], [ -74.25867584301082, 6.065519077357785 ], [ -74.2579417152308, 6.060422431146926 ], [ -74.263374260802976, 6.044382985718632 ], [ -74.262199656354937, 6.037637424557199 ], [ -74.263814737470994, 6.030292257959196 ], [ -74.258969494122837, 6.017400741072902 ], [ -74.260731400794896, 6.015452023404044 ], [ -74.246636147418428, 5.994016129046604 ], [ -74.238707567394172, 5.988020074680887 ], [ -74.226374220689763, 5.974678853717164 ], [ -74.222263105121627, 5.967933292555732 ], [ -74.22857660402984, 5.956990493338298 ], [ -74.231659940705939, 5.954891874310296 ], [ -74.236798835166098, 5.945148285966005 ], [ -74.237679788502135, 5.935704500340001 ], [ -74.235183754050055, 5.932406670438856 ], [ -74.2272551740258, 5.930907656847427 ], [ -74.224612314017705, 5.923712391608565 ], [ -74.228282952917823, 5.917116731806275 ], [ -74.22798930180582, 5.912319888313703 ], [ -74.238854392950174, 5.897179851040264 ], [ -74.243112334074311, 5.897629555117693 ], [ -74.252655995214624, 5.891933303470263 ], [ -74.258235366342802, 5.883239024639972 ], [ -74.265136167475035, 5.879041786583969 ], [ -74.272917921943289, 5.872146324063395 ], [ -74.27423935194733, 5.864201552028818 ], [ -74.269834585267191, 5.860603919409388 ], [ -74.270275061935209, 5.854457963684527 ], [ -74.266017120811057, 5.834521082918516 ], [ -74.24428693852235, 5.833471773404516 ], [ -74.226080569577761, 5.839018123692806 ], [ -74.224759139573706, 5.846363290290809 ], [ -74.221822628453609, 5.846812994368238 ], [ -74.214628176209374, 5.853858358247956 ], [ -74.208461502857176, 5.854008259607098 ], [ -74.202294829504979, 5.851160133783384 ], [ -74.195247202816745, 5.855657174557671 ], [ -74.194219423924707, 5.865400762901962 ], [ -74.199064667272864, 5.86989780367625 ], [ -74.197743237268824, 5.877992477069969 ], [ -74.193485296144686, 5.878891885224827 ], [ -74.189667831688567, 5.88413843279483 ], [ -74.190108308356571, 5.889684783083118 ], [ -74.187318622792489, 5.898828765990838 ], [ -74.180417821660257, 5.911120677440558 ], [ -74.17366384608404, 5.906173932588842 ], [ -74.172782892748003, 5.902876102687697 ], [ -74.166175742727788, 5.89792935783598 ], [ -74.153989221579394, 5.891483599392834 ], [ -74.147675722671181, 5.889984585801405 ], [ -74.140628095982947, 5.884438235513115 ], [ -74.133286818182711, 5.875893858041969 ], [ -74.112878065898045, 5.875594055323682 ], [ -74.106858218101848, 5.878741983865683 ], [ -74.099957416969616, 5.872146324063395 ], [ -74.100691544749651, 5.868398790084821 ], [ -74.091588360277342, 5.858505300381387 ], [ -74.089239151381264, 5.849811021551097 ], [ -74.089092325825263, 5.841566446798235 ], [ -74.081751048025026, 5.837519110101376 ], [ -74.079255013572947, 5.830473746221657 ], [ -74.081310571357008, 5.824927395933369 ], [ -74.079255013572947, 5.818481637490222 ], [ -74.072354212440715, 5.819231144285937 ], [ -74.064425632416459, 5.815333708948221 ], [ -74.059580389068302, 5.82043035515908 ], [ -74.049155774591952, 5.817282426617079 ], [ -74.038584334559602, 5.812185780406218 ], [ -74.03388591676746, 5.811586174969647 ], [ -74.026397813411208, 5.807089134195359 ], [ -74.028159720083266, 5.803641402935072 ], [ -74.02081844228303, 5.781905705859345 ], [ -74.016413675602877, 5.776059552852771 ], [ -74.0109811300307, 5.774410637902199 ], [ -74.014064466706799, 5.764966852276193 ], [ -74.0077509677986, 5.762718331889048 ], [ -73.998794608882307, 5.748927406847899 ], [ -73.997766829990269, 5.741282437531608 ], [ -73.99145333108207, 5.733937270933605 ], [ -73.991600156638071, 5.72914042744103 ], [ -73.987195389957918, 5.727191709772172 ], [ -73.982643797721778, 5.720895852688169 ], [ -73.976330298813565, 5.725093090744171 ], [ -73.975302519921541, 5.728990526081888 ], [ -73.961941394325095, 5.739483621221894 ], [ -73.954012814300839, 5.739783423940179 ], [ -73.945056455384545, 5.736035889961605 ], [ -73.925528656435901, 5.743081253841324 ], [ -73.921123889755762, 5.737684804912178 ], [ -73.915838169739587, 5.736635495398178 ], [ -73.904532601927215, 5.740083226658466 ], [ -73.899100056355039, 5.737834706271321 ], [ -73.890143697438745, 5.737385002193892 ], [ -73.885738930758606, 5.735136481806749 ], [ -73.887794488542667, 5.730039835595888 ], [ -73.884123849642549, 5.722844570357027 ], [ -73.877223048510317, 5.722994471716171 ], [ -73.877810350734336, 5.717747924146168 ], [ -73.883096070750511, 5.707554631724448 ], [ -73.874286537390219, 5.708004335801877 ], [ -73.861953190685824, 5.711002362984735 ], [ -73.856961121781652, 5.717298220068739 ], [ -73.854024610661554, 5.726442202976458 ], [ -73.842865868405198, 5.736635495398178 ], [ -73.837139671721005, 5.739783423940179 ], [ -73.823484895012555, 5.74038302937675 ], [ -73.819226953888418, 5.737534903553036 ], [ -73.819226953888418, 5.715349502399881 ], [ -73.812472978312201, 5.714899798322452 ], [ -73.80381027050791, 5.7244934853076 ], [ -73.794266609367597, 5.729440230159317 ], [ -73.790008668243459, 5.739933325299323 ], [ -73.782226913775204, 5.746828787819898 ], [ -73.764901498166637, 5.771712413437625 ], [ -73.754036407022284, 5.771112808001054 ], [ -73.751246721458187, 5.768714386254767 ], [ -73.735976863633695, 5.772461920233341 ], [ -73.731718922509558, 5.770063498487054 ], [ -73.725699074713361, 5.770813005282768 ], [ -73.717917320245107, 5.77501024333877 ], [ -73.71439350690099, 5.781755804500203 ], [ -73.710869693556873, 5.7765092569302 ], [ -73.701472857972561, 5.769313991691338 ], [ -73.693691103504307, 5.757621685678189 ], [ -73.684294267919995, 5.751026025875899 ], [ -73.680476803463876, 5.751625631312472 ], [ -73.672841874551622, 5.748327801411327 ], [ -73.667702980091448, 5.738434311707892 ], [ -73.663738690079327, 5.72809111792703 ], [ -73.651405343374918, 5.714450094245023 ], [ -73.646853751138764, 5.71325088337188 ], [ -73.638778345558507, 5.724043781230171 ], [ -73.63598865999441, 5.737984607630463 ], [ -73.63143706775827, 5.740832733454179 ], [ -73.62952833553021, 5.747428393256469 ], [ -73.628941033306177, 5.762568430529906 ], [ -73.626004522186093, 5.76841458353648 ], [ -73.626298173298096, 5.78115619906363 ], [ -73.629234684418194, 5.789550675175636 ], [ -73.6202783255019, 5.818481637490222 ], [ -73.61895689549786, 5.827175916320512 ], [ -73.614111652149703, 5.835120688355089 ], [ -73.607651327685488, 5.848611810677952 ], [ -73.600163224329236, 5.869448099598821 ], [ -73.60530211878941, 5.879041786583969 ], [ -73.611321966585606, 5.887136459977689 ], [ -73.630409288866232, 5.894181823857406 ], [ -73.63143706775827, 5.905724228511413 ], [ -73.63598865999441, 5.909621663849129 ], [ -73.630702939978235, 5.915617718214846 ], [ -73.626298173298096, 5.916517126369704 ], [ -73.621746581061942, 5.924461898404281 ], [ -73.614845779929723, 5.925811010636566 ], [ -73.607504502129487, 5.930907656847427 ], [ -73.602806084337331, 5.93825282344543 ], [ -73.596198934317115, 5.954592071592011 ], [ -73.59091321430094, 5.965384969450302 ], [ -73.591940993192964, 5.980375105364597 ], [ -73.588564005404862, 5.989369186913172 ], [ -73.585921145396767, 6.006308040496324 ], [ -73.581956855384647, 6.012004292143756 ], [ -73.572853670912338, 6.014402713890044 ], [ -73.565512393112101, 6.01830014922776 ], [ -73.559052068647901, 6.026694625339764 ], [ -73.559492545315905, 6.028943145726909 ], [ -73.54774650083553, 6.031941172909767 ], [ -73.539671095255258, 6.037487523198055 ], [ -73.534972677463102, 6.049029927852062 ], [ -73.527484574106865, 6.058323812118924 ], [ -73.527631399662866, 6.067167992308359 ], [ -73.525575841878791, 6.077661087448363 ], [ -73.522639330758693, 6.077361284730078 ], [ -73.517794087410536, 6.085306056764654 ], [ -73.513829797398415, 6.087254774433512 ], [ -73.513242495174396, 6.099546685883232 ], [ -73.504139310702101, 6.105692641608093 ], [ -73.49738533512587, 6.10809106335438 ], [ -73.489750406213616, 6.101645304911234 ], [ -73.471544037269027, 6.095049645108944 ], [ -73.458182911672594, 6.084556549968938 ], [ -73.453484493880438, 6.078560495603221 ], [ -73.447317820528227, 6.077810988807506 ], [ -73.438361461611933, 6.071515131723504 ], [ -73.429698753807656, 6.068517104540644 ], [ -73.421770173783386, 6.071814934441789 ], [ -73.411786035975069, 6.06012262842864 ], [ -73.406793967070911, 6.059073318914639 ], [ -73.403123328170778, 6.054426376781207 ], [ -73.406206664846877, 6.05097864552092 ], [ -73.399159038158658, 6.045582196591774 ], [ -73.394901097034506, 6.037787325916342 ], [ -73.389174900350326, 6.030891863395767 ], [ -73.387706644790285, 6.023096992720334 ], [ -73.377722506981954, 6.010355377193185 ], [ -73.371409008073741, 6.006158139137182 ], [ -73.371409008073741, 5.991617707300317 ], [ -73.374345519193838, 5.988020074680887 ], [ -73.376107425865897, 5.97647767002688 ], [ -73.374198693637837, 5.973929346921451 ], [ -73.376401076977913, 5.962686744985729 ], [ -73.380952669214054, 5.960288323239442 ], [ -73.381099494770055, 5.952343551204867 ], [ -73.386825691454248, 5.947097003634863 ], [ -73.388147121458289, 5.940651245191717 ], [ -73.386238389230229, 5.935854401699143 ], [ -73.388587598126307, 5.931057558206569 ], [ -73.394166969254485, 5.927310024227995 ], [ -73.397397131486599, 5.920864265784849 ], [ -73.396075701482545, 5.915467816855704 ], [ -73.401655072610737, 5.901377089096267 ], [ -73.405325711510855, 5.899878075504838 ], [ -73.411786035975069, 5.891183796674548 ], [ -73.420448743779346, 5.889384980364832 ], [ -73.433809869375793, 5.898379061913409 ], [ -73.439389240503971, 5.898528963272551 ], [ -73.444528134964145, 5.901976694532839 ], [ -73.456714656112538, 5.889984585801405 ], [ -73.448932901644284, 5.879791293379685 ], [ -73.45113528498436, 5.874244943091395 ], [ -73.451282110540362, 5.866599973775105 ], [ -73.455686877220501, 5.861053623486817 ], [ -73.458770213896599, 5.852359344656526 ], [ -73.463762282800772, 5.84846190931881 ], [ -73.462147201684715, 5.842465854953093 ], [ -73.467286096144889, 5.828525028552799 ], [ -73.473452769497086, 5.81683272253965 ], [ -73.459651167232636, 5.81323508992022 ], [ -73.449813854980306, 5.803941205653357 ], [ -73.439242414947969, 5.800343573033927 ], [ -73.431460660479715, 5.792998406435923 ], [ -73.429992404919659, 5.787901760225062 ], [ -73.431901137147719, 5.783554620809917 ], [ -73.427349544911579, 5.775160144697913 ], [ -73.431754311591718, 5.771412610719339 ], [ -73.427055893799562, 5.765716359071908 ], [ -73.417659058215264, 5.768714386254767 ], [ -73.40987730374701, 5.762268627811621 ], [ -73.39813125926662, 5.758970797910476 ], [ -73.390496330354367, 5.751026025875899 ], [ -73.385944738118212, 5.754173954417902 ], [ -73.379043936985994, 5.763467838684764 ], [ -73.379043936985994, 5.767665076740767 ], [ -73.375226472529874, 5.775160144697913 ], [ -73.371555833629742, 5.786402746633633 ], [ -73.365829636945563, 5.789550675175636 ], [ -73.359369312481348, 5.798394855365069 ], [ -73.357166929141272, 5.805440219244786 ], [ -73.356579626917252, 5.817132525257937 ], [ -73.351147081345076, 5.823128579623654 ], [ -73.353496290241154, 5.831373154376515 ], [ -73.348651046892996, 5.834371181559374 ], [ -73.348797872448998, 5.841566446798235 ], [ -73.345714535772899, 5.842315953593949 ], [ -73.350412953565055, 5.851759739219955 ], [ -73.348357395780994, 5.871246915908537 ], [ -73.3426311990968, 5.861653228923388 ], [ -73.336317700188587, 5.860004313972817 ], [ -73.33015102683639, 5.85205954193824 ], [ -73.318845459024018, 5.851759739219955 ], [ -73.316349424571939, 5.8550575691211 ], [ -73.302547822307488, 5.853708456888813 ], [ -73.290067650047078, 5.850410626987668 ], [ -73.283754151138865, 5.854008259607098 ], [ -73.282285895578823, 5.858955004458816 ], [ -73.274944617778587, 5.854308062325384 ], [ -73.268924769982391, 5.852509246015669 ], [ -73.263785875522217, 5.844414572621951 ], [ -73.265988258862293, 5.83721930738309 ], [ -73.258793806618058, 5.831373154376515 ], [ -73.256591423277982, 5.825077297292512 ], [ -73.251746179929825, 5.818481637490222 ], [ -73.246460459913649, 5.816083215743935 ], [ -73.233539810985221, 5.820730157877366 ], [ -73.22898821874908, 5.824927395933369 ], [ -73.216654872044671, 5.824027987778511 ], [ -73.206377083124337, 5.826126606806512 ], [ -73.200944537552161, 5.833022069327087 ], [ -73.195071515311966, 5.835120688355089 ], [ -73.190226271963809, 5.843665065826236 ], [ -73.183912773055596, 5.850410626987668 ], [ -73.197714375320047, 5.873045732218253 ], [ -73.20344057200424, 5.87649346347854 ], [ -73.209607245356437, 5.890584191237976 ], [ -73.220912813168809, 5.890734092597119 ], [ -73.221793766504845, 5.897329752399409 ], [ -73.219297732052752, 5.912769592391132 ], [ -73.208726292020415, 5.921014167143993 ], [ -73.217388999824692, 5.936004303058286 ], [ -73.222821545396869, 5.938852428882002 ], [ -73.223849324288906, 5.942599962860576 ], [ -73.219297732052752, 5.960138421880299 ], [ -73.216654872044671, 5.961937238190015 ], [ -73.220472336500791, 5.972730136048306 ], [ -73.21841677871673, 5.981274513519454 ], [ -73.210341373136458, 5.988020074680887 ], [ -73.199329456436104, 6.003160111954323 ], [ -73.175543716363322, 5.994465833124033 ], [ -73.162623067434907, 5.982923428470026 ], [ -73.155134964078655, 5.978576289054881 ], [ -73.154254010742619, 5.968382996633161 ], [ -73.142654791818245, 5.961037830035157 ], [ -73.130321445113836, 5.959239013725441 ], [ -73.124888899541659, 5.961937238190015 ], [ -73.115198412845345, 5.960887928676015 ], [ -73.112555552837264, 5.964035857218016 ], [ -73.101690461692897, 5.9622370409083 ], [ -73.096698392788738, 5.965684772168589 ], [ -73.08979759165652, 5.964635462654587 ], [ -73.081134883852229, 5.970181812942877 ], [ -73.082162662744267, 5.977227176822594 ], [ -73.077464244952111, 5.977377078181738 ], [ -73.067626932699781, 5.98262362575174 ], [ -73.068507886035817, 5.98921928555403 ], [ -73.065277723803717, 5.991767608659459 ], [ -73.064837247135699, 6.000311986130607 ], [ -73.062194387127605, 6.011104883988899 ], [ -73.054265807103349, 6.013653207094328 ], [ -73.047071354859114, 6.019499360100903 ], [ -73.040904681506916, 6.022197584565476 ], [ -73.031507845922604, 6.02294709136119 ], [ -73.027396730354468, 6.011554588066327 ], [ -73.028130858134489, 5.996714353511176 ], [ -73.021670533670289, 5.991467805941174 ], [ -73.020642754778251, 5.978126584977452 ], [ -73.014035604758035, 5.965085166732016 ], [ -73.009190361409878, 5.964635462654587 ], [ -73.003317339169683, 5.972580234689164 ], [ -72.996857014705469, 5.984872146138884 ], [ -72.991277643577291, 5.988169976040029 ], [ -72.989515736905233, 5.995365241278891 ], [ -72.982908586885003, 6.010055574474898 ], [ -72.977476041312826, 6.011254785348041 ], [ -72.976007785752785, 6.016951036995473 ], [ -72.962206183488334, 6.028343540290337 ], [ -72.958976021256234, 6.0386867340712 ], [ -72.960150625704273, 6.04333367620463 ], [ -72.95324982457204, 6.049479631929491 ], [ -72.954864905688098, 6.054876080858636 ], [ -72.952368871236004, 6.060572332506069 ], [ -72.953983952352061, 6.065069373280356 ], [ -72.947376802331846, 6.070765624927788 ], [ -72.94458711676775, 6.076461876575221 ], [ -72.935777583407472, 6.078710396962363 ], [ -72.931372816727318, 6.085455958123796 ], [ -72.922710108923042, 6.088004281229225 ], [ -72.923444236703062, 6.098347475010089 ], [ -72.91595613334681, 6.107341556558665 ], [ -72.907440251098535, 6.107341556558665 ], [ -72.900098973298299, 6.112438202769526 ], [ -72.897602938846219, 6.119783369367529 ], [ -72.893785474390086, 6.123980607423532 ], [ -72.888940231041929, 6.122631495191245 ], [ -72.878956093233597, 6.125329719655817 ], [ -72.873229896549418, 6.124730114219246 ], [ -72.869412432093299, 6.134623603922681 ], [ -72.871174338765343, 6.142568375957256 ], [ -72.868384653201261, 6.144517093626114 ], [ -72.857960038724912, 6.142718277316399 ], [ -72.854876702048813, 6.145266600421828 ], [ -72.848710028696615, 6.143018080034685 ], [ -72.84342430868044, 6.143767586830399 ], [ -72.831237787532046, 6.148714331682117 ], [ -72.825364765291852, 6.158008215948979 ], [ -72.826245718627874, 6.165503283906125 ], [ -72.819638568607658, 6.176296181764417 ], [ -72.819785394163659, 6.180943123897849 ], [ -72.811269511915384, 6.191885923115282 ], [ -72.809801256355343, 6.201779412818717 ], [ -72.803634583003131, 6.20957428349415 ], [ -72.804075059671149, 6.215420436500724 ], [ -72.793356794082797, 6.218868167761012 ], [ -72.779555191818346, 6.210473691649008 ], [ -72.775003599582192, 6.210473691649008 ], [ -72.767075019557936, 6.220367181352441 ], [ -72.761936125097776, 6.217519055528725 ], [ -72.754888498409542, 6.218868167761012 ], [ -72.748428173945328, 6.22741254523216 ], [ -72.745491662825231, 6.228012150668731 ], [ -72.744463883933193, 6.235357317266735 ], [ -72.748428173945328, 6.237905640372165 ], [ -72.74798769727731, 6.245550609688455 ], [ -72.749602778393367, 6.252595973568174 ], [ -72.743729756153172, 6.259341534729605 ], [ -72.745785313937233, 6.274931276080472 ], [ -72.754888498409542, 6.280777429087046 ], [ -72.754301196185523, 6.296067367719625 ], [ -72.758265486197644, 6.305960857423059 ], [ -72.757531358417623, 6.317053557999636 ], [ -72.74989642950537, 6.323649217801926 ], [ -72.750777382841406, 6.335341523815075 ], [ -72.748428173945328, 6.347633435264796 ], [ -72.737416257244959, 6.3549786018628 ], [ -72.731396409448763, 6.356927319531658 ], [ -72.731249583892762, 6.36667090787595 ], [ -72.725523387208568, 6.372067356805096 ], [ -72.728753549440682, 6.37686420029767 ], [ -72.729634502776705, 6.383160057381672 ], [ -72.73301149056482, 6.385708380487103 ], [ -72.732424188340801, 6.396651179704537 ], [ -72.73492022279288, 6.408343485717686 ], [ -72.735067048348895, 6.432177801821413 ], [ -72.73359879278884, 6.435025927645129 ], [ -72.737563082800975, 6.441321784729133 ], [ -72.725229736096566, 6.456012117925142 ], [ -72.728166247216663, 6.464106791318859 ], [ -72.73682895502094, 6.473100872867437 ], [ -72.738297210580996, 6.483144263930012 ], [ -72.735948001684918, 6.49063933188716 ], [ -72.747840871721309, 6.494536767224877 ], [ -72.756209928413583, 6.493787260429161 ], [ -72.765753589553896, 6.499483512076593 ], [ -72.772507565130113, 6.50847759362517 ], [ -72.773828995134153, 6.520619603715748 ], [ -72.779261540706329, 6.529313882546039 ], [ -72.78792424851062, 6.531712304292324 ], [ -72.794531398530836, 6.52991348798261 ], [ -72.80480918745117, 6.537558457298901 ], [ -72.809360779687324, 6.542505202150617 ], [ -72.805983791899209, 6.54625273612919 ], [ -72.80422188522715, 6.56049336524777 ], [ -72.795412351866872, 6.568737940000632 ], [ -72.791888538522755, 6.568588038641487 ], [ -72.783079005162463, 6.573984487570635 ], [ -72.779114715150328, 6.580430246013781 ], [ -72.774709948470189, 6.578631429704065 ], [ -72.766781368445933, 6.582828667760068 ], [ -72.759586916201698, 6.581179752809494 ], [ -72.74798769727731, 6.569937150873774 ], [ -72.742408326149132, 6.567838531845774 ], [ -72.743436105041155, 6.558994351656341 ], [ -72.729928153888721, 6.551499283699193 ], [ -72.721118620528429, 6.55389770544548 ], [ -72.712015436056134, 6.543104807587189 ], [ -72.70423368158788, 6.539806977686044 ], [ -72.703352728251843, 6.533061416524611 ], [ -72.70041621713176, 6.527515066236323 ], [ -72.696598752675627, 6.526315855363179 ], [ -72.694102718223547, 6.513874042554316 ], [ -72.686761440423311, 6.508327692266026 ], [ -72.679273337067059, 6.48959002237316 ], [ -72.678245558175021, 6.477897716360011 ], [ -72.660626491454451, 6.443270502397991 ], [ -72.655340771438276, 6.442071291524848 ], [ -72.649467749198081, 6.436674842595703 ], [ -72.631114554697476, 6.438323757546274 ], [ -72.621570893557163, 6.441021982010848 ], [ -72.602777222388553, 6.451515077150852 ], [ -72.601896269052531, 6.458110736953143 ], [ -72.59249943346822, 6.463507185882288 ], [ -72.589709747904124, 6.469653141607149 ], [ -72.582955772327907, 6.476398702768582 ], [ -72.575174017859652, 6.478797124514867 ], [ -72.568126391171418, 6.483593968007441 ], [ -72.556233521135027, 6.486741896549444 ], [ -72.549773196670813, 6.486292192472015 ], [ -72.539201756638477, 6.487941107422587 ], [ -72.534356513290305, 6.496035780816306 ], [ -72.545074778878657, 6.504280355569168 ], [ -72.544634302210653, 6.514023943913458 ], [ -72.54947954555881, 6.521519011870605 ], [ -72.547277162218734, 6.527215263518037 ], [ -72.540816837754519, 6.537108753221472 ], [ -72.536265245518365, 6.540406583122615 ], [ -72.537293024410403, 6.554047606804622 ], [ -72.545955732214694, 6.567089025050058 ], [ -72.543312872206599, 6.573534783493206 ], [ -72.542725569982579, 6.582828667760068 ], [ -72.537733501078421, 6.588674820766642 ], [ -72.527015235490069, 6.591672847949501 ], [ -72.525546979930027, 6.597369099596933 ], [ -72.520408085469853, 6.604264562117508 ], [ -72.519967608801835, 6.617305980362944 ], [ -72.513507284337621, 6.627349371425519 ], [ -72.506606483205402, 6.631546609481522 ], [ -72.497062822065089, 6.633945031227809 ], [ -72.49838425206913, 6.639641282875242 ], [ -72.491923927604915, 6.645037731804387 ], [ -72.492217578716932, 6.650733983451819 ], [ -72.485463603140715, 6.657029840535823 ], [ -72.48722550981276, 6.675767510428689 ], [ -72.491042974268893, 6.681163959357835 ], [ -72.484876300916682, 6.695254687117271 ], [ -72.48472947536068, 6.702599853715275 ], [ -72.48722550981276, 6.706197486334706 ], [ -72.488106463148796, 6.71609097603814 ], [ -72.497209647621091, 6.724335550791001 ], [ -72.498824728737148, 6.734528843212721 ], [ -72.491630276492913, 6.73752687039558 ], [ -72.487519160924776, 6.743672826120441 ], [ -72.490896148712892, 6.759712271548735 ], [ -72.497650124289109, 6.766457832710167 ], [ -72.495447740949032, 6.782946982215891 ], [ -72.495741392061049, 6.789992346095608 ], [ -72.498531077625131, 6.798386822207614 ], [ -72.492070753160931, 6.802434158904473 ], [ -72.482527092020604, 6.811728043171335 ], [ -72.483701696468643, 6.821471631515625 ], [ -72.477828674228462, 6.835562359275062 ], [ -72.478709627564484, 6.842757624513923 ], [ -72.487078684256758, 6.852651114217358 ], [ -72.491630276492913, 6.86659194061765 ], [ -72.498237426513128, 6.867791151490795 ], [ -72.501761239857245, 6.875136318088798 ], [ -72.502348542081265, 6.882181681968516 ], [ -72.496622345397071, 6.885779314587947 ], [ -72.49647551984107, 6.896422311087096 ], [ -72.502935844305284, 6.908114617100245 ], [ -72.497062822065089, 6.91605938913482 ], [ -72.496622345397071, 6.921455838063966 ], [ -72.487812812036779, 6.924453865246824 ], [ -72.478562802008483, 6.915459783698249 ], [ -72.474011209772328, 6.912611657874533 ], [ -72.464614374188017, 6.901668858657099 ], [ -72.460062781951876, 6.900619549143097 ], [ -72.452427853039623, 6.895522902932238 ], [ -72.439947680779213, 6.891325664876235 ], [ -72.438773076331174, 6.886828624101947 ], [ -72.432312751866959, 6.882931188764231 ], [ -72.422475439614644, 6.881582076531944 ], [ -72.408380186238176, 6.874536712652227 ], [ -72.392376200633663, 6.872288192265082 ], [ -72.387237306173489, 6.873937107215654 ], [ -72.378721423925214, 6.88443020235566 ], [ -72.365066647216764, 6.89102586215795 ], [ -72.361396008316646, 6.893873987981665 ], [ -72.352439649400353, 6.891775368953664 ], [ -72.349796789392258, 6.899120535551668 ], [ -72.337610268243864, 6.908114617100245 ], [ -72.325130095983454, 6.922355246218824 ], [ -72.313384051503064, 6.932248735922259 ], [ -72.307951505930887, 6.943941041935408 ], [ -72.303987215918767, 6.956083052025986 ], [ -72.301931658134691, 6.968674766193993 ], [ -72.294590380334455, 6.984564310263143 ], [ -72.291360218102341, 6.994307898607434 ], [ -72.286661800310185, 6.999854248895724 ], [ -72.282844335854065, 7.008548527726014 ], [ -72.276530836945852, 7.012745765782015 ], [ -72.267134001361555, 7.009597837240015 ], [ -72.260820502453342, 7.010197442676586 ], [ -72.253479224653105, 7.007948922289441 ], [ -72.252891922429086, 7.000603755691437 ], [ -72.255681607993182, 6.985014014340572 ], [ -72.24496334240483, 6.977069242305997 ], [ -72.231749042364385, 6.983065296671714 ], [ -72.220296648996012, 6.986363126572859 ], [ -72.220149823440011, 6.990710265988004 ], [ -72.215010928979837, 6.998505136663437 ], [ -72.209872034519677, 7.003601782874298 ], [ -72.200915675603383, 7.006749711416298 ], [ -72.2044394889475, 7.011996258986302 ], [ -72.20576091895154, 7.023238860922022 ], [ -72.198713292263307, 7.033731956062028 ], [ -72.199594245599343, 7.041227024019174 ], [ -72.191812491131088, 7.046323670230035 ], [ -72.185498992222875, 7.053968639546324 ], [ -72.181094225542736, 7.052769428673181 ], [ -72.176395807750581, 7.055467653137753 ], [ -72.172284692182444, 7.051720119159181 ], [ -72.159217217698014, 7.046323670230035 ], [ -72.153050544345817, 7.035081068294313 ], [ -72.144828313209544, 7.035680673730886 ], [ -72.136899733185288, 7.033881857421171 ], [ -72.13264179206115, 7.030584027520026 ], [ -72.1253005142609, 7.030134323442597 ], [ -72.118693364240684, 7.031933139752312 ], [ -72.107387796428313, 7.032682646548026 ], [ -72.102542553080156, 7.035530772371742 ], [ -72.091677461935802, 7.037779292758887 ], [ -72.081399673015468, 7.043925248483748 ], [ -72.075673476331275, 7.045424262075177 ], [ -72.063633780738883, 7.041077122660032 ], [ -72.055852026270628, 7.036879884604029 ], [ -72.047629795134355, 7.038228996836316 ] ] ] } },
{ "type": "Feature", "properties": { "Código departamento": "25", "Departamento": "CUNDINAMARCA" }, "geometry": { "type": "Polygon", "coordinates": [ [ [ -73.05250390043129, 4.736343725837346 ], [ -73.06689280491976, 4.641006461422438 ], [ -73.087888859428446, 4.500998591982932 ], [ -73.109472216161151, 4.35754299128314 ], [ -73.124154771761638, 4.259807305121945 ], [ -73.136928595134066, 4.213787587865062 ], [ -73.14852781405844, 4.22742861154707 ], [ -73.152638929626576, 4.226529203392212 ], [ -73.170111170791145, 4.238371410764503 ], [ -73.169377043011124, 4.244067662411935 ], [ -73.173488158579261, 4.247965097749652 ], [ -73.177746099703398, 4.244367465130222 ], [ -73.181269913047515, 4.252462138523941 ], [ -73.186996109731695, 4.258158390171372 ], [ -73.19169452752385, 4.258308291530516 ], [ -73.192575480859887, 4.264454247255375 ], [ -73.198888979768086, 4.266402964924233 ], [ -73.203734223116243, 4.273298427444808 ], [ -73.212103279808517, 4.273898032881381 ], [ -73.219444557608767, 4.277495665500811 ], [ -73.223408847620888, 4.28154300219767 ], [ -73.228694567637064, 4.282442410352528 ], [ -73.234861240989261, 4.286489747049388 ], [ -73.245726332133628, 4.287239253845102 ], [ -73.255123167717926, 4.289937478309676 ], [ -73.261436666626139, 4.293834913647392 ], [ -73.265254131082258, 4.290686985105389 ], [ -73.27332953666253, 4.292785604133392 ], [ -73.282285895578823, 4.298032151703393 ], [ -73.295647021175256, 4.298781658499109 ], [ -73.326186736824269, 4.306126825097112 ], [ -73.349091523561015, 4.319917750138262 ], [ -73.353643115797155, 4.321266862370549 ], [ -73.380805843658052, 4.317819131110261 ], [ -73.386238389230229, 4.318718539265119 ], [ -73.397690782598602, 4.314371399849974 ], [ -73.401948723722739, 4.315870413441403 ], [ -73.415163023763171, 4.311823076744544 ], [ -73.42235747600742, 4.305677121019683 ], [ -73.430286056031676, 4.306426627815399 ], [ -73.437920984943929, 4.295184025879679 ], [ -73.446436867192205, 4.288438464718246 ], [ -73.454805923884479, 4.28813866199996 ], [ -73.462587678352733, 4.278694876373955 ], [ -73.471984513937045, 4.276296454627668 ], [ -73.484024209529437, 4.28559033889453 ], [ -73.493714696225751, 4.286639648408531 ], [ -73.49679803290185, 4.283791522584814 ], [ -73.516472657406496, 4.292485801415105 ], [ -73.521171075198652, 4.292335900055963 ], [ -73.55038936084361, 4.307625838688542 ], [ -73.554353650855745, 4.319168243342548 ], [ -73.549361581951572, 4.328612028968553 ], [ -73.55361952307571, 4.334608083334271 ], [ -73.553179046407706, 4.349148515171136 ], [ -73.556409208639806, 4.35544437225514 ], [ -73.571825892020314, 4.373582436711435 ], [ -73.572119543132317, 4.388722473984871 ], [ -73.576817960924473, 4.396217541942019 ], [ -73.57461557758441, 4.403113004462594 ], [ -73.576377484256454, 4.407610045236882 ], [ -73.572413194244334, 4.419302351250031 ], [ -73.575349705364431, 4.423799392024319 ], [ -73.587976703180843, 4.433093276291182 ], [ -73.59150051652496, 4.444935483663474 ], [ -73.602365607669313, 4.454229367930336 ], [ -73.601337828777275, 4.467870391612343 ], [ -73.597814015433158, 4.476264867724349 ], [ -73.596198934317115, 4.486907864223496 ], [ -73.585627494284765, 4.494852636258073 ], [ -73.578873518708548, 4.495602143053786 ], [ -73.575790182032449, 4.498450268877503 ], [ -73.577258437592491, 4.50849365994008 ], [ -73.575643356476434, 4.516588333333799 ], [ -73.5685957297882, 4.527531132551233 ], [ -73.572119543132317, 4.530529159734091 ], [ -73.58107590204861, 4.543870380697814 ], [ -73.593556074309021, 4.545219492930101 ], [ -73.602218782113312, 4.549116928267817 ], [ -73.607504502129487, 4.556012390788392 ], [ -73.614258477705704, 4.555562686710963 ], [ -73.616314035489765, 4.559610023407822 ], [ -73.621893406617957, 4.562458149231538 ], [ -73.631583893314271, 4.558260911175535 ], [ -73.640099775562547, 4.547468013317244 ], [ -73.6509648667069, 4.544769788852672 ], [ -73.661242655627248, 4.547018309239815 ], [ -73.671667270103583, 4.537724424972953 ], [ -73.674603781223681, 4.533377285557807 ], [ -73.685762523480051, 4.529779652938378 ], [ -73.688992685712151, 4.524233302650088 ], [ -73.686496651260072, 4.519286557798371 ], [ -73.691341894608229, 4.517337840129513 ], [ -73.702941113532603, 4.518087346925229 ], [ -73.71380620467697, 4.515089319742368 ], [ -73.722468912481247, 4.503097211010934 ], [ -73.727607806941421, 4.502647506933505 ], [ -73.733187178069599, 4.488256976455783 ], [ -73.737885595861755, 4.486608061505211 ], [ -73.734068131405621, 4.480911809857779 ], [ -73.734068131405621, 4.470718517436059 ], [ -73.738326072529773, 4.460525225014339 ], [ -73.745373699217993, 4.455278677444336 ], [ -73.755211011470323, 4.461874337246626 ], [ -73.760496731486498, 4.456777691035765 ], [ -73.764167370386616, 4.449732327156048 ], [ -73.769746741514794, 4.451830946184049 ], [ -73.783254692667242, 4.448233313564619 ], [ -73.785897552675323, 4.444335878226902 ], [ -73.792504702695538, 4.4411879496849 ], [ -73.79867137604775, 4.43099465726318 ], [ -73.806893607184008, 4.422150477073747 ], [ -73.810857897196144, 4.408059749314311 ], [ -73.811298373864162, 4.40041477999802 ], [ -73.805131700511964, 4.395018331068875 ], [ -73.801167410499829, 4.383775729133155 ], [ -73.792651528251554, 4.381077504668581 ], [ -73.795881690483654, 4.369385198655432 ], [ -73.795441213815636, 4.362789538853144 ], [ -73.791770574915517, 4.358142596719712 ], [ -73.793238830475573, 4.353495654586282 ], [ -73.78942136601944, 4.343752066241991 ], [ -73.786484854899342, 4.341503545854846 ], [ -73.782226913775204, 4.322016369166264 ], [ -73.782226913775204, 4.314821103927403 ], [ -73.78428247155928, 4.307775740047684 ], [ -73.78369516933526, 4.300280672090538 ], [ -73.774591984862951, 4.298032151703393 ], [ -73.771068171518834, 4.29473432180225 ], [ -73.762845940382576, 4.279594284528812 ], [ -73.753155453686247, 4.271499611135094 ], [ -73.744052269213952, 4.266103162205948 ], [ -73.751393547014203, 4.258907896967087 ], [ -73.757853871478403, 4.246615985517365 ], [ -73.760349905930497, 4.236422693095645 ], [ -73.755211011470323, 4.22847792106107 ], [ -73.754476883690302, 4.213337883787633 ], [ -73.749925291454147, 4.202844788647627 ], [ -73.745961001442012, 4.197598241077626 ], [ -73.753449104798264, 4.192951298944194 ], [ -73.762845940382576, 4.195049917972194 ], [ -73.777528495983049, 4.196399030204481 ], [ -73.788393587127416, 4.200296465542197 ], [ -73.794413434923612, 4.200596268260484 ], [ -73.802195189391867, 4.197298438359339 ], [ -73.806893607184008, 4.198497649232482 ], [ -73.809389641636102, 4.203894098161627 ], [ -73.813794408316241, 4.201495676415342 ], [ -73.815409489432298, 4.192801397585051 ], [ -73.818786477220399, 4.18560613234619 ], [ -73.819226953888418, 4.1800597820579 ], [ -73.825687278352632, 4.170016390995325 ], [ -73.83067934725679, 4.170316193713609 ], [ -73.837726973945024, 4.17646214943847 ], [ -73.846683332861318, 4.17646214943847 ], [ -73.851822227321492, 4.172115010023325 ], [ -73.860484935125768, 4.171815207305039 ], [ -73.865917480697945, 4.167617969249037 ], [ -73.87120320071412, 4.16776787060818 ], [ -73.882508768526492, 4.152477931975601 ], [ -73.891758778554802, 4.148730397997027 ], [ -73.896604021902959, 4.142584442272166 ], [ -73.902036567475136, 4.143633751786166 ], [ -73.91363578639951, 4.148880299356169 ], [ -73.918334204191666, 4.14843059527874 ], [ -73.920683413087744, 4.143933554504453 ], [ -73.92802469088798, 4.144233357222739 ], [ -73.933310410904156, 4.149030200715312 ], [ -73.937127875360289, 4.141984836835594 ], [ -73.940358037592389, 4.129692925385874 ], [ -73.944615978716527, 4.127894109076158 ], [ -73.945056455384545, 4.118450323450152 ], [ -73.950782652068739, 4.113053874521007 ], [ -73.955774720972897, 4.099562752198143 ], [ -73.96781441656529, 4.090718572008709 ], [ -73.973981089917487, 4.093416796473282 ], [ -73.973540613249483, 4.100911864430429 ], [ -73.982790623277779, 4.109306340542434 ], [ -73.991012854414052, 4.103010483458431 ], [ -74.001290643334386, 4.103160384817573 ], [ -74.005108107790505, 4.110055847338148 ], [ -74.016266850046875, 4.097763935888428 ], [ -74.020377965615012, 4.099862554916428 ], [ -74.025076383407168, 4.097464133170141 ], [ -74.026104162299205, 4.090868473367853 ], [ -74.030215277867342, 4.084272813565563 ], [ -74.036235125663538, 4.081724490460133 ], [ -74.037262904555561, 4.072130803474985 ], [ -74.032564486763405, 4.067633762700697 ], [ -74.034913695659483, 4.060888201539265 ], [ -74.054294669052126, 4.062387215130694 ], [ -74.061048644628343, 4.055941456687548 ], [ -74.063838330192439, 4.061337905616694 ], [ -74.070739131324657, 4.057740272997262 ], [ -74.079401839128948, 4.042900038442112 ], [ -74.081457396913009, 4.034955266407535 ], [ -74.09261613916938, 4.026560790295531 ], [ -74.100251068081633, 4.012919766613524 ], [ -74.109207426997926, 4.012320161176953 ], [ -74.123889982598399, 4.00917223263495 ], [ -74.123743157042398, 4.001227460600375 ], [ -74.137251108194846, 4.000328052445517 ], [ -74.150612233791279, 4.004825093219805 ], [ -74.146794769335159, 4.016667300592098 ], [ -74.139893968202927, 4.025661382140673 ], [ -74.137397933750847, 4.032257041942963 ], [ -74.134167771518747, 4.034355660970964 ], [ -74.125358238158455, 4.05504204853269 ], [ -74.126239191494477, 4.068683072214697 ], [ -74.132699515958691, 4.080525279586989 ], [ -74.127854272610534, 4.100162357634715 ], [ -74.131524911510652, 4.10346018753586 ], [ -74.129028877058573, 4.125345785970729 ], [ -74.119044739250242, 4.125795490048158 ], [ -74.109354252553928, 4.133290558005304 ], [ -74.113465368122064, 4.146032173532453 ], [ -74.114493147014102, 4.155326057799315 ], [ -74.112731240342043, 4.164320139347892 ], [ -74.109354252553928, 4.168667278763038 ], [ -74.111850287006007, 4.182308302445045 ], [ -74.121247122590319, 4.179909880698758 ], [ -74.125798714826473, 4.187255047296762 ], [ -74.125505063714456, 4.192951298944194 ], [ -74.13578285263479, 4.205243210393914 ], [ -74.137838410418865, 4.212738278351062 ], [ -74.138132061530868, 4.220533149026495 ], [ -74.135636027078789, 4.227878315624499 ], [ -74.141362223762982, 4.232375356398786 ], [ -74.145473339331119, 4.240170227074219 ], [ -74.145326513775103, 4.245116971925936 ], [ -74.151493187127315, 4.250813223573368 ], [ -74.152227314907336, 4.256359573861658 ], [ -74.146354292667141, 4.265053852691946 ], [ -74.136076503746807, 4.273148526085666 ], [ -74.129175702614575, 4.284241226662243 ], [ -74.125211412602454, 4.299830968013109 ], [ -74.121981250370339, 4.307775740047684 ], [ -74.114199495902085, 4.313471991695116 ], [ -74.112437589230026, 4.325314199067409 ], [ -74.106270915877829, 4.327862522172839 ], [ -74.10568361365381, 4.336406899643985 ], [ -74.098195510297558, 4.345550882551705 ], [ -74.097755033629554, 4.356043977691711 ], [ -74.094378045841438, 4.363389144289715 ], [ -74.097755033629554, 4.379878293795438 ], [ -74.10568361365381, 4.379578491077152 ], [ -74.111262984781987, 4.385874348161155 ], [ -74.114493147014102, 4.385874348161155 ], [ -74.113905844790082, 4.394868429709732 ], [ -74.11684235591018, 4.404462116694881 ], [ -74.112584414786028, 4.416903929503744 ], [ -74.112143938118024, 4.433093276291182 ], [ -74.10700504365785, 4.44673429997319 ], [ -74.100838370305652, 4.452730354338907 ], [ -74.091882011389359, 4.458876310063768 ], [ -74.084981210257126, 4.45647788831748 ], [ -74.076465328008851, 4.462473942683197 ], [ -74.074703421336793, 4.469669207922059 ], [ -74.075143898004811, 4.486308258786925 ], [ -74.072794689108733, 4.502047901496934 ], [ -74.073675642444755, 4.508343758580938 ], [ -74.071913735772696, 4.51314060207351 ], [ -74.055909750168183, 4.509093265376651 ], [ -74.051798634600047, 4.512391095277796 ], [ -74.042254973459734, 4.512391095277796 ], [ -74.038731160115617, 4.52738123119209 ], [ -74.035647823439518, 4.535625805944952 ], [ -74.031977184539386, 4.539373339923526 ], [ -74.028600196751285, 4.551515350014104 ], [ -74.028893847863287, 4.558560713893821 ], [ -74.014504943374817, 4.56155874107668 ], [ -74.005401758902522, 4.560659332921822 ], [ -74.003052550006444, 4.578797397378119 ], [ -74.003493026674462, 4.58599266261698 ], [ -73.994243016646152, 4.60083289717213 ], [ -73.997032702210248, 4.606079444742133 ], [ -73.99527079553819, 4.614174118135852 ], [ -73.986167611065895, 4.629763859486718 ], [ -73.99277476108611, 4.630063662205003 ], [ -73.998794608882307, 4.627065635022144 ], [ -74.009806525582661, 4.626765832303859 ], [ -74.009366048914657, 4.638158335598722 ], [ -74.022286697843072, 4.642505475013867 ], [ -74.028306545639268, 4.642955179091296 ], [ -74.028600196751285, 4.654347682386159 ], [ -74.026104162299205, 4.660043934033591 ], [ -74.02213987228707, 4.662742158498165 ], [ -74.016266850046875, 4.661692848984162 ], [ -74.007016840018579, 4.664540974807879 ], [ -74.001584294446403, 4.6757835767436 ], [ -74.010540653362696, 4.68297884198246 ], [ -74.014358117818816, 4.698118879255898 ], [ -74.010100176694678, 4.715207634198193 ], [ -74.007457316686583, 4.716107042353051 ], [ -74.008631921134622, 4.733945304091059 ], [ -74.007163665574581, 4.739341753020205 ], [ -74.008925572246639, 4.754931494371072 ], [ -74.017294628938913, 4.76152715417336 ], [ -74.018616058942953, 4.764824984074505 ], [ -74.015826373378857, 4.775318079214512 ], [ -74.015826373378857, 4.79210703143852 ], [ -74.012596211146757, 4.798252987163381 ], [ -74.006282712238544, 4.79765338172681 ], [ -73.999088259994309, 4.802600126578526 ], [ -73.999088259994309, 4.805598153761385 ], [ -74.005548584458523, 4.810694799972244 ], [ -74.003639852230464, 4.814892038028247 ], [ -74.009219223358642, 4.821037993753108 ], [ -74.031536707871382, 4.823436415499395 ], [ -74.040786717899678, 4.826884146759682 ], [ -74.05209228571205, 4.832580398407113 ], [ -74.056203401280186, 4.828982765787683 ], [ -74.062957376856403, 4.832880201125399 ], [ -74.070885956880673, 4.828682963069396 ], [ -74.074997072448809, 4.836777636463116 ], [ -74.086743116929185, 4.83243049704797 ], [ -74.07896136246093, 4.822087303267108 ], [ -74.086449465817182, 4.821037993753108 ], [ -74.087036768041202, 4.816091248901391 ], [ -74.079989141352968, 4.808446279585101 ], [ -74.088505023601243, 4.80334963337424 ], [ -74.087183593597203, 4.796154368135379 ], [ -74.0933502669494, 4.790757919206233 ], [ -74.095552650289477, 4.799002493959095 ], [ -74.105243136985791, 4.796753973571952 ], [ -74.108032822549887, 4.788659300178232 ], [ -74.114933623682106, 4.785511371636232 ], [ -74.114493147014102, 4.771420643876795 ], [ -74.11684235591018, 4.761826956891647 ], [ -74.12139394814632, 4.759878239222789 ], [ -74.120219343698281, 4.754631691652786 ], [ -74.125358238158455, 4.754032086216214 ], [ -74.125358238158455, 4.747286525054782 ], [ -74.130056655950611, 4.746087314181637 ], [ -74.129616179282593, 4.738742147583634 ], [ -74.125945540382475, 4.729598164675914 ], [ -74.137544759306849, 4.730797375549058 ], [ -74.148997152675221, 4.725700729338198 ], [ -74.151640012683316, 4.722702702155339 ], [ -74.158393988259533, 4.725251025260769 ], [ -74.16059637159961, 4.720004477690767 ], [ -74.169405904959902, 4.715207634198193 ], [ -74.172195590523984, 4.711310198860477 ], [ -74.169699556071905, 4.698568583333325 ], [ -74.172342416079999, 4.696320062946183 ], [ -74.167790823843845, 4.687625784115892 ], [ -74.173810671640041, 4.682229335186746 ], [ -74.174838450532079, 4.676682984898457 ], [ -74.169993207183921, 4.669038015582168 ], [ -74.161183673823629, 4.66708929791331 ], [ -74.163092406051689, 4.65944432859702 ], [ -74.167350347175827, 4.656596202773303 ], [ -74.172195590523984, 4.657195808209875 ], [ -74.180417821660257, 4.652249063358158 ], [ -74.187024971680472, 4.651649457921587 ], [ -74.193778947256689, 4.655247090541017 ], [ -74.197009109488803, 4.650450247048442 ], [ -74.206993247297135, 4.645353600837583 ], [ -74.212719443981314, 4.634710604338435 ], [ -74.21741786177347, 4.634110998901863 ], [ -74.223437709569666, 4.626016325508144 ], [ -74.21873929177751, 4.618071553473569 ], [ -74.204056736177037, 4.600982798531272 ], [ -74.183794809448372, 4.596485757756985 ], [ -74.180858298328275, 4.586892070771836 ], [ -74.179390042768219, 4.577148482427545 ], [ -74.175278927200083, 4.575199764758687 ], [ -74.179096391656216, 4.569353611752113 ], [ -74.17689400831614, 4.56050943156268 ], [ -74.177334484984158, 4.54671850652153 ], [ -74.173810671640041, 4.540422649437526 ], [ -74.180124170548254, 4.53652521409981 ], [ -74.187024971680472, 4.52738123119209 ], [ -74.183207507224353, 4.522434486340374 ], [ -74.181298774996293, 4.513590306150939 ], [ -74.174544799420062, 4.507144547707793 ], [ -74.181592426108296, 4.503846717806648 ], [ -74.178802740544199, 4.49620174849036 ], [ -74.178068612764179, 4.486458160146069 ], [ -74.182620205000333, 4.479562697625492 ], [ -74.183941635004373, 4.463073548119769 ], [ -74.189521006132551, 4.449432524437761 ], [ -74.191136087248609, 4.4422372591989 ], [ -74.194953551704728, 4.434142585805183 ], [ -74.194366249480709, 4.426647517848035 ], [ -74.198183713936842, 4.426647517848035 ], [ -74.204056736177037, 4.418103140376888 ], [ -74.203909910621022, 4.414655409116601 ], [ -74.208461502857176, 4.406710637082024 ], [ -74.212278967313296, 4.393369416118303 ], [ -74.210663886197253, 4.385424644083726 ], [ -74.21418769954137, 4.38047789923201 ], [ -74.21360039731735, 4.374481844866293 ], [ -74.215802780657413, 4.364288552444573 ], [ -74.215215478433393, 4.356793484487425 ], [ -74.21741786177347, 4.345850685269991 ], [ -74.215949606213428, 4.341653447213988 ], [ -74.21492182732139, 4.318418736546833 ], [ -74.213747222873351, 4.306876331892828 ], [ -74.21550912954541, 4.300730376167967 ], [ -74.216683733993449, 4.286789549767673 ], [ -74.221822628453609, 4.282142607634243 ], [ -74.216977385105452, 4.277195862782524 ], [ -74.217124210661467, 4.273298427444808 ], [ -74.210663886197253, 4.272099216571665 ], [ -74.205524991737079, 4.268951288029663 ], [ -74.206405945073115, 4.258008488812229 ], [ -74.20435038728904, 4.252761941242226 ], [ -74.207874200633157, 4.248414801827081 ], [ -74.207727375077155, 4.243468056975364 ], [ -74.217711512885472, 4.234473975426787 ], [ -74.220207547337566, 4.225329992519069 ], [ -74.228136127361822, 4.222182063977066 ], [ -74.23180676626194, 4.216635713688778 ], [ -74.234743277382037, 4.201495676415342 ], [ -74.236211532942093, 4.20044636690134 ], [ -74.241497252958254, 4.180809288853616 ], [ -74.239882171842211, 4.171065700509325 ], [ -74.243112334074311, 4.15967319721446 ], [ -74.242525031850292, 4.153827044207886 ], [ -74.244580589634353, 4.137937500138736 ], [ -74.243552810742329, 4.131491741695588 ], [ -74.246489321862427, 4.112604170443578 ], [ -74.245608368526391, 4.103310286176716 ], [ -74.253390122994645, 4.100012456275571 ], [ -74.259997273014861, 4.091318177445282 ], [ -74.265723469699054, 4.091617980163567 ], [ -74.273064747499291, 4.099262949479857 ], [ -74.279671897519506, 4.101961173944431 ], [ -74.29596953423605, 4.104359595690716 ], [ -74.306687799824402, 4.111255058211293 ], [ -74.31740606541274, 4.122947364224442 ], [ -74.324453692100974, 4.127294503639587 ], [ -74.328858458781127, 4.125195884611585 ], [ -74.330179888785167, 4.120249139759868 ], [ -74.33898942214546, 4.103010483458431 ], [ -74.342513235489577, 4.101661371226144 ], [ -74.344568793273638, 4.088170248903279 ], [ -74.350441815513832, 4.074679126580414 ], [ -74.350735466625835, 4.056840864842406 ], [ -74.354846582193971, 4.051894119990687 ], [ -74.361013255546169, 4.048296487371258 ], [ -74.366152150006343, 4.036304378639822 ], [ -74.362921987774243, 4.022963157676101 ], [ -74.362187859994208, 4.012320161176953 ], [ -74.374521206698617, 3.986087423326938 ], [ -74.365564847782323, 3.981890185270935 ], [ -74.356902139978047, 3.970947386053502 ], [ -74.35602118664201, 3.964201824892069 ], [ -74.35660848886603, 3.946513464513202 ], [ -74.35469975663797, 3.944564746844343 ], [ -74.359544999986127, 3.913834968220042 ], [ -74.365124371114305, 3.898694930946605 ], [ -74.36835453334642, 3.894797495608889 ], [ -74.370556916686496, 3.886702822215169 ], [ -74.375402160034653, 3.876659431152592 ], [ -74.381715658942852, 3.872012489019162 ], [ -74.386560902291009, 3.8627186047523 ], [ -74.385679948954987, 3.85612294495001 ], [ -74.389497413411107, 3.849677186506864 ], [ -74.390378366747143, 3.84128271039486 ], [ -74.393755354535244, 3.83213872748714 ], [ -74.3952236100953, 3.824044054093421 ], [ -74.402711713451538, 3.815949380699702 ], [ -74.405941875683652, 3.810253129052271 ], [ -74.41210854903585, 3.803957271968268 ], [ -74.415632362379966, 3.794513486342262 ], [ -74.425029197964278, 3.784470095279686 ], [ -74.430902220204473, 3.784470095279686 ], [ -74.433691905768555, 3.778923744991396 ], [ -74.433691905768555, 3.764683115872818 ], [ -74.440445881344786, 3.757937554711385 ], [ -74.446906205808986, 3.755239330246813 ], [ -74.45072367026512, 3.749842881317666 ], [ -74.449989542485099, 3.743097320156235 ], [ -74.445584775804946, 3.735302449480801 ], [ -74.43956492800875, 3.73065550734737 ], [ -74.45263240249318, 3.730505605988228 ], [ -74.460267331405433, 3.736351758994802 ], [ -74.463497493637533, 3.742048010642233 ], [ -74.457771296953354, 3.755689034324241 ], [ -74.459533203625398, 3.764683115872818 ], [ -74.458211773621358, 3.772627887907393 ], [ -74.450430019153103, 3.794663387701406 ], [ -74.445291124692943, 3.800809343426265 ], [ -74.450283193597102, 3.818947407882562 ], [ -74.462469714745495, 3.819097309241704 ], [ -74.479354653686059, 3.823594350015992 ], [ -74.486108629262276, 3.817448394291131 ], [ -74.495064988178569, 3.819097309241704 ], [ -74.507104683770962, 3.82449375817085 ], [ -74.509894369335058, 3.832738332923712 ], [ -74.52384279715551, 3.837984880493715 ], [ -74.534707888299863, 3.843231428063718 ], [ -74.539406306092019, 3.846079553887432 ], [ -74.53691027163994, 3.856422747668296 ], [ -74.530449947175725, 3.870513475427733 ], [ -74.528688040503667, 3.878458247462308 ], [ -74.522961843819488, 3.886702822215169 ], [ -74.525898354939585, 3.89539710104546 ], [ -74.522668192707471, 3.917132798121187 ], [ -74.515033263795218, 3.927176189183762 ], [ -74.511362624895099, 3.946813267231488 ], [ -74.513124531567158, 3.953408927033778 ], [ -74.519144379363354, 3.959105178681209 ], [ -74.527513436055628, 3.96270281130064 ], [ -74.531184074955746, 3.967649556152357 ], [ -74.53368010940784, 3.9932826885658 ], [ -74.529862644951706, 3.999128841572374 ], [ -74.525311052715566, 4.013969076127524 ], [ -74.523989622711511, 4.022213650880386 ], [ -74.526926133831608, 4.023562763112673 ], [ -74.531330900511762, 4.033756055534393 ], [ -74.527660261611643, 4.040651518054967 ], [ -74.529715819395705, 4.044099249315255 ], [ -74.525604703827568, 4.052193922708974 ], [ -74.517969774915315, 4.057740272997262 ], [ -74.51870390269535, 4.061787609694123 ], [ -74.512977706011156, 4.072580507552414 ], [ -74.508719764887019, 4.078126857840702 ], [ -74.486255454818277, 4.096414823656141 ], [ -74.486549105930294, 4.101511469867002 ], [ -74.48331894369818, 4.106907918796147 ], [ -74.476418142565961, 4.111554860929577 ], [ -74.475684014785941, 4.134189966160162 ], [ -74.479061002574042, 4.135539078392449 ], [ -74.483612594810197, 4.147231384405598 ], [ -74.484640373702234, 4.157124874109031 ], [ -74.48331894369818, 4.162821125756463 ], [ -74.48331894369818, 4.176761952156757 ], [ -74.487430059266316, 4.181858598367616 ], [ -74.491981651502471, 4.182008499726758 ], [ -74.501231661530767, 4.187704751374191 ], [ -74.500791184862763, 4.194150509817336 ], [ -74.50622373043494, 4.196399030204481 ], [ -74.512537229343138, 4.211239264759633 ], [ -74.511803101563117, 4.218434529998492 ], [ -74.516501519355273, 4.229827033293357 ], [ -74.518850728251351, 4.240470029792506 ], [ -74.526045180495586, 4.24421756377108 ], [ -74.534854713855879, 4.246016380080794 ], [ -74.538819003867999, 4.252012434446512 ], [ -74.543076944992137, 4.253661349397084 ], [ -74.543811072772172, 4.259357601044516 ], [ -74.56245791838478, 4.272099216571665 ], [ -74.569211893960997, 4.272099216571665 ], [ -74.571414277301074, 4.269400992107092 ], [ -74.58007698510535, 4.26670276764252 ], [ -74.58859286735364, 4.267452274438233 ], [ -74.593584936257798, 4.264004543177946 ], [ -74.59505319181784, 4.258907896967087 ], [ -74.601219865170052, 4.262205726868232 ], [ -74.604596852958153, 4.257109080657371 ], [ -74.619866710782659, 4.251862533087368 ], [ -74.61869210633462, 4.246615985517365 ], [ -74.621041315230698, 4.242868451538793 ], [ -74.618838931890622, 4.238371410764503 ], [ -74.621628617454718, 4.230126836011643 ], [ -74.626180209690872, 4.223081472131924 ], [ -74.632787359711088, 4.223531176209353 ], [ -74.640275463067326, 4.215136700097349 ], [ -74.639541335287305, 4.21063965932306 ], [ -74.64673578753154, 4.206892125344488 ], [ -74.651874681991714, 4.199996662823911 ], [ -74.654811193111811, 4.203294492725056 ], [ -74.656279448671853, 4.214537094660776 ], [ -74.662299296468049, 4.211089363400489 ], [ -74.676835026512521, 4.206592322626201 ], [ -74.68916837321693, 4.207791533499345 ], [ -74.691223931000991, 4.211239264759633 ], [ -74.70164854547734, 4.211988771555347 ], [ -74.700473941029301, 4.218434529998492 ], [ -74.711192206617653, 4.232525257757929 ], [ -74.717505705525866, 4.234623876785931 ], [ -74.721910472206005, 4.231026244166499 ], [ -74.734096993354399, 4.247815196390509 ], [ -74.74026366670661, 4.242418747461364 ], [ -74.744521607830748, 4.246166281439938 ], [ -74.752009711186986, 4.259207699685372 ], [ -74.767426394567494, 4.252462138523941 ], [ -74.765517662339434, 4.256959179298229 ], [ -74.771243859023627, 4.260706713276803 ], [ -74.77285894013967, 4.266253063565091 ], [ -74.781227996831944, 4.265653458128519 ], [ -74.777410532375825, 4.272399019289952 ], [ -74.776970055707807, 4.282142607634243 ], [ -74.782255775723982, 4.28454102938053 ], [ -74.796791505768454, 4.288288563359102 ], [ -74.807509771356806, 4.286189944331102 ], [ -74.813089142484998, 4.294134716365677 ], [ -74.826303442525429, 4.284091325303101 ], [ -74.833644720325665, 4.275696849191095 ], [ -74.854787600390353, 4.268501583952236 ], [ -74.863597133750645, 4.269101189388807 ], [ -74.87020428377086, 4.265953260846804 ], [ -74.879013817131153, 4.266103162205948 ], [ -74.883124932699289, 4.273748131522237 ], [ -74.884593188259331, 4.280793495401956 ], [ -74.889732082719505, 4.286339845690244 ], [ -74.889438431607488, 4.291886195978534 ], [ -74.883124932699289, 4.300280672090538 ], [ -74.873728097114977, 4.304777712864825 ], [ -74.874315399338997, 4.309724457716542 ], [ -74.882243979363253, 4.309124852279971 ], [ -74.88518049048335, 4.311972978103687 ], [ -74.882684456031271, 4.317669229751119 ], [ -74.877692387127112, 4.319018341983406 ], [ -74.874462224894998, 4.324114988194265 ], [ -74.864918563754685, 4.33205976022884 ], [ -74.856696332618426, 4.333858576538556 ], [ -74.851851089270269, 4.358892103515427 ], [ -74.854347123722349, 4.366387171472573 ], [ -74.849795531486194, 4.371483817683434 ], [ -74.84333520702198, 4.375081450302864 ], [ -74.839077265897842, 4.382576518260012 ], [ -74.838049487005804, 4.395468035146304 ], [ -74.832616941433628, 4.405361524849737 ], [ -74.835112975885721, 4.411957184652027 ], [ -74.830708209205568, 4.423199786587747 ], [ -74.833938371437682, 4.433842783086896 ], [ -74.833057418101646, 4.443436470072045 ], [ -74.828065349197487, 4.446284595895761 ], [ -74.817493909165137, 4.445085385022616 ], [ -74.809418503584865, 4.450631735310906 ], [ -74.804426434680707, 4.458876310063768 ], [ -74.802370876896646, 4.477613979956634 ], [ -74.80090262133659, 4.484059738399782 ], [ -74.794589122428391, 4.499949282468932 ], [ -74.78783514685216, 4.503546915088363 ], [ -74.786954193516138, 4.508943364017509 ], [ -74.792093087976298, 4.515239221101512 ], [ -74.797819284660491, 4.526481823037233 ], [ -74.805160562460728, 4.535925608663237 ], [ -74.801489923560609, 4.543870380697814 ], [ -74.802517702452647, 4.54881712554953 ], [ -74.808978026916861, 4.554963081274392 ], [ -74.809124852472863, 4.559759924766966 ], [ -74.805160562460728, 4.566955190005825 ], [ -74.805601039128746, 4.572951244371544 ], [ -74.810446282476903, 4.574600159322116 ], [ -74.814704223601041, 4.586142563976122 ], [ -74.806188341352765, 4.590339802032125 ], [ -74.795910552432431, 4.587791478926694 ], [ -74.793561343536354, 4.591089308827839 ], [ -74.800168493556569, 4.600233291735559 ], [ -74.813676444709017, 4.605779642023847 ], [ -74.816172479161096, 4.610276682798136 ], [ -74.814997874713058, 4.616422638522995 ], [ -74.80222405134063, 4.625716522789857 ], [ -74.798700237996513, 4.631112971719003 ], [ -74.795616901320415, 4.642955179091296 ], [ -74.78651371684812, 4.647302318506441 ], [ -74.785779589068099, 4.652698767435587 ], [ -74.788275623520178, 4.658245117723875 ], [ -74.794442296872376, 4.663941369371307 ], [ -74.801343098004608, 4.665290481603594 ], [ -74.807216120244803, 4.669487719659597 ], [ -74.807656596912807, 4.679081406644744 ], [ -74.803398655788669, 4.686726375961034 ], [ -74.801343098004608, 4.699917695565612 ], [ -74.804132783568704, 4.705913749931331 ], [ -74.808831201360846, 4.707862467600189 ], [ -74.817200258053134, 4.715807239634764 ], [ -74.819108990281194, 4.726000532056484 ], [ -74.814557398045039, 4.735744120400775 ], [ -74.803251830232668, 4.741140569329921 ], [ -74.794442296872376, 4.747586327773067 ], [ -74.783724031284024, 4.74818593320964 ], [ -74.776970055707807, 4.752083368547356 ], [ -74.777116881263808, 4.75942853514536 ], [ -74.773593067919705, 4.768572518053079 ], [ -74.768600999015533, 4.775018276496225 ], [ -74.759350988987237, 4.7808644295028 ], [ -74.745549386722786, 4.786260878431945 ], [ -74.743053352270692, 4.790308215128804 ], [ -74.743493828938711, 4.797953184445094 ], [ -74.74598986339079, 4.812193813563673 ], [ -74.743934305606729, 4.816840755697105 ], [ -74.744374782274747, 4.823436415499395 ], [ -74.749073200066888, 4.829732272583398 ], [ -74.756854954535143, 4.831081384815683 ], [ -74.766104964563453, 4.835578425589973 ], [ -74.769481952351569, 4.842923592187977 ], [ -74.766839092343474, 4.847120830243978 ], [ -74.75979146565524, 4.851917673736552 ], [ -74.752009711186986, 4.865858500136846 ], [ -74.751569234518982, 4.873653370812279 ], [ -74.754946222307083, 4.885945282261999 ], [ -74.750247804514927, 4.889093210804002 ], [ -74.739823190038592, 4.88339695915657 ], [ -74.737033504474496, 4.883846663233999 ], [ -74.73160095890232, 4.894039955655718 ], [ -74.733950167798398, 4.900185911380579 ], [ -74.739970015594594, 4.901984727690293 ], [ -74.739676364482591, 4.910828907879728 ], [ -74.737327155586513, 4.9135271323443 ], [ -74.732188261126339, 4.926868353308023 ], [ -74.733509691130379, 4.934663223983455 ], [ -74.744815258942751, 4.946055727278318 ], [ -74.748926374510887, 4.951901880284892 ], [ -74.748779548954886, 4.957748033291467 ], [ -74.743934305606729, 4.966292410762615 ], [ -74.730279528898279, 4.977684914057478 ], [ -74.723231902210046, 4.976185900466048 ], [ -74.71471601996177, 4.97213856376919 ], [ -74.710311253281617, 4.974387084156334 ], [ -74.706053312157479, 4.982931461627481 ], [ -74.713247764401714, 4.989826924148056 ], [ -74.721176344425984, 4.994923570358917 ], [ -74.733216040018377, 4.997471893464346 ], [ -74.74085096893063, 5.002118835597778 ], [ -74.743200177826708, 5.008264791322637 ], [ -74.738208108922535, 5.024304236750932 ], [ -74.730132703342278, 5.03644624684151 ], [ -74.72837079667022, 5.042442301207228 ], [ -74.72587476221814, 5.058481746635523 ], [ -74.729545401118258, 5.064177998282955 ], [ -74.72969222667426, 5.074371290704675 ], [ -74.724259681102083, 5.083964977689821 ], [ -74.716771577745831, 5.092359453801827 ], [ -74.716477926633829, 5.100753929913831 ], [ -74.719854914421944, 5.119491599806698 ], [ -74.724553332214086, 5.126836766404703 ], [ -74.73160095890232, 5.140777592804995 ], [ -74.7310136566783, 5.149471871635286 ], [ -74.719120786641909, 5.163712500753866 ], [ -74.71471601996177, 5.178552735309016 ], [ -74.71471601996177, 5.186047803266164 ], [ -74.719854914421944, 5.198339714715885 ], [ -74.724112855546082, 5.201187840539601 ], [ -74.733509691130379, 5.203136558208459 ], [ -74.734537470022417, 5.206884092187033 ], [ -74.72969222667426, 5.213030047911892 ], [ -74.73160095890232, 5.221724326742183 ], [ -74.730426354454281, 5.232217421882189 ], [ -74.723378727766047, 5.239862391198478 ], [ -74.727343017778182, 5.252903809443914 ], [ -74.724993808882104, 5.264296312738778 ], [ -74.734243818910414, 5.286931417969361 ], [ -74.73292238890636, 5.296525104954509 ], [ -74.727196192222181, 5.306118791939658 ], [ -74.71471601996177, 5.314962972129091 ], [ -74.712219985509691, 5.323657250959381 ], [ -74.709577125501596, 5.340146400465104 ], [ -74.701942196589357, 5.35108919968254 ], [ -74.701061243253321, 5.356035944534256 ], [ -74.707081091049517, 5.369377165497977 ], [ -74.7035572777054, 5.372375192680836 ], [ -74.697537429909204, 5.365030026082832 ], [ -74.688727896548912, 5.364580322005403 ], [ -74.680946142080657, 5.371325883166835 ], [ -74.677862805404558, 5.377771641609983 ], [ -74.682854874308731, 5.387665131313416 ], [ -74.685204083204795, 5.398907733249136 ], [ -74.681533444304677, 5.403104971305139 ], [ -74.674045340948439, 5.402955069945995 ], [ -74.666997714260205, 5.40520359033314 ], [ -74.665823109812166, 5.409400828389143 ], [ -74.667731842040226, 5.420343627606576 ], [ -74.676541375400518, 5.431286426824012 ], [ -74.676981852068536, 5.436532974394015 ], [ -74.671108829828341, 5.442229226041445 ], [ -74.667144539816206, 5.44342843691459 ], [ -74.654517541999795, 5.439980705654302 ], [ -74.64996594976364, 5.445676957301733 ], [ -74.659509610903953, 5.449274589921164 ], [ -74.665382633144148, 5.475507327771179 ], [ -74.665676284256165, 5.483302198446611 ], [ -74.670081050936304, 5.502489572416907 ], [ -74.673751689836422, 5.509534936296625 ], [ -74.674338992060441, 5.515830793380629 ], [ -74.667144539816206, 5.520927439591488 ], [ -74.656279448671853, 5.523175959978633 ], [ -74.645120706415483, 5.533369252400353 ], [ -74.641450067515365, 5.539215405406927 ], [ -74.641450067515365, 5.549558599187789 ], [ -74.645708008639502, 5.55360593588465 ], [ -74.651581030879697, 5.565148340538655 ], [ -74.653049286439753, 5.573842619368945 ], [ -74.648791345315601, 5.586134530818668 ], [ -74.648791345315601, 5.593479697416671 ], [ -74.644680229747479, 5.604572397993249 ], [ -74.64482705530348, 5.618813027111828 ], [ -74.640422288623327, 5.623909673322689 ], [ -74.629557197478974, 5.629306122251834 ], [ -74.629263546366971, 5.63680119020898 ], [ -74.634402440827131, 5.642947145933841 ], [ -74.637045300835226, 5.651341622045845 ], [ -74.635430219719169, 5.661684815826708 ], [ -74.628235767474933, 5.678173965332431 ], [ -74.628823069698953, 5.688667060472437 ], [ -74.627501639694913, 5.696761733866157 ], [ -74.630291325259009, 5.704256801823303 ], [ -74.637779428615247, 5.70920354667502 ], [ -74.649231821983619, 5.708304138520162 ], [ -74.652315158659718, 5.71025285618902 ], [ -74.653636588663772, 5.717298220068739 ], [ -74.657747704231895, 5.723294274434456 ], [ -74.659950087571971, 5.734836679088462 ], [ -74.658041355343912, 5.74383076063704 ], [ -74.660977866464009, 5.752375138108186 ], [ -74.654077065331776, 5.753724250340473 ], [ -74.651140554211679, 5.749077308207041 ], [ -74.652021507547715, 5.740532930735895 ], [ -74.643946101967444, 5.735136481806749 ], [ -74.639688160843306, 5.741282437531608 ], [ -74.638513556395267, 5.754923461213616 ], [ -74.627795290806915, 5.762118726452477 ], [ -74.626033384134857, 5.756872178882474 ], [ -74.620013536338661, 5.758820896551332 ], [ -74.611350828534384, 5.757022080241618 ], [ -74.611204002978383, 5.751775532671615 ], [ -74.601513516282054, 5.747728195974756 ], [ -74.598723830717972, 5.743680859277895 ], [ -74.592703982921762, 5.747128590538183 ], [ -74.591529378473737, 5.754773559854473 ], [ -74.584922228453507, 5.758970797910476 ], [ -74.578608729545309, 5.751625631312472 ], [ -74.567303161732937, 5.758221291114761 ], [ -74.564072999500837, 5.757771587037332 ], [ -74.551005525016407, 5.764966852276193 ], [ -74.55071187390439, 5.773061525669912 ], [ -74.541755514988097, 5.778457974599058 ], [ -74.539406306092019, 5.78520353576049 ], [ -74.533826934963841, 5.786552647992777 ], [ -74.530156296063723, 5.790599984689636 ], [ -74.523989622711511, 5.786102943915348 ], [ -74.517235647135294, 5.791199590126207 ], [ -74.512977706011156, 5.789550675175636 ], [ -74.510922148227095, 5.783704522169061 ], [ -74.505489602654905, 5.785653239837919 ], [ -74.500938010418764, 5.779207481394772 ], [ -74.490366570386414, 5.780256790908774 ], [ -74.487136408154313, 5.772012216155912 ], [ -74.481263385914119, 5.775909651493628 ], [ -74.471279248105787, 5.776659158289342 ], [ -74.462029238077491, 5.77396093382477 ], [ -74.461735586965474, 5.766465865867622 ], [ -74.456303041393298, 5.766915569945051 ], [ -74.447640333589021, 5.764816950917051 ], [ -74.440592706900787, 5.765416556353622 ], [ -74.441326834680808, 5.760020107424476 ], [ -74.433838731324556, 5.761369219656763 ], [ -74.431783173540495, 5.758521093833047 ], [ -74.422973640180203, 5.764667049557906 ], [ -74.418568873500064, 5.770063498487054 ], [ -74.412255374591851, 5.769763695768767 ], [ -74.411227595699827, 5.773511229747341 ], [ -74.404473620123596, 5.779057580035629 ], [ -74.394195831203263, 5.784304127605632 ], [ -74.388322808963068, 5.781605903141059 ], [ -74.372171997802539, 5.800793277111356 ], [ -74.359544999986127, 5.811885977687933 ], [ -74.354259279969952, 5.813534892638505 ], [ -74.345890223277678, 5.82342838234194 ], [ -74.346330699945696, 5.8306236475808 ], [ -74.335025132133325, 5.83721930738309 ], [ -74.333997353241287, 5.827325817679657 ], [ -74.327096552109069, 5.823728185060225 ], [ -74.324747343212991, 5.81938104564508 ], [ -74.317846542080758, 5.813834695356792 ], [ -74.318287018748777, 5.808887950505075 ], [ -74.315350507628679, 5.801692685266214 ], [ -74.310358438724521, 5.798844559442498 ], [ -74.302870335368269, 5.799893868956498 ], [ -74.301402079808227, 5.791499392844494 ], [ -74.311679868728561, 5.785053634401346 ], [ -74.307715578716426, 5.778158171880771 ], [ -74.307128276492406, 5.771862314796768 ], [ -74.295088580900014, 5.762118726452477 ], [ -74.295822708680035, 5.754623658495331 ], [ -74.288921907547817, 5.749976716361899 ], [ -74.287160000875758, 5.745479675587611 ], [ -74.302283033144249, 5.724193682589314 ], [ -74.301255254252212, 5.715199601040738 ], [ -74.304191765372309, 5.709653250752448 ], [ -74.296263185348053, 5.706355420851303 ], [ -74.293326674227956, 5.701708478717873 ], [ -74.279965548631523, 5.699160155612444 ], [ -74.277175863067427, 5.696312029788728 ], [ -74.278056816403463, 5.688667060472437 ], [ -74.28348936197564, 5.679523077564718 ], [ -74.285104443091683, 5.66378343485471 ], [ -74.293033023115953, 5.663333730777281 ], [ -74.293620325339973, 5.65973609815785 ], [ -74.308596532052462, 5.647144383989843 ], [ -74.306100497600383, 5.638450105159552 ], [ -74.309477485388484, 5.628706516815261 ], [ -74.315056856516676, 5.623010265167831 ], [ -74.310211613168505, 5.618813027111828 ], [ -74.305806846488366, 5.604872200711534 ], [ -74.302136207588248, 5.585385024022952 ], [ -74.297731440908109, 5.57504183024209 ], [ -74.291711593111899, 5.569195677235515 ], [ -74.283048885307622, 5.566347551411799 ], [ -74.272477445275271, 5.560501398405225 ], [ -74.259556796346857, 5.559751891609509 ], [ -74.250600437430563, 5.550757810060934 ], [ -74.249719484094527, 5.547459980159789 ], [ -74.24296550851831, 5.544761755695215 ], [ -74.240322648510215, 5.539215405406927 ], [ -74.245902019638407, 5.53217004152721 ], [ -74.245608368526391, 5.522576354542061 ], [ -74.251334565210584, 5.506986613191196 ], [ -74.251040914098567, 5.502189769698622 ], [ -74.254417901886683, 5.497992531642619 ], [ -74.25412425077468, 5.489148351453186 ], [ -74.244580589634353, 5.476256834566892 ], [ -74.232540894041961, 5.480154269904609 ], [ -74.225786918465744, 5.490347562326328 ], [ -74.214334525097371, 5.498292334360905 ], [ -74.201854352836961, 5.496943222128619 ], [ -74.194219423924707, 5.486600028347756 ], [ -74.186584495012454, 5.47355861010232 ], [ -74.182326553888316, 5.463665120398885 ], [ -74.17762813609616, 5.459617783702027 ], [ -74.172048764967982, 5.460517191856884 ], [ -74.159128116039554, 5.44807537904802 ], [ -74.151052710459297, 5.444327845069448 ], [ -74.143858258215062, 5.448525083125449 ], [ -74.13710428263883, 5.443278535555446 ], [ -74.128735225946571, 5.429937314591725 ], [ -74.123155854818378, 5.429037906436867 ], [ -74.119778867030277, 5.449274589921164 ], [ -74.113024891454046, 5.46696295030003 ], [ -74.116401879242161, 5.474158215538892 ], [ -74.109501078109929, 5.473258807384034 ], [ -74.098048684741556, 5.469811076123746 ], [ -74.094818522509456, 5.466363344863459 ], [ -74.097020905849519, 5.459617783702027 ], [ -74.094084394729435, 5.449874195357736 ], [ -74.097608208073538, 5.440130607013445 ], [ -74.092762964725381, 5.437282481189729 ], [ -74.080429618020986, 5.416745994987147 ], [ -74.073528816888754, 5.408201617515998 ], [ -74.067949445760576, 5.405053688973998 ], [ -74.061929597964379, 5.405353491692282 ], [ -74.055616099056166, 5.401456056354566 ], [ -74.044897833467815, 5.404304182178282 ], [ -74.040493066787676, 5.393061580242562 ], [ -74.031683533427383, 5.387515229954274 ], [ -74.021993046731069, 5.386465920440272 ], [ -74.023754953403127, 5.381519175588555 ], [ -74.023608127847112, 5.370426475011977 ], [ -74.019937488946994, 5.366079335596832 ], [ -74.00965970002666, 5.368327855983977 ], [ -73.999675562218329, 5.367578349188263 ], [ -73.998647783326305, 5.370726277730264 ], [ -73.990572377746034, 5.375523121222838 ], [ -73.986314436621896, 5.387215427235987 ], [ -73.982643797721778, 5.390663158496275 ], [ -73.983965227725818, 5.395759804707136 ], [ -73.981469193273739, 5.403554675382568 ], [ -73.972953311025464, 5.419294318092576 ], [ -73.964731079889191, 5.422142443916292 ], [ -73.956949325420936, 5.421542838479721 ], [ -73.947552489836625, 5.418095107219433 ], [ -73.947112013168606, 5.42409116158515 ], [ -73.942119944264448, 5.434134552647728 ], [ -73.929933423116054, 5.439531001576873 ], [ -73.9253818308799, 5.439980705654302 ], [ -73.912461181951471, 5.43218583497887 ], [ -73.905413555263237, 5.445976760020019 ], [ -73.9011556141391, 5.447775576329735 ], [ -73.903798474147194, 5.453022123899738 ], [ -73.901596090807118, 5.475357426412036 ], [ -73.904385776371214, 5.482252888932611 ], [ -73.902917520811158, 5.486899831066041 ], [ -73.904826253039232, 5.492596082713473 ], [ -73.908937368607354, 5.494244997664045 ], [ -73.909524670831374, 5.500241052029764 ], [ -73.906294508599274, 5.506986613191196 ], [ -73.91099292639143, 5.514781483866629 ], [ -73.911286577503432, 5.522726255901204 ], [ -73.904973078595233, 5.529321915703494 ], [ -73.897631800794983, 5.528422507548636 ], [ -73.897925451907, 5.523475762696919 ], [ -73.890584174106763, 5.512682864838626 ], [ -73.884564326310567, 5.522576354542061 ], [ -73.875020665170254, 5.526173987161491 ], [ -73.868853991818042, 5.532469844245495 ], [ -73.857548424005671, 5.531120732013208 ], [ -73.853730959549551, 5.538315997252069 ], [ -73.848885716201394, 5.54341264346293 ], [ -73.838901578393063, 5.54701027608236 ], [ -73.831119823924809, 5.553006330448077 ], [ -73.818052349440379, 5.554205541321221 ], [ -73.804691223843946, 5.571444197622658 ], [ -73.79999280605179, 5.563499425588083 ], [ -73.789861842687458, 5.553156231807221 ], [ -73.788687238239419, 5.545811065209217 ], [ -73.791623749359516, 5.531420534731494 ], [ -73.785457076007319, 5.505637500958909 ], [ -73.782667390443223, 5.499791347952335 ], [ -73.768865788178772, 5.486600028347756 ], [ -73.759028475926442, 5.48480121203804 ], [ -73.747135605890051, 5.489598055530615 ], [ -73.74317131587793, 5.469061569328033 ], [ -73.734949084741658, 5.47250930058832 ], [ -73.728341934721442, 5.479104960390608 ], [ -73.717917320245107, 5.476256834566892 ], [ -73.717330018021073, 5.46591364078603 ], [ -73.71953240136115, 5.458868276906313 ], [ -73.706758577988737, 5.455870249723453 ], [ -73.696627614624404, 5.446726266815735 ], [ -73.69016729016019, 5.447475773611449 ], [ -73.679155373459835, 5.454071433413739 ], [ -73.675044257891699, 5.442229226041445 ], [ -73.6784212456798, 5.434734158084299 ], [ -73.671814095659585, 5.433385045852012 ], [ -73.655369633387053, 5.426189780613151 ], [ -73.653754552270996, 5.417795304501147 ], [ -73.647441053362797, 5.41539688275486 ], [ -73.640980728898583, 5.417945205860289 ], [ -73.626885475522116, 5.412698658290286 ], [ -73.617782291049821, 5.404304182178282 ], [ -73.611615617697623, 5.405353491692282 ], [ -73.594290202089041, 5.400256845481423 ], [ -73.590032260964904, 5.389913651700561 ], [ -73.598694968769195, 5.378371247046554 ], [ -73.599429096549216, 5.370276573652835 ], [ -73.59473067875706, 5.361132590745116 ], [ -73.593262423197018, 5.346891961626537 ], [ -73.590619563188923, 5.344043835802821 ], [ -73.593702899865036, 5.33789788007796 ], [ -73.593996550977039, 5.329203601247669 ], [ -73.599282270993214, 5.321858434649665 ], [ -73.599429096549216, 5.318860407466807 ], [ -73.589885435408902, 5.310016227277374 ], [ -73.589151307628882, 5.307467904171944 ], [ -73.577258437592491, 5.301471849806226 ], [ -73.56727429978416, 5.304619778348228 ], [ -73.556702859751823, 5.299523132137367 ], [ -73.549802058619591, 5.297724315827653 ], [ -73.543194908599375, 5.288730234279076 ], [ -73.536734584135161, 5.285432404377931 ], [ -73.531889340787004, 5.277937336420785 ], [ -73.533798073015063, 5.272091183414211 ], [ -73.531302038562984, 5.265045819534492 ], [ -73.526897271882845, 5.258899863809632 ], [ -73.527778225218867, 5.244509333331909 ], [ -73.523960760762748, 5.237314068093048 ], [ -73.516766308518513, 5.234465942269332 ], [ -73.515151227402455, 5.231318013727331 ], [ -73.52352028409473, 5.22052511586904 ], [ -73.524548062986767, 5.214079357425892 ], [ -73.521905202978672, 5.210631626165605 ], [ -73.52352028409473, 5.200438333743885 ], [ -73.521905202978672, 5.192193758991023 ], [ -73.510305984054298, 5.187996520935022 ], [ -73.508250426270223, 5.185148395111306 ], [ -73.511921065170355, 5.177953129872445 ], [ -73.50986550738628, 5.171657272788441 ], [ -73.511921065170355, 5.162363388521579 ], [ -73.503698834034083, 5.151720392022431 ], [ -73.492980568445731, 5.154118813768718 ], [ -73.481675000633359, 5.153968912409575 ], [ -73.47727023395322, 5.148122759402999 ], [ -73.484758337309458, 5.142876211832998 ], [ -73.49165913844169, 5.128935385432704 ], [ -73.491071836217671, 5.120391007961556 ], [ -73.494595649561774, 5.106300280202119 ], [ -73.488428976209576, 5.09250935516097 ], [ -73.484171035085438, 5.089061623900682 ], [ -73.482262302857379, 5.083215470894108 ], [ -73.479913093961301, 5.063728294205526 ], [ -73.487548022873554, 5.058931450712952 ], [ -73.486226592869514, 5.050836777319232 ], [ -73.496210730677831, 5.039893978101799 ], [ -73.502524229586044, 5.039744076742655 ], [ -73.516032180738478, 5.035396937327509 ], [ -73.521758377422671, 5.028351573447792 ], [ -73.521905202978672, 5.017558675589501 ], [ -73.517794087410536, 5.011112917146353 ], [ -73.515738529626475, 5.00376775054835 ], [ -73.510305984054298, 4.997921597541775 ], [ -73.510159158498283, 4.992824951330916 ], [ -73.516913134074514, 4.990576430943771 ], [ -73.518675040746572, 4.979483730367193 ], [ -73.524107586318749, 4.973487676001477 ], [ -73.533798073015063, 4.953850597953751 ], [ -73.540845699703297, 4.949803261256892 ], [ -73.544222687491413, 4.945006417764318 ], [ -73.546865547499493, 4.930465985927452 ], [ -73.546718721943492, 4.923570523406878 ], [ -73.541139350815314, 4.911128710598013 ], [ -73.541726653039319, 4.907680979337726 ], [ -73.53864331636322, 4.896588278761148 ], [ -73.532770294123026, 4.891191829832002 ], [ -73.524548062986767, 4.892241139346003 ], [ -73.520877424086649, 4.878899918382282 ], [ -73.513829797398415, 4.879349622459711 ], [ -73.502524229586044, 4.883546860515712 ], [ -73.49415517289377, 4.883996564593141 ], [ -73.486667069537518, 4.890892027113718 ], [ -73.472278165049048, 4.890292421677144 ], [ -73.469635305040967, 4.892690843423432 ], [ -73.451575761652379, 4.882947255079141 ], [ -73.446436867192205, 4.889842717599715 ], [ -73.43733368271991, 4.887144493135144 ], [ -73.431754311591718, 4.881448241487711 ], [ -73.421036046003366, 4.879349622459711 ], [ -73.414135244871147, 4.88084863605114 ], [ -73.401948723722739, 4.879949227896282 ], [ -73.396075701482545, 4.867657316446562 ], [ -73.393432841474464, 4.866008401495988 ], [ -73.392992364806446, 4.855065602278555 ], [ -73.391230458134388, 4.848919646553694 ], [ -73.383301878110132, 4.84817013975798 ], [ -73.374639170305855, 4.839775663645974 ], [ -73.375373298085876, 4.831830891611399 ], [ -73.371849484741759, 4.827483752196254 ], [ -73.365682811389561, 4.825385133168253 ], [ -73.36744471806162, 4.818939374725105 ], [ -73.372289961409777, 4.811144504049673 ], [ -73.371849484741759, 4.800801310268811 ], [ -73.364655032497524, 4.799152395318239 ], [ -73.357754231365291, 4.794955157262236 ], [ -73.352762162461133, 4.795854565417094 ], [ -73.333821665736508, 4.78850939881909 ], [ -73.329857375724387, 4.783112949889945 ], [ -73.324865306820215, 4.782063640375942 ], [ -73.320901016808094, 4.775917684651083 ], [ -73.31385339011986, 4.770521235721938 ], [ -73.313412913451842, 4.764824984074505 ], [ -73.310035925663726, 4.759278633786216 ], [ -73.310329576775743, 4.75283287534307 ], [ -73.306071635651605, 4.744588300590208 ], [ -73.308861321215687, 4.739641555738491 ], [ -73.306365286763608, 4.73139698098563 ], [ -73.301960520083469, 4.728548855161914 ], [ -73.295353370063253, 4.727649447007056 ], [ -73.291095428939116, 4.723752011669339 ], [ -73.283166848914846, 4.72225299807791 ], [ -73.281258116686786, 4.726899940211342 ], [ -73.269071595538392, 4.740690865252492 ], [ -73.262611271074178, 4.736793429914775 ], [ -73.257178725502001, 4.738742147583634 ], [ -73.248222366585708, 4.733195797295346 ], [ -73.236329496549317, 4.736793429914775 ], [ -73.232071555425179, 4.734395008168488 ], [ -73.222968370952884, 4.733345698654488 ], [ -73.21973820872077, 4.724951222542484 ], [ -73.228254090969045, 4.714907831479906 ], [ -73.228547742081062, 4.70996108662819 ], [ -73.234420764321257, 4.694371345277324 ], [ -73.226785835409004, 4.686126770524463 ], [ -73.223555673176904, 4.678631702567315 ], [ -73.215773918708635, 4.676832886257601 ], [ -73.207845338684379, 4.680580420236173 ], [ -73.193456434195909, 4.672185944124169 ], [ -73.189345318627772, 4.672185944124169 ], [ -73.181857215271535, 4.66813860742731 ], [ -73.15968655631481, 4.662442355779878 ], [ -73.154254010742619, 4.657345709569019 ], [ -73.147353209610401, 4.655396991900161 ], [ -73.132817479565929, 4.665140580244452 ], [ -73.127531759549754, 4.665590284321881 ], [ -73.120924609529538, 4.671436437328455 ], [ -73.112702378393266, 4.661243144906735 ], [ -73.103305542808954, 4.661243144906735 ], [ -73.100222206132855, 4.669487719659597 ], [ -73.091412672772563, 4.676233280821028 ], [ -73.089944417212521, 4.681629729750175 ], [ -73.091412672772563, 4.688824994989035 ], [ -73.085686476088384, 4.698268780615041 ], [ -73.079666628292188, 4.7044147363399 ], [ -73.080400756072208, 4.70891177711419 ], [ -73.072031699379934, 4.719854576331623 ], [ -73.07863884940015, 4.726450236133913 ], [ -73.072472176047938, 4.738142542147062 ], [ -73.062047561571603, 4.731846685063059 ], [ -73.055880888219406, 4.736793429914775 ], [ -73.05250390043129, 4.736343725837346 ] ] ] } },
{ "type": "Feature", "properties": { "Código departamento": "11", "Departamento": "BOGOTÁ, D.C." }, "geometry": { "type": "Polygon", "coordinates": [ [ [ -74.150612233791279, 4.004825093219805 ], [ -74.154429698247412, 4.01321956933181 ], [ -74.160302720487593, 4.017866511465241 ], [ -74.169846381627906, 4.01576789243724 ], [ -74.175425752756098, 4.018016412824385 ], [ -74.183941635004373, 4.008722528557521 ], [ -74.193632121700688, 4.013819174768382 ], [ -74.195247202816745, 4.016367497873811 ], [ -74.206846421741119, 4.014118977486668 ], [ -74.217564687329471, 4.00812292312095 ], [ -74.229310731809861, 3.9943319980798 ], [ -74.233421847377997, 3.981590382552651 ], [ -74.232834545153978, 3.978142651292361 ], [ -74.239441695174193, 3.969148569743786 ], [ -74.243846461854332, 3.95505784198435 ], [ -74.251187739654583, 3.947712675386346 ], [ -74.259997273014861, 3.94741287266806 ], [ -74.256179808558741, 3.933022342190339 ], [ -74.256473459670744, 3.927925695979478 ], [ -74.265282993031036, 3.928825104134336 ], [ -74.274092526391328, 3.924328063360048 ], [ -74.275854433063387, 3.912785658706041 ], [ -74.281433804191565, 3.901543056770321 ], [ -74.293179848671954, 3.887002624933456 ], [ -74.297584615352093, 3.883255090954882 ], [ -74.304044939816308, 3.882955288236595 ], [ -74.310652089836523, 3.888201835806599 ], [ -74.317552890968756, 3.878907951539737 ], [ -74.3128544731766, 3.866616040090016 ], [ -74.305660020932365, 3.855373438154296 ], [ -74.304044939816308, 3.850426693302578 ], [ -74.307128276492406, 3.840383302240002 ], [ -74.29978699869217, 3.838884288648573 ], [ -74.294794929788011, 3.832738332923712 ], [ -74.294941755344013, 3.822844843220278 ], [ -74.29846556868813, 3.817748197009418 ], [ -74.306834625380404, 3.818797506523418 ], [ -74.316818763188735, 3.815199873903988 ], [ -74.318287018748777, 3.823594350015992 ], [ -74.326215598773032, 3.826742278557995 ], [ -74.329445761005147, 3.821795533706276 ], [ -74.335465608801343, 3.821795533706276 ], [ -74.336640213249382, 3.811602241284556 ], [ -74.3435410143816, 3.812501649439414 ], [ -74.352203722185891, 3.804706778763982 ], [ -74.352350547741892, 3.799760033912265 ], [ -74.358223569982087, 3.795712697215406 ], [ -74.362628336662226, 3.789566741490545 ], [ -74.377164066706712, 3.783270884406542 ], [ -74.377017241150696, 3.777874435477396 ], [ -74.39390218009126, 3.76992966344282 ], [ -74.387148204515029, 3.760635779175958 ], [ -74.387148204515029, 3.752691007141382 ], [ -74.394342656759264, 3.75359041529624 ], [ -74.398894248995418, 3.751341894909096 ], [ -74.397866470103381, 3.745046037825093 ], [ -74.401537109003499, 3.737401068508802 ], [ -74.405795050127637, 3.737101265790517 ], [ -74.415926013491969, 3.74084879976909 ], [ -74.424735546852261, 3.741448405205662 ], [ -74.428993487976399, 3.737101265790517 ], [ -74.43956492800875, 3.73065550734737 ], [ -74.445584775804946, 3.735302449480801 ], [ -74.449989542485099, 3.743097320156235 ], [ -74.45072367026512, 3.749842881317666 ], [ -74.446906205808986, 3.755239330246813 ], [ -74.440445881344786, 3.757937554711385 ], [ -74.433691905768555, 3.764683115872818 ], [ -74.433691905768555, 3.778923744991396 ], [ -74.430902220204473, 3.784470095279686 ], [ -74.425029197964278, 3.784470095279686 ], [ -74.415632362379966, 3.794513486342262 ], [ -74.41210854903585, 3.803957271968268 ], [ -74.405941875683652, 3.810253129052271 ], [ -74.402711713451538, 3.815949380699702 ], [ -74.3952236100953, 3.824044054093421 ], [ -74.393755354535244, 3.83213872748714 ], [ -74.390378366747143, 3.84128271039486 ], [ -74.389497413411107, 3.849677186506864 ], [ -74.385679948954987, 3.85612294495001 ], [ -74.386560902291009, 3.8627186047523 ], [ -74.381715658942852, 3.872012489019162 ], [ -74.375402160034653, 3.876659431152592 ], [ -74.370556916686496, 3.886702822215169 ], [ -74.36835453334642, 3.894797495608889 ], [ -74.365124371114305, 3.898694930946605 ], [ -74.359544999986127, 3.913834968220042 ], [ -74.35469975663797, 3.944564746844343 ], [ -74.35660848886603, 3.946513464513202 ], [ -74.35602118664201, 3.964201824892069 ], [ -74.356902139978047, 3.970947386053502 ], [ -74.365564847782323, 3.981890185270935 ], [ -74.374521206698617, 3.986087423326938 ], [ -74.362187859994208, 4.012320161176953 ], [ -74.362921987774243, 4.022963157676101 ], [ -74.366152150006343, 4.036304378639822 ], [ -74.361013255546169, 4.048296487371258 ], [ -74.354846582193971, 4.051894119990687 ], [ -74.350735466625835, 4.056840864842406 ], [ -74.350441815513832, 4.074679126580414 ], [ -74.344568793273638, 4.088170248903279 ], [ -74.342513235489577, 4.101661371226144 ], [ -74.33898942214546, 4.103010483458431 ], [ -74.330179888785167, 4.120249139759868 ], [ -74.328858458781127, 4.125195884611585 ], [ -74.324453692100974, 4.127294503639587 ], [ -74.31740606541274, 4.122947364224442 ], [ -74.306687799824402, 4.111255058211293 ], [ -74.29596953423605, 4.104359595690716 ], [ -74.279671897519506, 4.101961173944431 ], [ -74.273064747499291, 4.099262949479857 ], [ -74.265723469699054, 4.091617980163567 ], [ -74.259997273014861, 4.091318177445282 ], [ -74.253390122994645, 4.100012456275571 ], [ -74.245608368526391, 4.103310286176716 ], [ -74.246489321862427, 4.112604170443578 ], [ -74.243552810742329, 4.131491741695588 ], [ -74.244580589634353, 4.137937500138736 ], [ -74.242525031850292, 4.153827044207886 ], [ -74.243112334074311, 4.15967319721446 ], [ -74.239882171842211, 4.171065700509325 ], [ -74.241497252958254, 4.180809288853616 ], [ -74.236211532942093, 4.20044636690134 ], [ -74.234743277382037, 4.201495676415342 ], [ -74.23180676626194, 4.216635713688778 ], [ -74.228136127361822, 4.222182063977066 ], [ -74.220207547337566, 4.225329992519069 ], [ -74.217711512885472, 4.234473975426787 ], [ -74.207727375077155, 4.243468056975364 ], [ -74.207874200633157, 4.248414801827081 ], [ -74.20435038728904, 4.252761941242226 ], [ -74.206405945073115, 4.258008488812229 ], [ -74.205524991737079, 4.268951288029663 ], [ -74.210663886197253, 4.272099216571665 ], [ -74.217124210661467, 4.273298427444808 ], [ -74.216977385105452, 4.277195862782524 ], [ -74.221822628453609, 4.282142607634243 ], [ -74.216683733993449, 4.286789549767673 ], [ -74.21550912954541, 4.300730376167967 ], [ -74.213747222873351, 4.306876331892828 ], [ -74.21492182732139, 4.318418736546833 ], [ -74.215949606213428, 4.341653447213988 ], [ -74.21741786177347, 4.345850685269991 ], [ -74.215215478433393, 4.356793484487425 ], [ -74.215802780657413, 4.364288552444573 ], [ -74.21360039731735, 4.374481844866293 ], [ -74.21418769954137, 4.38047789923201 ], [ -74.210663886197253, 4.385424644083726 ], [ -74.212278967313296, 4.393369416118303 ], [ -74.208461502857176, 4.406710637082024 ], [ -74.203909910621022, 4.414655409116601 ], [ -74.204056736177037, 4.418103140376888 ], [ -74.198183713936842, 4.426647517848035 ], [ -74.194366249480709, 4.426647517848035 ], [ -74.194953551704728, 4.434142585805183 ], [ -74.191136087248609, 4.4422372591989 ], [ -74.189521006132551, 4.449432524437761 ], [ -74.183941635004373, 4.463073548119769 ], [ -74.182620205000333, 4.479562697625492 ], [ -74.178068612764179, 4.486458160146069 ], [ -74.178802740544199, 4.49620174849036 ], [ -74.181592426108296, 4.503846717806648 ], [ -74.174544799420062, 4.507144547707793 ], [ -74.181298774996293, 4.513590306150939 ], [ -74.183207507224353, 4.522434486340374 ], [ -74.187024971680472, 4.52738123119209 ], [ -74.180124170548254, 4.53652521409981 ], [ -74.173810671640041, 4.540422649437526 ], [ -74.177334484984158, 4.54671850652153 ], [ -74.17689400831614, 4.56050943156268 ], [ -74.179096391656216, 4.569353611752113 ], [ -74.175278927200083, 4.575199764758687 ], [ -74.179390042768219, 4.577148482427545 ], [ -74.180858298328275, 4.586892070771836 ], [ -74.183794809448372, 4.596485757756985 ], [ -74.204056736177037, 4.600982798531272 ], [ -74.21873929177751, 4.618071553473569 ], [ -74.223437709569666, 4.626016325508144 ], [ -74.21741786177347, 4.634110998901863 ], [ -74.212719443981314, 4.634710604338435 ], [ -74.206993247297135, 4.645353600837583 ], [ -74.197009109488803, 4.650450247048442 ], [ -74.193778947256689, 4.655247090541017 ], [ -74.187024971680472, 4.651649457921587 ], [ -74.180417821660257, 4.652249063358158 ], [ -74.172195590523984, 4.657195808209875 ], [ -74.167350347175827, 4.656596202773303 ], [ -74.163092406051689, 4.65944432859702 ], [ -74.161183673823629, 4.66708929791331 ], [ -74.169993207183921, 4.669038015582168 ], [ -74.174838450532079, 4.676682984898457 ], [ -74.173810671640041, 4.682229335186746 ], [ -74.167790823843845, 4.687625784115892 ], [ -74.172342416079999, 4.696320062946183 ], [ -74.169699556071905, 4.698568583333325 ], [ -74.172195590523984, 4.711310198860477 ], [ -74.169405904959902, 4.715207634198193 ], [ -74.16059637159961, 4.720004477690767 ], [ -74.158393988259533, 4.725251025260769 ], [ -74.151640012683316, 4.722702702155339 ], [ -74.148997152675221, 4.725700729338198 ], [ -74.137544759306849, 4.730797375549058 ], [ -74.125945540382475, 4.729598164675914 ], [ -74.129616179282593, 4.738742147583634 ], [ -74.130056655950611, 4.746087314181637 ], [ -74.125358238158455, 4.747286525054782 ], [ -74.125358238158455, 4.754032086216214 ], [ -74.120219343698281, 4.754631691652786 ], [ -74.12139394814632, 4.759878239222789 ], [ -74.11684235591018, 4.761826956891647 ], [ -74.114493147014102, 4.771420643876795 ], [ -74.114933623682106, 4.785511371636232 ], [ -74.108032822549887, 4.788659300178232 ], [ -74.105243136985791, 4.796753973571952 ], [ -74.095552650289477, 4.799002493959095 ], [ -74.0933502669494, 4.790757919206233 ], [ -74.087183593597203, 4.796154368135379 ], [ -74.088505023601243, 4.80334963337424 ], [ -74.079989141352968, 4.808446279585101 ], [ -74.087036768041202, 4.816091248901391 ], [ -74.086449465817182, 4.821037993753108 ], [ -74.07896136246093, 4.822087303267108 ], [ -74.086743116929185, 4.83243049704797 ], [ -74.074997072448809, 4.836777636463116 ], [ -74.070885956880673, 4.828682963069396 ], [ -74.062957376856403, 4.832880201125399 ], [ -74.056203401280186, 4.828982765787683 ], [ -74.05209228571205, 4.832580398407113 ], [ -74.040786717899678, 4.826884146759682 ], [ -74.031536707871382, 4.823436415499395 ], [ -74.009219223358642, 4.821037993753108 ], [ -74.003639852230464, 4.814892038028247 ], [ -74.005548584458523, 4.810694799972244 ], [ -73.999088259994309, 4.805598153761385 ], [ -73.999088259994309, 4.802600126578526 ], [ -74.006282712238544, 4.79765338172681 ], [ -74.012596211146757, 4.798252987163381 ], [ -74.015826373378857, 4.79210703143852 ], [ -74.015826373378857, 4.775318079214512 ], [ -74.018616058942953, 4.764824984074505 ], [ -74.017294628938913, 4.76152715417336 ], [ -74.008925572246639, 4.754931494371072 ], [ -74.007163665574581, 4.739341753020205 ], [ -74.008631921134622, 4.733945304091059 ], [ -74.007457316686583, 4.716107042353051 ], [ -74.010100176694678, 4.715207634198193 ], [ -74.014358117818816, 4.698118879255898 ], [ -74.010540653362696, 4.68297884198246 ], [ -74.001584294446403, 4.6757835767436 ], [ -74.007016840018579, 4.664540974807879 ], [ -74.016266850046875, 4.661692848984162 ], [ -74.02213987228707, 4.662742158498165 ], [ -74.026104162299205, 4.660043934033591 ], [ -74.028600196751285, 4.654347682386159 ], [ -74.028306545639268, 4.642955179091296 ], [ -74.022286697843072, 4.642505475013867 ], [ -74.009366048914657, 4.638158335598722 ], [ -74.009806525582661, 4.626765832303859 ], [ -73.998794608882307, 4.627065635022144 ], [ -73.99277476108611, 4.630063662205003 ], [ -73.986167611065895, 4.629763859486718 ], [ -73.99527079553819, 4.614174118135852 ], [ -73.997032702210248, 4.606079444742133 ], [ -73.994243016646152, 4.60083289717213 ], [ -74.003493026674462, 4.58599266261698 ], [ -74.003052550006444, 4.578797397378119 ], [ -74.005401758902522, 4.560659332921822 ], [ -74.014504943374817, 4.56155874107668 ], [ -74.028893847863287, 4.558560713893821 ], [ -74.028600196751285, 4.551515350014104 ], [ -74.031977184539386, 4.539373339923526 ], [ -74.035647823439518, 4.535625805944952 ], [ -74.038731160115617, 4.52738123119209 ], [ -74.042254973459734, 4.512391095277796 ], [ -74.051798634600047, 4.512391095277796 ], [ -74.055909750168183, 4.509093265376651 ], [ -74.071913735772696, 4.51314060207351 ], [ -74.073675642444755, 4.508343758580938 ], [ -74.072794689108733, 4.502047901496934 ], [ -74.075143898004811, 4.486308258786925 ], [ -74.074703421336793, 4.469669207922059 ], [ -74.076465328008851, 4.462473942683197 ], [ -74.084981210257126, 4.45647788831748 ], [ -74.091882011389359, 4.458876310063768 ], [ -74.100838370305652, 4.452730354338907 ], [ -74.10700504365785, 4.44673429997319 ], [ -74.112143938118024, 4.433093276291182 ], [ -74.112584414786028, 4.416903929503744 ], [ -74.11684235591018, 4.404462116694881 ], [ -74.113905844790082, 4.394868429709732 ], [ -74.114493147014102, 4.385874348161155 ], [ -74.111262984781987, 4.385874348161155 ], [ -74.10568361365381, 4.379578491077152 ], [ -74.097755033629554, 4.379878293795438 ], [ -74.094378045841438, 4.363389144289715 ], [ -74.097755033629554, 4.356043977691711 ], [ -74.098195510297558, 4.345550882551705 ], [ -74.10568361365381, 4.336406899643985 ], [ -74.106270915877829, 4.327862522172839 ], [ -74.112437589230026, 4.325314199067409 ], [ -74.114199495902085, 4.313471991695116 ], [ -74.121981250370339, 4.307775740047684 ], [ -74.125211412602454, 4.299830968013109 ], [ -74.129175702614575, 4.284241226662243 ], [ -74.136076503746807, 4.273148526085666 ], [ -74.146354292667141, 4.265053852691946 ], [ -74.152227314907336, 4.256359573861658 ], [ -74.151493187127315, 4.250813223573368 ], [ -74.145326513775103, 4.245116971925936 ], [ -74.145473339331119, 4.240170227074219 ], [ -74.141362223762982, 4.232375356398786 ], [ -74.135636027078789, 4.227878315624499 ], [ -74.138132061530868, 4.220533149026495 ], [ -74.137838410418865, 4.212738278351062 ], [ -74.13578285263479, 4.205243210393914 ], [ -74.125505063714456, 4.192951298944194 ], [ -74.125798714826473, 4.187255047296762 ], [ -74.121247122590319, 4.179909880698758 ], [ -74.111850287006007, 4.182308302445045 ], [ -74.109354252553928, 4.168667278763038 ], [ -74.112731240342043, 4.164320139347892 ], [ -74.114493147014102, 4.155326057799315 ], [ -74.113465368122064, 4.146032173532453 ], [ -74.109354252553928, 4.133290558005304 ], [ -74.119044739250242, 4.125795490048158 ], [ -74.129028877058573, 4.125345785970729 ], [ -74.131524911510652, 4.10346018753586 ], [ -74.127854272610534, 4.100162357634715 ], [ -74.132699515958691, 4.080525279586989 ], [ -74.126239191494477, 4.068683072214697 ], [ -74.125358238158455, 4.05504204853269 ], [ -74.134167771518747, 4.034355660970964 ], [ -74.137397933750847, 4.032257041942963 ], [ -74.139893968202927, 4.025661382140673 ], [ -74.146794769335159, 4.016667300592098 ], [ -74.150612233791279, 4.004825093219805 ] ] ] } }
]
}
