IDExpediente,Estado,Regional,Departamento,Municipio,Vereda,Class,TipoCombustible,TipoFuenteEmision,Latitud,Longitud,PrecisionUbicacion,ProbabilidadIncidencia_SO2,ProbabilidadIncidencia_PM2.5,ProbabilidadIncidencia_NO2,ProbabilidadIncidencia_CO,ProbabilidadIncidencia_NO,ProbabilidadIncidencia_PM10,ProbabilidadIncidencia_NOX,ProbabilidadIncidencia_O3
73640,Seguimiento y Control,Sabana Occidente,Cundinamarca,MOSQUERA,CENTRO,,Otros,Horno,4.703417522164974,-74.22656074120917,Alta,0.5111111111111111,0.8,0.7111111111111111,0.5777777777777778,0.7111111111111111,0.8,0.7555555555555555,0.3333333333333333
73788,Seguimiento y Control,Ubate,Cundinamarca,LENGUAZAQUE,RESGUARDO,,Carbón,Caldera horno,5.318407377599899,-73.70428142050933,Alta,0.7555555555555555,0.8,0.6888888888888889,0.6444444444444445,0.6888888888888889,0.8,0.7333333333333333,0.26666666666666666
74314,Seguimiento y Control,Sabana Occidente,Cundinamarca,MADRID,LA PUNTA,,ACPM,Caldera horno,4.800461743437419,-74.21035542351376,Alta,0.9555555555555555,0.8,0.8888888888888888,0.6444444444444445,0.8888888888888888,0.8,0.9333333333333333,0.39999999999999997
75972,Seguimiento y Control,Sabana Occidente,Cundinamarca,MOSQUERA,BALSILLAS,,Fuel Oil No.8,Planta de asfalto,4.678796745272664,-74.28411217939394,Alta,0.8666666666666667,0.7777777777777778,0.7777777777777778,0.6000000000000001,0.7777777777777778,0.8444444444444444,0.8222222222222223,0.4444444444444444
78824,Seguimiento y Control,Sabana Occidente,Cundinamarca,FUNZA,EL HATO,,Carbón,Caldera horno,4.699589511070331,-74.19375177162796,Alta,0.7555555555555555,0.8,0.6888888888888889,0.6444444444444445,0.6888888888888889,0.8,0.7333333333333333,0.26666666666666666
79754,Seguimiento y Control,Ubate,Cundinamarca,TAUSA,RASGATÁ,,Carbón,Horno,5.186499421111086,-73.88197627029925,Alta,0.7111111111111111,0.8,0.6444444444444445,0.6444444444444445,0.6444444444444445,0.8,0.6888888888888889,0.26666666666666666
80558,Seguimiento y Control,Sabana Occidente,Cundinamarca,FUNZA,LA ISLA,,Coque,Caldera,4.744925265784511,-74.17508267728543,Alta,0.8222222222222223,0.8444444444444444,0.7555555555555555,0.5333333333333334,0.8222222222222223,0.8444444444444444,0.7999999999999999,0.39999999999999997
83236,Seguimiento y Control,Sabana Centro,Cundinamarca,COTA,VUELTA GRANDE,,Carbón,Caldera,4.756802846772209,-74.14035346537922,Alta,0.7555555555555555,0.8,0.6888888888888889,0.6000000000000001,0.6888888888888889,0.8,0.7333333333333333,0.26666666666666666
88514,Seguimiento y Control,Sabana Occidente,Cundinamarca,MOSQUERA,BALSILLAS,,ACPM,Secadores,4.68744271057875,-74.28129363469138,Alta,0.8222222222222222,0.6666666666666666,0.7555555555555555,0.5555555555555556,0.7555555555555555,0.6666666666666666,0.8,0.39999999999999997
89878,Seguimiento y Control,Sabana Occidente,Cundinamarca,MOSQUERA,BALSILLAS,,ACPM,Planta de asfalto,4.680198773239136,-74.28289584257708,Alta,0.8666666666666667,0.7333333333333334,0.8444444444444444,0.6000000000000001,0.8444444444444444,0.8,0.8888888888888888,0.4444444444444444
93120,Seguimiento y Control,Sabana Occidente,Cundinamarca,MOSQUERA,BALSILLAS,,Fuel Oil No.8,Planta de asfalto,4.685590329529632,-74.27629087264197,Alta,0.8666666666666667,0.7777777777777778,0.7777777777777778,0.6000000000000001,0.7777777777777778,0.8444444444444444,0.8222222222222223,0.4444444444444444
102214,Seguimiento y Control,Sabana Centro,Cundinamarca,TENJO,LA PUNTA,,No aplica,No aplica (área de operación),4.781656397575474,-74.18674334861848,Alta,0.24444444444444446,0.6888888888888889,0.20000000000000004,0.17777777777777778,0.24444444444444446,0.7333333333333333,0.2888888888888889,0.17777777777777778
104014,Seguimiento y Control,Sabana Occidente,Cundinamarca,MOSQUERA,BALSILLAS,,ACPM,Caldera,4.668429690322708,-74.26523633666623,Alta,0.9555555555555555,0.8,0.8888888888888888,0.6000000000000001,0.8888888888888888,0.8,0.9333333333333333,0.39999999999999997
109430,Seguimiento y Control,Sabana Occidente,Cundinamarca,MADRID,AREA URBANA,,Madera,Caldera,4.73061248602139,-74.25431946798817,Alta,0.48888888888888893,0.8888888888888888,0.6888888888888889,0.8,0.6222222222222222,0.8888888888888888,0.7333333333333333,0.3333333333333333
117700,Seguimiento y Control,Sabana Occidente,Cundinamarca,MOSQUERA,BALSILLAS,,Fuel Oil No.8,Planta de asfalto,4.677815636514173,-74.2679517245167,Alta,0.8666666666666667,0.7777777777777778,0.7777777777777778,0.6000000000000001,0.7777777777777778,0.8444444444444444,0.8222222222222223,0.4444444444444444
119814,Seguimiento y Control,Ubate,Cundinamarca,TAUSA,RASGATÁ,,Carbón,Caldera horno,5.189139417876079,-73.88027071141002,Alta,0.7555555555555555,0.8,0.6888888888888889,0.6444444444444445,0.6888888888888889,0.8,0.7333333333333333,0.26666666666666666
120014,Seguimiento y Control,Ubate,Cundinamarca,TAUSA,RASGATÁ,,Carbón,Horno,5.188686408335298,-73.8775198087606,Alta,0.7111111111111111,0.8,0.6444444444444445,0.6444444444444445,0.6444444444444445,0.8,0.6888888888888889,0.26666666666666666
121606,Seguimiento y Control,Ubate,Cundinamarca,GUACHETA,CABRERA,,Carbón,Caldera horno,5.404332484014891,-73.67784659358865,Alta,0.7555555555555555,0.8,0.6888888888888889,0.6444444444444445,0.6888888888888889,0.8,0.7333333333333333,0.26666666666666666
123330,Seguimiento y Control,Sabana Centro,Cundinamarca,COGUA,EL OLIVO,,Carbón,Horno,5.072532666468105,-73.96173186680015,Alta,0.7111111111111111,0.8,0.6444444444444445,0.6444444444444445,0.6444444444444445,0.8,0.6888888888888889,0.26666666666666666
124002,Seguimiento y Control,Soacha,Cundinamarca,SIBATE,CHACUA,,Otros,Reactor,4.528538012280196,-74.23168040293426,Media,0.37777777777777777,0.5333333333333334,0.5333333333333333,0.4,0.5333333333333333,0.5333333333333334,0.5333333333333333,0.3333333333333333
124654,Seguimiento y Control,Sabana Occidente,Cundinamarca,FACATATIVA,MOYANO,,Carbón,Caldera,4.794271656471029,-74.32465722228024,Alta,0.7555555555555555,0.8,0.6888888888888889,0.6000000000000001,0.6888888888888889,0.8,0.7333333333333333,0.26666666666666666
127196,Seguimiento y Control,Alto Magdalena,Cundinamarca,NILO,LA ESMERALDA,,ACPM,Caldera,3.978951276472348,-74.45757606122676,Alta,0.9555555555555555,0.8,0.8888888888888888,0.6000000000000001,0.8888888888888888,0.8,0.9333333333333333,0.39999999999999997
127300,Seguimiento y Control,Sabana Centro,Cundinamarca,COGUA,CASA BLANCA,,Carbón,Caldera horno,5.124111114499696,-73.90930461495846,Alta,0.7555555555555555,0.8,0.6888888888888889,0.6444444444444445,0.6888888888888889,0.8,0.7333333333333333,0.26666666666666666
128338,Seguimiento y Control,Sabana Centro,Cundinamarca,COTA,VUELTA GRANDE,,Gas,Caldera horno,4.741710643609742,-74.13242897551558,Alta,0.4222222222222223,0.5777777777777778,0.8222222222222223,0.4444444444444444,0.7555555555555555,0.5777777777777778,0.8666666666666667,0.3333333333333333
130078,Seguimiento y Control,Ubate,Cundinamarca,CUCUNUBA,PUEBLO VIEJO,,Carbón,Caldera horno,5.235020055600297,-73.80065993375005,Alta,0.7555555555555555,0.8,0.6888888888888889,0.6444444444444445,0.6888888888888889,0.8,0.7333333333333333,0.26666666666666666
131966,Seguimiento y Control,Sabana Centro,Cundinamarca,COGUA,EL OLIVO,,Carbón,Horno,5.067304100739209,-73.95243509058483,Alta,0.7111111111111111,0.8,0.6444444444444445,0.6444444444444445,0.6444444444444445,0.8,0.6888888888888889,0.26666666666666666
134880,Seguimiento y Control,Ubate,Cundinamarca,TAUSA,RASGATÁ,,Carbón,Caldera horno,5.188253149081619,-73.88006353101989,Alta,0.7555555555555555,0.8,0.6888888888888889,0.6444444444444445,0.6888888888888889,0.8,0.7333333333333333,0.26666666666666666
135212,Seguimiento y Control,Ubate,Cundinamarca,TAUSA,PAJARITO,,Carbón,Caldera horno,5.155501952928119,-73.92039921548076,Alta,0.7555555555555555,0.8,0.6888888888888889,0.6444444444444445,0.6888888888888889,0.8,0.7333333333333333,0.26666666666666666
135366,Seguimiento y Control,Almeidas y Municipio de Guatavita,Cundinamarca,SUESCA,CHITIVA,,Carbón,Horno,5.102860839254118,-73.80553322046644,Alta,0.7111111111111111,0.8,0.6444444444444445,0.6444444444444445,0.6444444444444445,0.8,0.6888888888888889,0.26666666666666666
135366,Seguimiento y Control,Almeidas y Municipio de Guatavita,Cundinamarca,SUESCA,CHITIVA ABAJO,,Carbón,Horno,5.10078911304372,-73.80339670128349,Alta,0.7111111111111111,0.8,0.6444444444444445,0.6444444444444445,0.6444444444444445,0.8,0.6888888888888889,0.26666666666666666
135366,Seguimiento y Control,Almeidas y Municipio de Guatavita,Cundinamarca,SUESCA,CHITIVA ABAJO,,Carbón,Horno,5.099270879183655,-73.80567902769707,Alta,0.7111111111111111,0.8,0.6444444444444445,0.6444444444444445,0.6444444444444445,0.8,0.6888888888888889,0.26666666666666666
135850,Seguimiento y Control,Ubate,Cundinamarca,UBATE,LA PATERA,,Otros,Horno,5.306875406456808,-73.80306390803548,Alta,0.5111111111111111,0.8,0.7111111111111111,0.5777777777777778,0.7111111111111111,0.8,0.7555555555555555,0.3333333333333333
135850,Seguimiento y Control,Ubate,Cundinamarca,UBATE,LA PATERA,,Otros,Horno,5.307454278663283,-73.80336136073772,Alta,0.5111111111111111,0.8,0.7111111111111111,0.5777777777777778,0.7111111111111111,0.8,0.7555555555555555,0.3333333333333333
136222,Seguimiento y Control,Sabana Occidente,Cundinamarca,FACATATIVA,MANCILLA,,Carbón,Caldera,4.846983831770509,-74.34650179589275,Alta,0.7555555555555555,0.8,0.6888888888888889,0.6000000000000001,0.6888888888888889,0.8,0.7333333333333333,0.26666666666666666
136448,Seguimiento y Control,Soacha,Cundinamarca,SOACHA,AREA URBANA,,Gas,Horno,4.582008549664564,-74.21153570666793,Media,0.3777777777777778,0.5777777777777778,0.7777777777777778,0.4444444444444444,0.7111111111111111,0.5777777777777778,0.8222222222222223,0.3333333333333333
136490,Seguimiento y Control,Alto Magdalena,Cundinamarca,RICAURTE,BUENOS AIRES,,Carbón,Horno,3.887967424881892,-74.371055451274,Alta,0.7111111111111111,0.8,0.6444444444444445,0.6444444444444445,0.6444444444444445,0.8,0.6888888888888889,0.26666666666666666
136616,Seguimiento y Control,Ubate,Cundinamarca,LENGUAZAQUE,ESTANCIA,,Otros,Horno,5.328939839386754,-73.68600615127848,Alta,0.5111111111111111,0.8,0.7111111111111111,0.5777777777777778,0.7111111111111111,0.8,0.7555555555555555,0.3333333333333333
136886,Seguimiento y Control,Soacha,Cundinamarca,SIBATE,CHACUA,,No aplica,Molino,4.528658959137779,-74.23126164590602,Media,0.1111111111111111,0.6888888888888889,0.1111111111111111,0.044444444444444446,0.1111111111111111,0.8666666666666667,0.1111111111111111,0.13333333333333333
137006,Seguimiento y Control,Sabana Occidente,Cundinamarca,MOSQUERA,SERREZELUITA,,Otros,Molino,4.699729230701192,-74.22047602944497,Alta,0.2444444444444444,0.6000000000000001,0.4444444444444444,0.3111111111111111,0.4444444444444444,0.7333333333333334,0.4444444444444444,0.3333333333333333
137218,Seguimiento y Control,Soacha,Cundinamarca,SIBATE,CHACUA,,Carbón,Caldera,4.528220912073928,-74.23197019890868,Media,0.7555555555555555,0.8,0.6888888888888889,0.6000000000000001,0.6888888888888889,0.8,0.7333333333333333,0.26666666666666666
137254,Seguimiento y Control,Soacha,Cundinamarca,SOACHA,CANOAS,,Otros,Horno,4.582978439087634,-74.24243217681114,Alta,0.5111111111111111,0.8,0.7111111111111111,0.5777777777777778,0.7111111111111111,0.8,0.7555555555555555,0.3333333333333333
138622,Seguimiento y Control,Sabana Centro,Cundinamarca,NEMOCON,PATIO BONITO,,Sin definir,Sin definir,5.118907635516168,-73.8954349960792,Alta,0.3111111111111111,0.35555555555555557,0.2666666666666667,0.2666666666666667,0.2666666666666667,0.4222222222222222,0.3111111111111111,0.13333333333333333
139320,Seguimiento y Control,Ubate,Cundinamarca,TAUSA,RASGATÁ,,Sin definir,Horno,5.190613195803246,-73.87958474565609,Alta,0.4444444444444444,0.6222222222222222,0.4444444444444444,0.4444444444444444,0.4444444444444444,0.6222222222222222,0.48888888888888893,0.13333333333333333
139882,Seguimiento y Control,Soacha,Cundinamarca,SOACHA,FUSUNGA,,Carbón,Horno,4.526472587058714,-74.19272554613082,Media,0.7111111111111111,0.8,0.6444444444444445,0.6444444444444445,0.6444444444444445,0.8,0.6888888888888889,0.26666666666666666
141414,Seguimiento y Control,Sabana Occidente,Cundinamarca,FACATATIVA,AREA URBANA,,Otros,Molino,4.80476559651936,-74.21355643778917,Alta,0.2444444444444444,0.6000000000000001,0.4444444444444444,0.3111111111111111,0.4444444444444444,0.7333333333333334,0.4444444444444444,0.3333333333333333
141586,Seguimiento y Control,Sabana Centro,Cundinamarca,NEMOCON,PATIO BONITO,,Carbón,Caldera horno,5.127454811990184,-73.90118667346393,Alta,0.7555555555555555,0.8,0.6888888888888889,0.6444444444444445,0.6888888888888889,0.8,0.7333333333333333,0.26666666666666666
141774,Seguimiento y Control,Sabana Centro,Cundinamarca,CAJICA,CANELÓN,,Carbón,Caldera,4.919869822773218,-74.06360501248838,Alta,0.7555555555555555,0.8,0.6888888888888889,0.6000000000000001,0.6888888888888889,0.8,0.7333333333333333,0.26666666666666666
141798,Seguimiento y Control,Sabana Occidente,Cundinamarca,MADRID,PUENTE PIEDRA,,ACPM,Planta de asfalto,4.80476559651936,-74.21355643778917,Alta,0.8666666666666667,0.7333333333333334,0.8444444444444444,0.6000000000000001,0.8444444444444444,0.8,0.8888888888888888,0.4444444444444444
141856,Seguimiento y Control,Sabana Centro,Cundinamarca,SOPO,PUEBLO VIEJO,,Gas,Caldera horno,4.914466140453649,-73.93997679404697,Alta,0.4222222222222223,0.5777777777777778,0.8222222222222223,0.4444444444444444,0.7555555555555555,0.5777777777777778,0.8666666666666667,0.3333333333333333
142500,Seguimiento y Control,Ubate,Cundinamarca,TAUSA,PAJARITO,,Carbón,Caldera horno,5.146516959350765,-73.89997285814142,Alta,0.7555555555555555,0.8,0.6888888888888889,0.6444444444444445,0.6888888888888889,0.8,0.7333333333333333,0.26666666666666666
142884,Seguimiento y Control,Soacha,Cundinamarca,SOACHA,FUSUNGA,,Carbón,Horno,4.520138002374677,-74.19645293953957,Alta,0.7111111111111111,0.8,0.6444444444444445,0.6444444444444445,0.6444444444444445,0.8,0.6888888888888889,0.26666666666666666
144002,Seguimiento y Control,Ubate,Cundinamarca,SIMIJACA,HATO CHICO,,Otros,Horno,5.532379891649153,-73.83440456802114,Alta,0.5111111111111111,0.8,0.7111111111111111,0.5777777777777778,0.7111111111111111,0.8,0.7555555555555555,0.3333333333333333
144412,Seguimiento y Control,Ubate,Cundinamarca,GUACHETA,RABANAL,,Carbón,Horno,5.33671022354105,-73.70490190272402,Alta,0.7111111111111111,0.8,0.6444444444444445,0.6444444444444445,0.6444444444444445,0.8,0.6888888888888889,0.26666666666666666
144412,Seguimiento y Control,Ubate,Cundinamarca,GUACHETA,PEÑAS,,Carbón,Horno,5.33671022354105,-73.70490190272402,Alta,0.7111111111111111,0.8,0.6444444444444445,0.6444444444444445,0.6444444444444445,0.8,0.6888888888888889,0.26666666666666666
145760,Seguimiento y Control,Soacha,Cundinamarca,SOACHA,PANAMÁ,,Gas,Horno,4.562457250245541,-74.21062594373767,Alta,0.3777777777777778,0.5777777777777778,0.7777777777777778,0.4444444444444444,0.7111111111111111,0.5777777777777778,0.8222222222222223,0.3333333333333333
146234,Seguimiento y Control,Sabana Centro,Cundinamarca,COTA,VUELTA GRANDE,,Otros,Trituradora,4.756314499845698,-74.14058778462476,Alta,0.2444444444444444,0.6000000000000001,0.4444444444444444,0.3111111111111111,0.4444444444444444,0.7333333333333334,0.4444444444444444,0.3333333333333333
147752,Seguimiento y Control,Sabana Occidente,Cundinamarca,MADRID,PUENTE PIEDRA,,ACPM,Planta de asfalto,4.818670893069072,-74.22727968673412,Alta,0.8666666666666667,0.7333333333333334,0.8444444444444444,0.6000000000000001,0.8444444444444444,0.8,0.8888888888888888,0.4444444444444444
147870,Seguimiento y Control,Sabana Centro,Cundinamarca,TOCANCIPA,TIBITÓ,,Carbón,Caldera horno,4.9578196312945,-73.70782726554745,Alta,0.7555555555555555,0.8,0.6888888888888889,0.6444444444444445,0.6888888888888889,0.8,0.7333333333333333,0.26666666666666666
148522,Seguimiento y Control,Soacha,Cundinamarca,SIBATE,CHACUA,,Gas,Horno,4.528202678390157,-74.2307907438483,Media,0.3777777777777778,0.5777777777777778,0.7777777777777778,0.4444444444444444,0.7111111111111111,0.5777777777777778,0.8222222222222223,0.3333333333333333
150306,Seguimiento y Control,Sabana Centro,Cundinamarca,NEMOCON,PATIO BONITO,,Sin definir,Sin definir,5.125421030494849,-73.90439797153304,Alta,0.3111111111111111,0.35555555555555557,0.2666666666666667,0.2666666666666667,0.2666666666666667,0.4222222222222222,0.3111111111111111,0.13333333333333333
151254,Seguimiento y Control,Soacha,Cundinamarca,SIBATE,CHUSACA,,Gas,Horno,4.535888872799148,-74.25191919047849,Alta,0.3777777777777778,0.5777777777777778,0.7777777777777778,0.4444444444444444,0.7111111111111111,0.5777777777777778,0.8222222222222223,0.3333333333333333
151706,Seguimiento y Control,Sabana Occidente,Cundinamarca,FUNZA,EL CACIQUE,,Carbón,Caldera,4.730851780541538,-74.1913322996901,Alta,0.7555555555555555,0.8,0.6888888888888889,0.6000000000000001,0.6888888888888889,0.8,0.7333333333333333,0.26666666666666666
152236,Seguimiento y Control,Sabana Centro,Cundinamarca,NEMOCON,PATIO BONITO,,Carbón,Horno,5.132011888252765,-73.89917418037368,Alta,0.7111111111111111,0.8,0.6444444444444445,0.6444444444444445,0.6444444444444445,0.8,0.6888888888888889,0.26666666666666666
153454,Seguimiento y Control,Sabana Centro,Cundinamarca,TABIO,RIO FRÍO ORIENTAL,,Carbón,Horno,4.957922845608089,-74.06308125331644,Alta,0.7111111111111111,0.8,0.6444444444444445,0.6444444444444445,0.6444444444444445,0.8,0.6888888888888889,0.26666666666666666
153534,Seguimiento y Control,Sabana Centro,Cundinamarca,COGUA,RINCÓN SANTO,,Carbón,Horno,5.065794389946128,-73.95486125585315,Alta,0.7111111111111111,0.8,0.6444444444444445,0.6444444444444445,0.6444444444444445,0.8,0.6888888888888889,0.26666666666666666
153780,Seguimiento y Control,Sabana Centro,Cundinamarca,TOCANCIPA,TIBITÓ,,Gas,Horno,4.968520890391967,-73.96514953656599,Alta,0.3777777777777778,0.5777777777777778,0.7777777777777778,0.4444444444444444,0.7111111111111111,0.5777777777777778,0.8222222222222223,0.3333333333333333
154266,Seguimiento y Control,Sabana Centro,Cundinamarca,COGUA,MORTIÑO,,Carbón,Caldera,5.044340815540402,-73.93683866225531,Alta,0.7555555555555555,0.8,0.6888888888888889,0.6000000000000001,0.6888888888888889,0.8,0.7333333333333333,0.26666666666666666
154302,Seguimiento y Control,Sabana Occidente,Cundinamarca,MOSQUERA,BALSILLAS,,Otros,Trituradora,4.686963005306945,-74.2827445943305,Alta,0.2444444444444444,0.6000000000000001,0.4444444444444444,0.3111111111111111,0.4444444444444444,0.7333333333333334,0.4444444444444444,0.3333333333333333
154404,Seguimiento y Control,Ubate,Cundinamarca,TAUSA,RASGATÁ,,Carbón,Chimenea,5.188262627219513,-73.88146159849582,Alta,0.6222222222222222,0.6666666666666666,0.6000000000000001,0.6000000000000001,0.6000000000000001,0.6666666666666666,0.6444444444444445,0.26666666666666666
154642,Seguimiento y Control,Soacha,Cundinamarca,SOACHA,FUSUNGA,,Gas,Horno,4.527165477978206,-74.19380089686307,Media,0.3777777777777778,0.5777777777777778,0.7777777777777778,0.4444444444444444,0.7111111111111111,0.5777777777777778,0.8222222222222223,0.3333333333333333
155148,Seguimiento y Control,Sabana Centro,Cundinamarca,TOCANCIPA,CANAVITA,,Gas,Horno,4.94890310168157,-73.94601077555946,Alta,0.3777777777777778,0.5777777777777778,0.7777777777777778,0.4444444444444444,0.7111111111111111,0.5777777777777778,0.8222222222222223,0.3333333333333333
155298,Seguimiento y Control,Sabana Centro,Cundinamarca,COGUA,NEUSA,,Carbón,Horno,5.06757508437556,-73.95086588094019,Alta,0.7111111111111111,0.8,0.6444444444444445,0.6444444444444445,0.6444444444444445,0.8,0.6888888888888889,0.26666666666666666
155300,Seguimiento y Control,Ubate,Cundinamarca,TAUSA,RASGATÁ,,Coque,Horno,5.187104937201386,-73.88082155045036,Alta,0.7777777777777778,0.8444444444444444,0.7111111111111111,0.5777777777777778,0.7777777777777778,0.8444444444444444,0.7555555555555555,0.39999999999999997
155300,Seguimiento y Control,Ubate,Cundinamarca,TAUSA,RASGATÁ,,Coque,Horno,5.187113982906728,-73.88083056744304,Alta,0.7777777777777778,0.8444444444444444,0.7111111111111111,0.5777777777777778,0.7777777777777778,0.8444444444444444,0.7555555555555555,0.39999999999999997
155530,Seguimiento y Control,Sabana Centro,Cundinamarca,COGUA,NEUSA,,Carbón,Horno,5.077117471050673,-73.96184828721185,Alta,0.7111111111111111,0.8,0.6444444444444445,0.6444444444444445,0.6444444444444445,0.8,0.6888888888888889,0.26666666666666666
156070,Seguimiento y Control,Sabana Occidente,Cundinamarca,MOSQUERA,BALSILLAS,,Otros,Caldera,4.67388255865053,-74.26556225033188,Alta,0.5555555555555556,0.8,0.7555555555555555,0.5333333333333334,0.7555555555555555,0.8,0.7999999999999999,0.3333333333333333
161770,Seguimiento y Control,Ubate,Cundinamarca,TAUSA,RASGATÁ,,Coque,Horno,5.184166157402317,-73.88134560550077,Alta,0.7777777777777778,0.8444444444444444,0.7111111111111111,0.5777777777777778,0.7777777777777778,0.8444444444444444,0.7555555555555555,0.39999999999999997
164064,Seguimiento y Control,Sabana Centro,Cundinamarca,COGUA,NEUSA,,Carbón,Horno,5.072758477228417,-73.96027087464054,Alta,0.7111111111111111,0.8,0.6444444444444445,0.6444444444444445,0.6444444444444445,0.8,0.6888888888888889,0.26666666666666666
164066,Seguimiento y Control,Sabana Centro,Cundinamarca,COGUA,NEUSA,,Carbón,Horno,5.072757472919745,-73.95485994243853,Alta,0.7111111111111111,0.8,0.6444444444444445,0.6444444444444445,0.6444444444444445,0.8,0.6888888888888889,0.26666666666666666
164672,Seguimiento y Control,Sabana Centro,Cundinamarca,COGUA,NEUSA,,Carbón,Horno,5.074149403244205,-73.9512974754703,Alta,0.7111111111111111,0.8,0.6444444444444445,0.6444444444444445,0.6444444444444445,0.8,0.6888888888888889,0.26666666666666666
166012,Seguimiento y Control,Sabana Centro,Cundinamarca,CAJICA,CHUNTAME ALTO,,Otros,Trituradora,4.906383841408903,-74.01451335072929,Alta,0.2444444444444444,0.6000000000000001,0.4444444444444444,0.3111111111111111,0.4444444444444444,0.7333333333333334,0.4444444444444444,0.3333333333333333
166542,Seguimiento y Control,Soacha,Cundinamarca,SIBATE,LA UNIÓN,,Fuel Oil No.8,Horno,4.5071967,-74.2683929,Media,0.911111111111111,0.8444444444444444,0.7777777777777778,0.6444444444444445,0.7777777777777778,0.8444444444444444,0.8222222222222223,0.39999999999999997
167378,Seguimiento y Control,Bogotá y Municipio de la Calera,Distrito Capital,CIUDAD BOLIVAR,MOCHUELO BAJO,,Carbón,Horno,4.517287002502915,-74.14492788758095,Alta,0.7111111111111111,0.8,0.6444444444444445,0.6444444444444445,0.6444444444444445,0.8,0.6888888888888889,0.26666666666666666
167380,Seguimiento y Control,Bogotá y Municipio de la Calera,Distrito Capital,CIUDAD BOLIVAR,MOCHUELO BAJO,,Carbón,Horno,4.534975795179951,-74.13999140271514,Alta,0.7111111111111111,0.8,0.6444444444444445,0.6444444444444445,0.6444444444444445,0.8,0.6888888888888889,0.26666666666666666
167394,Seguimiento y Control,Bogotá y Municipio de la Calera,Distrito Capital,CIUDAD BOLIVAR,MOCHUELO BAJO,,Carbón,Horno,4.535310391458448,-74.13998242029001,Alta,0.7111111111111111,0.8,0.6444444444444445,0.6444444444444445,0.6444444444444445,0.8,0.6888888888888889,0.26666666666666666
167396,Seguimiento y Control,Bogotá y Municipio de la Calera,Distrito Capital,CIUDAD BOLIVAR,MOCHUELO BAJO,,Carbón,Horno,4.503459767494724,-74.14802632128853,Alta,0.7111111111111111,0.8,0.6444444444444445,0.6444444444444445,0.6444444444444445,0.8,0.6888888888888889,0.26666666666666666
167796,Seguimiento y Control,Bogotá y Municipio de la Calera,Distrito Capital,CIUDAD BOLIVAR,MOCHUELO BAJO,,Carbón,Horno,4.531032911512373,-74.14093723192799,Alta,0.7111111111111111,0.8,0.6444444444444445,0.6444444444444445,0.6444444444444445,0.8,0.6888888888888889,0.26666666666666666
168788,Seguimiento y Control,Bogotá y Municipio de la Calera,Distrito Capital,CIUDAD BOLIVAR,MOCHUELO BAJO,,Carbón,Horno,4.526221823595039,-74.14258583733415,Alta,0.7111111111111111,0.8,0.6444444444444445,0.6444444444444445,0.6444444444444445,0.8,0.6888888888888889,0.26666666666666666
169532,Seguimiento y Control,Bogotá y Municipio de la Calera,Distrito Capital,CIUDAD BOLIVAR,MOCHUELO BAJO,,Carbón,Horno,4.517658008181525,-74.14232375543543,Alta,0.7111111111111111,0.8,0.6444444444444445,0.6444444444444445,0.6444444444444445,0.8,0.6888888888888889,0.26666666666666666
169720,Seguimiento y Control,Bogotá y Municipio de la Calera,Distrito Capital,CIUDAD BOLIVAR,MOCHUELO BAJO,,Carbón,Horno,4.534406065242357,-74.14014454355686,Alta,0.7111111111111111,0.8,0.6444444444444445,0.6444444444444445,0.6444444444444445,0.8,0.6888888888888889,0.26666666666666666
169726,Seguimiento y Control,Bogotá y Municipio de la Calera,Distrito Capital,CIUDAD BOLIVAR,MOCHUELO BAJO,,Carbón,Horno,4.52597679631161,-74.15156082977826,Alta,0.7111111111111111,0.8,0.6444444444444445,0.6444444444444445,0.6444444444444445,0.8,0.6888888888888889,0.26666666666666666
169728,Seguimiento y Control,Bogotá y Municipio de la Calera,Distrito Capital,CIUDAD BOLIVAR,MOCHUELO BAJO,,Carbón,Horno,4.519628633139708,-74.15048787853901,Alta,0.7111111111111111,0.8,0.6444444444444445,0.6444444444444445,0.6444444444444445,0.8,0.6888888888888889,0.26666666666666666
169730,Seguimiento y Control,Bogotá y Municipio de la Calera,Distrito Capital,CIUDAD BOLIVAR,MOCHUELO BAJO,,Carbón,Horno,4.515343216106536,-74.13948510753538,Alta,0.7111111111111111,0.8,0.6444444444444445,0.6444444444444445,0.6444444444444445,0.8,0.6888888888888889,0.26666666666666666
169746,Seguimiento y Control,Bogotá y Municipio de la Calera,Distrito Capital,CIUDAD BOLIVAR,MOCHUELO BAJO,,Carbón,Horno,4.526681284128709,-74.15967086038007,Alta,0.7111111111111111,0.8,0.6444444444444445,0.6444444444444445,0.6444444444444445,0.8,0.6888888888888889,0.26666666666666666
170762,Seguimiento y Control,Sabana Centro,Cundinamarca,TOCANCIPA,VERGANZO,,Carbón,Caldera,4.9700386,-73.9740574,Media,0.7555555555555555,0.8,0.6888888888888889,0.6000000000000001,0.6888888888888889,0.8,0.7333333333333333,0.26666666666666666
170950,Seguimiento y Control,Bogotá y Municipio de la Calera,Distrito Capital,CIUDAD BOLIVAR,MOCHUELO BAJO,,Carbón,Horno,4.523607901815922,-74.14750562613166,Alta,0.7111111111111111,0.8,0.6444444444444445,0.6444444444444445,0.6444444444444445,0.8,0.6888888888888889,0.26666666666666666
171144,Seguimiento y Control,Bogotá y Municipio de la Calera,Distrito Capital,CIUDAD BOLIVAR,MOCHUELO BAJO,,ACPM,Horno,4.526293750993234,-74.14707335308687,Alta,0.911111111111111,0.8,0.8444444444444444,0.6444444444444445,0.8444444444444444,0.8,0.8888888888888888,0.39999999999999997
171168,Seguimiento y Control,Bogotá y Municipio de la Calera,Distrito Capital,CIUDAD BOLIVAR,MOCHUELO BAJO,,Carbón,Horno,4.514311647899588,-74.1466937521958,Alta,0.7111111111111111,0.8,0.6444444444444445,0.6444444444444445,0.6444444444444445,0.8,0.6888888888888889,0.26666666666666666
171196,Seguimiento y Control,Bogotá y Municipio de la Calera,Distrito Capital,CIUDAD BOLIVAR,MOCHUELO BAJO,,Sin definir,Sin definir,4.506914034508921,-74.15013518661247,Alta,0.3111111111111111,0.35555555555555557,0.2666666666666667,0.2666666666666667,0.2666666666666667,0.4222222222222222,0.3111111111111111,0.13333333333333333
171200,Seguimiento y Control,Bogotá y Municipio de la Calera,Distrito Capital,CIUDAD BOLIVAR,MOCHUELO BAJO,,Carbón,Horno,4.530824762533079,-74.14270339321416,Alta,0.7111111111111111,0.8,0.6444444444444445,0.6444444444444445,0.6444444444444445,0.8,0.6888888888888889,0.26666666666666666
171204,Seguimiento y Control,Bogotá y Municipio de la Calera,Distrito Capital,CIUDAD BOLIVAR,MOCHUELO BAJO,,Sin definir,Sin definir,4.516029605486364,-74.14912686751758,Alta,0.3111111111111111,0.35555555555555557,0.2666666666666667,0.2666666666666667,0.2666666666666667,0.4222222222222222,0.3111111111111111,0.13333333333333333
171210,Seguimiento y Control,Bogotá y Municipio de la Calera,Distrito Capital,CIUDAD BOLIVAR,MOCHUELO BAJO,,Carbón,Horno,4.51665431313687,-74.14128740772773,Alta,0.7111111111111111,0.8,0.6444444444444445,0.6444444444444445,0.6444444444444445,0.8,0.6888888888888889,0.26666666666666666
171210,Seguimiento y Control,Bogotá y Municipio de la Calera,Distrito Capital,CIUDAD BOLIVAR,MOCHUELO BAJO,,Carbón,Horno,4.516283560010455,-74.14111616748636,Alta,0.7111111111111111,0.8,0.6444444444444445,0.6444444444444445,0.6444444444444445,0.8,0.6888888888888889,0.26666666666666666
171218,Seguimiento y Control,Bogotá y Municipio de la Calera,Distrito Capital,CIUDAD BOLIVAR,MOCHUELO BAJO,,Carbón,Horno,4.51597608343633,-74.14123328287343,Alta,0.7111111111111111,0.8,0.6444444444444445,0.6444444444444445,0.6444444444444445,0.8,0.6888888888888889,0.26666666666666666
171372,Seguimiento y Control,Bogotá y Municipio de la Calera,Distrito Capital,CIUDAD BOLIVAR,MOCHUELO ALTO,,Carbón,Horno,4.530960797220908,-74.13825191141156,Alta,0.7111111111111111,0.8,0.6444444444444445,0.6444444444444445,0.6444444444444445,0.8,0.6888888888888889,0.26666666666666666
171376,Seguimiento y Control,Bogotá y Municipio de la Calera,Distrito Capital,CIUDAD BOLIVAR,MOCHUELO BAJO,,Carbón,Horno,4.530282179260267,-74.14265828905526,Alta,0.7111111111111111,0.8,0.6444444444444445,0.6444444444444445,0.6444444444444445,0.8,0.6888888888888889,0.26666666666666666
171570,Seguimiento y Control,Sabana Centro,Cundinamarca,TOCANCIPA,CANAVITA,,Gas,Caldera,4.955374410959588,-73.92956321239852,Alta,0.4222222222222223,0.5777777777777778,0.8222222222222223,0.4000000000000001,0.7555555555555555,0.5777777777777778,0.8666666666666667,0.3333333333333333
172430,Seguimiento y Control,Sabana Centro,Cundinamarca,ZIPAQUIRA,CENTRO,,Otros,Horno,5.009788663543848,-73.9962884761451,Alta,0.5111111111111111,0.8,0.7111111111111111,0.5777777777777778,0.7111111111111111,0.8,0.7555555555555555,0.3333333333333333
172924,Seguimiento y Control,Bogotá y Municipio de la Calera,Distrito Capital,CIUDAD BOLIVAR,MOCHUELO BAJO,,ACPM,Caldera,4.526094739623085,-74.14772213040409,Alta,0.9555555555555555,0.8,0.8888888888888888,0.6000000000000001,0.8888888888888888,0.8,0.9333333333333333,0.39999999999999997
173286,Seguimiento y Control,Sabana Centro,Cundinamarca,COGUA,RINCÓN SANTO,,Carbón,Horno,5.051780797728392,-73.97197091052757,Alta,0.7111111111111111,0.8,0.6444444444444445,0.6444444444444445,0.6444444444444445,0.8,0.6888888888888889,0.26666666666666666
173902,Seguimiento y Control,Sabana Centro,Cundinamarca,SOPO,PUEBLO VIEJO,,Carbón,Horno,4.922950696435342,-73.95118215031653,Alta,0.7111111111111111,0.8,0.6444444444444445,0.6444444444444445,0.6444444444444445,0.8,0.6888888888888889,0.26666666666666666
174480,Seguimiento y Control,Sabana Centro,Cundinamarca,COGUA,EL OLIVO,,Carbón,Horno,5.067159318971524,-73.95194813879871,Alta,0.7111111111111111,0.8,0.6444444444444445,0.6444444444444445,0.6444444444444445,0.8,0.6888888888888889,0.26666666666666666
174562,Seguimiento y Control,Bogotá y Municipio de la Calera,Distrito Capital,CIUDAD BOLIVAR,MOCHUELO BAJO,,Carbón,Horno,4.522333277103341,-74.14262153423219,Alta,0.7111111111111111,0.8,0.6444444444444445,0.6444444444444445,0.6444444444444445,0.8,0.6888888888888889,0.26666666666666666
174768,Seguimiento y Control,Sabana Occidente,Cundinamarca,FUNZA,LA ISLA,,Gas,Horno,4.750422507990216,-74.18150134396804,Alta,0.3777777777777778,0.5777777777777778,0.7777777777777778,0.4444444444444444,0.7111111111111111,0.5777777777777778,0.8222222222222223,0.3333333333333333
174782,Seguimiento y Control,Bogotá y Municipio de la Calera,Distrito Capital,CIUDAD BOLIVAR,MOCHUELO BAJO,,Carbón,Horno,4.520469975307662,-74.14711785236653,Alta,0.7111111111111111,0.8,0.6444444444444445,0.6444444444444445,0.6444444444444445,0.8,0.6888888888888889,0.26666666666666666
174832,Seguimiento y Control,Sabana Centro,Cundinamarca,SOPO,LA CAROLINA,,Gas,Horno,4.925290703351028,-73.94041636598074,Alta,0.3777777777777778,0.5777777777777778,0.7777777777777778,0.4444444444444444,0.7111111111111111,0.5777777777777778,0.8222222222222223,0.3333333333333333
175104,Seguimiento y Control,Sabana Centro,Cundinamarca,COGUA,MORTIÑO,,Gas,Horno,5.038589828443855,-73.93841800424288,Alta,0.3777777777777778,0.5777777777777778,0.7777777777777778,0.4444444444444444,0.7111111111111111,0.5777777777777778,0.8222222222222223,0.3333333333333333
175380,Seguimiento y Control,Bogotá y Municipio de la Calera,Distrito Capital,CIUDAD BOLIVAR,MOCHUELO BAJO,,Carbón,Horno,4.52988273894483,-74.15797713391493,Alta,0.7111111111111111,0.8,0.6444444444444445,0.6444444444444445,0.6444444444444445,0.8,0.6888888888888889,0.26666666666666666
176396,Seguimiento y Control,Ubate,Cundinamarca,LENGUAZAQUE,RAMADA  FLORES,,Carbón,Horno,5.323226569497588,-73.71852365618248,Alta,0.7111111111111111,0.8,0.6444444444444445,0.6444444444444445,0.6444444444444445,0.8,0.6888888888888889,0.26666666666666666
178612,Seguimiento y Control,Soacha,Cundinamarca,SOACHA,PANAMÁ,,Gas,Horno,4.459956039015855,-74.10719670471978,Alta,0.3777777777777778,0.5777777777777778,0.7777777777777778,0.4444444444444444,0.7111111111111111,0.5777777777777778,0.8222222222222223,0.3333333333333333
181110,Seguimiento y Control,Bogotá y Municipio de la Calera,Distrito Capital,CIUDAD BOLIVAR,MOCHUELO BAJO,,Carbón,Horno,4.531258660037451,-74.1445867571135,Alta,0.7111111111111111,0.8,0.6444444444444445,0.6444444444444445,0.6444444444444445,0.8,0.6888888888888889,0.26666666666666666
183514,Seguimiento y Control,Sabana Occidente,Cundinamarca,MOSQUERA,BALSILLAS,,Otros,Trituradora,4.66799319038012,-74.27412284038506,Alta,0.2444444444444444,0.6000000000000001,0.4444444444444444,0.3111111111111111,0.4444444444444444,0.7333333333333334,0.4444444444444444,0.3333333333333333
183556,Seguimiento y Control,Sabana Centro,Cundinamarca,COGUA,RINCÓN SANTO,,Carbón,Horno,5.062846259618801,-73.95421250947518,Alta,0.7111111111111111,0.8,0.6444444444444445,0.6444444444444445,0.6444444444444445,0.8,0.6888888888888889,0.26666666666666666
183556,Seguimiento y Control,Sabana Centro,Cundinamarca,COGUA,RINCÓN SANTO,,Carbón,Horno,5.063108431682171,-73.95382468213964,Alta,0.7111111111111111,0.8,0.6444444444444445,0.6444444444444445,0.6444444444444445,0.8,0.6888888888888889,0.26666666666666666
183556,Seguimiento y Control,Sabana Centro,Cundinamarca,COGUA,RINCÓN SANTO,,Carbón,Horno,5.063470229451343,-73.95423944557243,Alta,0.7111111111111111,0.8,0.6444444444444445,0.6444444444444445,0.6444444444444445,0.8,0.6888888888888889,0.26666666666666666
183556,Seguimiento y Control,Sabana Centro,Cundinamarca,COGUA,RINCÓN SANTO,,Carbón,Horno,5.063859128461356,-73.95450991481249,Alta,0.7111111111111111,0.8,0.6444444444444445,0.6444444444444445,0.6444444444444445,0.8,0.6888888888888889,0.26666666666666666
183556,Seguimiento y Control,Sabana Centro,Cundinamarca,COGUA,RINCÓN SANTO,,Carbón,Horno,5.063298514179143,-73.95477154530808,Alta,0.7111111111111111,0.8,0.6444444444444445,0.6444444444444445,0.6444444444444445,0.8,0.6888888888888889,0.26666666666666666
183556,Seguimiento y Control,Sabana Centro,Cundinamarca,COGUA,RINCÓN SANTO,,Carbón,Horno,5.062294659255415,-73.95432083082554,Alta,0.7111111111111111,0.8,0.6444444444444445,0.6444444444444445,0.6444444444444445,0.8,0.6888888888888889,0.26666666666666666
183560,Seguimiento y Control,Sabana Centro,Cundinamarca,TOCANCIPA,TIBITÓ,,Carbón,Caldera,4.986453623175652,-73.96796882637689,Alta,0.7555555555555555,0.8,0.6888888888888889,0.6000000000000001,0.6888888888888889,0.8,0.7333333333333333,0.26666666666666666
183976,Seguimiento y Control,Sabana Centro,Cundinamarca,NEMOCON,PATIO BONITO,,Carbón,Horno,5.141135929250273,-73.8982156143763,Alta,0.7111111111111111,0.8,0.6444444444444445,0.6444444444444445,0.6444444444444445,0.8,0.6888888888888889,0.26666666666666666
185276,Seguimiento y Control,Sabana Centro,Cundinamarca,CAJICA,CANELÓN,,Carbón,Caldera,4.921062492435692,-74.03828759452762,Alta,0.7555555555555555,0.8,0.6888888888888889,0.6000000000000001,0.6888888888888889,0.8,0.7333333333333333,0.26666666666666666
185684,Seguimiento y Control,Ubate,Cundinamarca,SUTATAUSA,PEÑAS DE BOQUERÓN,,Carbón,Chimenea,5.20757802997226,-73.85366477007742,Alta,0.6222222222222222,0.6666666666666666,0.6000000000000001,0.6000000000000001,0.6000000000000001,0.6666666666666666,0.6444444444444445,0.26666666666666666
187436,Seguimiento y Control,Soacha,Cundinamarca,SOACHA,AREA URBANA,,Carbón,Horno,4.582931359249615,-74.21141182555483,Media,0.7111111111111111,0.8,0.6444444444444445,0.6444444444444445,0.6444444444444445,0.8,0.6888888888888889,0.26666666666666666
188060,Seguimiento y Control,Sabana Centro,Cundinamarca,CAJICA,CHUNTAME ALTO,,Carbón,Caldera,4.972477821182302,-74.00104494634783,Alta,0.7555555555555555,0.8,0.6888888888888889,0.6000000000000001,0.6888888888888889,0.8,0.7333333333333333,0.26666666666666666
188280,Seguimiento y Control,Sabana Centro,Cundinamarca,COGUA,EL OLIVO,,Carbón,Horno,5.07090404704611,-73.95688938595272,Alta,0.7111111111111111,0.8,0.6444444444444445,0.6444444444444445,0.6444444444444445,0.8,0.6888888888888889,0.26666666666666666
188764,Seguimiento y Control,Ubate,Cundinamarca,TAUSA,RASGATÁ,,Carbón,Chimenea,5.189093129940887,-73.87686123390627,Alta,0.6222222222222222,0.6666666666666666,0.6000000000000001,0.6000000000000001,0.6000000000000001,0.6666666666666666,0.6444444444444445,0.26666666666666666
190770,Seguimiento y Control,Soacha,Cundinamarca,SIBATE,CHUSACA,,Carbón,Caldera,4.545323505730263,-74.24368769045168,Media,0.7555555555555555,0.8,0.6888888888888889,0.6000000000000001,0.6888888888888889,0.8,0.7333333333333333,0.26666666666666666
190772,Seguimiento y Control,Soacha,Cundinamarca,SIBATE,CHUSACA,,Carbón,Caldera,4.545699898972991,-74.24385317754414,Media,0.7555555555555555,0.8,0.6888888888888889,0.6000000000000001,0.6888888888888889,0.8,0.7333333333333333,0.26666666666666666
197696,Seguimiento y Control,Sabana Occidente,Cundinamarca,MOSQUERA,SAN JOSÉ,,Otros,Molino,4.697863547136177,-74.18591900240203,Alta,0.2444444444444444,0.6000000000000001,0.4444444444444444,0.3111111111111111,0.4444444444444444,0.7333333333333334,0.4444444444444444,0.3333333333333333
199550,Seguimiento y Control,Soacha,Cundinamarca,SOACHA,CAZUCA,,Carbón,Caldera,4.59059363178149,-74.19144491479723,Alta,0.7555555555555555,0.8,0.6888888888888889,0.6000000000000001,0.6888888888888889,0.8,0.7333333333333333,0.26666666666666666
199976,Seguimiento y Control,Sabana Centro,Cundinamarca,COGUA,EL OLIVO,,Carbón,Horno,5.069357018781721,-73.9532914220978,Alta,0.7111111111111111,0.8,0.6444444444444445,0.6444444444444445,0.6444444444444445,0.8,0.6888888888888889,0.26666666666666666
203658,Seguimiento y Control,Sabana Centro,Cundinamarca,CAJICA,CHUNTAME BAJO,,Fuel Oil No.8,Planta de asfalto,4.950794121243961,-74.01465343303985,Alta,0.8666666666666667,0.7777777777777778,0.7777777777777778,0.6000000000000001,0.7777777777777778,0.8444444444444444,0.8222222222222223,0.4444444444444444
205016,Seguimiento y Control,Sabana Centro,Cundinamarca,COGUA,CASA BLANCA,,Carbón,Batería de coquización,5.130911002130798,-73.90780567938849,Alta,0.7999999999999999,0.8666666666666667,0.7333333333333333,0.6888888888888889,0.7333333333333333,0.8666666666666667,0.7333333333333333,0.3111111111111111
205316,Seguimiento y Control,Sabana Centro,Cundinamarca,ZIPAQUIRA,CENTRO,,Gas,Horno,5.029057177522787,-73.98090202384775,Alta,0.3777777777777778,0.5777777777777778,0.7777777777777778,0.4444444444444444,0.7111111111111111,0.5777777777777778,0.8222222222222223,0.3333333333333333
205998,Seguimiento y Control,Ubate,Cundinamarca,GUACHETA,RABANAL,,Carbón,Horno,5.334212517575045,-73.70175481069927,Alta,0.7111111111111111,0.8,0.6444444444444445,0.6444444444444445,0.6444444444444445,0.8,0.6888888888888889,0.26666666666666666
206954,Seguimiento y Control,Sabana Centro,Cundinamarca,TOCANCIPA,CANAVITA,,Otros,Horno,4.948160070683243,-73.93863541906872,Alta,0.5111111111111111,0.8,0.7111111111111111,0.5777777777777778,0.7111111111111111,0.8,0.7555555555555555,0.3333333333333333
206956,Seguimiento y Control,Sabana Centro,Cundinamarca,COGUA,MORTIÑO,,Carbón,Horno,5.060730225984948,-73.95432112675945,Alta,0.7111111111111111,0.8,0.6444444444444445,0.6444444444444445,0.6444444444444445,0.8,0.6888888888888889,0.26666666666666666
208554,Seguimiento y Control,Sabana Centro,Cundinamarca,COTA,VUELTA GRANDE,,Otros,Horno,4.741710643609742,-74.13242897551558,Alta,0.5111111111111111,0.8,0.7111111111111111,0.5777777777777778,0.7111111111111111,0.8,0.7555555555555555,0.3333333333333333
209714,Seguimiento y Control,Ubate,Cundinamarca,GUACHETA,FRONTERA,,Coque,Horno,5.373902748081655,-73.69011881548678,Alta,0.7777777777777778,0.8444444444444444,0.7111111111111111,0.5777777777777778,0.7777777777777778,0.8444444444444444,0.7555555555555555,0.39999999999999997
210888,Seguimiento y Control,Ubate,Cundinamarca,SUTATAUSA,PEÑAS DE CAJÓN,,Carbón,Horno,5.214274490915157,-73.84186403026766,Alta,0.7111111111111111,0.8,0.6444444444444445,0.6444444444444445,0.6444444444444445,0.8,0.6888888888888889,0.26666666666666666
211090,Seguimiento y Control,Soacha,Cundinamarca,SOACHA,AREA URBANA,,Gas,Horno,4.545286581264353,-74.2436941623454,Alta,0.3777777777777778,0.5777777777777778,0.7777777777777778,0.4444444444444444,0.7111111111111111,0.5777777777777778,0.8222222222222223,0.3333333333333333
211788,Seguimiento y Control,Bogotá y Municipio de la Calera,Distrito Capital,CIUDAD BOLIVAR,MOCHUELO BAJO,,Carbón,Horno,4.515170499729747,-74.1492168925191,Alta,0.7111111111111111,0.8,0.6444444444444445,0.6444444444444445,0.6444444444444445,0.8,0.6888888888888889,0.26666666666666666
214656,Seguimiento y Control,Alto Magdalena,Cundinamarca,GIRARDOT,CENTRO,,Otros,Horno,4.327055786248329,-74.80120845771593,Alta,0.5111111111111111,0.8,0.7111111111111111,0.5777777777777778,0.7111111111111111,0.8,0.7555555555555555,0.3333333333333333
214656,Seguimiento y Control,Alto Magdalena,Cundinamarca,GIRARDOT,AREA URBANA,,Otros,Horno,4.326766634580483,-74.80099199260722,Alta,0.5111111111111111,0.8,0.7111111111111111,0.5777777777777778,0.7111111111111111,0.8,0.7555555555555555,0.3333333333333333
215160,Seguimiento y Control,Ubate,Cundinamarca,LENGUAZAQUE,RAMADA  FLORES,,Carbón,Horno,5.325691944704173,-73.71291977431318,Alta,0.7111111111111111,0.8,0.6444444444444445,0.6444444444444445,0.6444444444444445,0.8,0.6888888888888889,0.26666666666666666
215160,Seguimiento y Control,Ubate,Cundinamarca,LENGUAZAQUE,RAMADA  FLORES,,Carbón,Horno,5.324652169741913,-73.71315494967774,Alta,0.7111111111111111,0.8,0.6444444444444445,0.6444444444444445,0.6444444444444445,0.8,0.6888888888888889,0.26666666666666666
215548,Seguimiento y Control,Bogotá y Municipio de la Calera,Distrito Capital,CIUDAD BOLIVAR,MOCHUELO BAJO,,Carbón,Horno,4.532045540756562,-74.14318109269777,Alta,0.7111111111111111,0.8,0.6444444444444445,0.6444444444444445,0.6444444444444445,0.8,0.6888888888888889,0.26666666666666666
218040,Seguimiento y Control,Ubate,Cundinamarca,GUACHETA,PEÑAS,,Carbón,Horno,5.375688989508088,-73.68354038302505,Alta,0.7111111111111111,0.8,0.6444444444444445,0.6444444444444445,0.6444444444444445,0.8,0.6888888888888889,0.26666666666666666
219702,Seguimiento y Control,Magdalena Centro,Cundinamarca,SAN JUAN DE RIOSECO,CENTRO POBLADO CAMBAO,,ACPM,Caldera,4.901375933995789,-74.72910930382439,Alta,0.9555555555555555,0.8,0.8888888888888888,0.6000000000000001,0.8888888888888888,0.8,0.9333333333333333,0.39999999999999997
220334,Seguimiento y Control,Ubate,Cundinamarca,LENGUAZAQUE,RAMADA  FLORES,,Carbón,Horno,5.324352711280675,-73.71138688481753,Alta,0.7111111111111111,0.8,0.6444444444444445,0.6444444444444445,0.6444444444444445,0.8,0.6888888888888889,0.26666666666666666
221308,Seguimiento y Control,Ubate,Cundinamarca,LENGUAZAQUE,LA RAMADA,,Carbón,Horno,5.322074072592789,-73.71160475103049,Alta,0.7111111111111111,0.8,0.6444444444444445,0.6444444444444445,0.6444444444444445,0.8,0.6888888888888889,0.26666666666666666
223364,Seguimiento y Control,Ubate,Cundinamarca,GUACHETA,RABANAL,,Carbón,Horno,5.342877295476011,-73.70479893802133,Alta,0.7111111111111111,0.8,0.6444444444444445,0.6444444444444445,0.6444444444444445,0.8,0.6888888888888889,0.26666666666666666
224442,Seguimiento y Control,Sabana Occidente,Cundinamarca,MOSQUERA,SIETE TROJES,,Gas,Horno,4.718446115323723,-74.23096251271922,Alta,0.3777777777777778,0.5777777777777778,0.7777777777777778,0.4444444444444444,0.7111111111111111,0.5777777777777778,0.8222222222222223,0.3333333333333333
226506,Seguimiento y Control,Soacha,Cundinamarca,SOACHA,FUSUNGA,,Carbón,Horno,4.549327252662023,-74.20745154059891,Alta,0.7111111111111111,0.8,0.6444444444444445,0.6444444444444445,0.6444444444444445,0.8,0.6888888888888889,0.26666666666666666
226592,Seguimiento y Control,Bogotá y Municipio de la Calera,Distrito Capital,CIUDAD BOLIVAR,MOCHUELO BAJO,,ACPM,Secadores,4.525045864719102,-74.14639740542519,Alta,0.8222222222222222,0.6666666666666666,0.7555555555555555,0.5555555555555556,0.7555555555555555,0.6666666666666666,0.8,0.39999999999999997
226674,Seguimiento y Control,Sabana Centro,Cundinamarca,NEMOCON,CASA BLANCA,,Carbón,Molino,5.122663890887295,-73.907961177625,Alta,0.4444444444444444,0.6000000000000001,0.37777777777777777,0.37777777777777777,0.37777777777777777,0.7333333333333334,0.37777777777777777,0.26666666666666666
228146,Seguimiento y Control,Sabana Centro,Cundinamarca,COTA,SIBERIA,,Otros,Horno,4.743980426788356,-74.13277168008962,Alta,0.5111111111111111,0.8,0.7111111111111111,0.5777777777777778,0.7111111111111111,0.8,0.7555555555555555,0.3333333333333333
229140,Seguimiento y Control,Bogotá y Municipio de la Calera,Distrito Capital,CIUDAD BOLIVAR,MOCHUELO BAJO,,ACPM,Secadores,4.52746940611893,-74.14655983395548,Alta,0.8222222222222222,0.6666666666666666,0.7555555555555555,0.5555555555555556,0.7555555555555555,0.6666666666666666,0.8,0.39999999999999997
229254,Seguimiento y Control,Sabana Centro,Cundinamarca,COGUA,EL OLIVO,,Carbón,Horno,5.067493903404046,-73.95192101977662,Alta,0.7111111111111111,0.8,0.6444444444444445,0.6444444444444445,0.6444444444444445,0.8,0.6888888888888889,0.26666666666666666
234474,Seguimiento y Control,Sabana Centro,Cundinamarca,COTA,SIBERIA,,Otros,Secadores,4.757888426399601,-74.13566628255914,Alta,0.4222222222222222,0.6666666666666666,0.6222222222222222,0.48888888888888893,0.6222222222222222,0.6666666666666666,0.6666666666666666,0.3333333333333333
236124,Seguimiento y Control,Bogotá y Municipio de la Calera,Distrito Capital,CIUDAD BOLIVAR,MOCHUELO BAJO,,Carbón,Horno,4.516545132678234,-74.14842406462392,Alta,0.7111111111111111,0.8,0.6444444444444445,0.6444444444444445,0.6444444444444445,0.8,0.6888888888888889,0.26666666666666666
236626,Seguimiento y Control,Soacha,Cundinamarca,SOACHA,FUSUNGA,,Otros,Secadores,4.549327252662023,-74.20745154059891,Alta,0.4222222222222222,0.6666666666666666,0.6222222222222222,0.48888888888888893,0.6222222222222222,0.6666666666666666,0.6666666666666666,0.3333333333333333
237320,Seguimiento y Control,Ubate,Cundinamarca,CUCUNUBA,PUEBLO VIEJO,,Carbón,Horno,5.220712393214728,-73.81738069600944,Alta,0.7111111111111111,0.8,0.6444444444444445,0.6444444444444445,0.6444444444444445,0.8,0.6888888888888889,0.26666666666666666
237546,Seguimiento y Control,Ubate,Cundinamarca,GUACHETA,SANTUARIO,,Carbón,Horno,5.367661724854596,-73.68765968240605,Alta,0.7111111111111111,0.8,0.6444444444444445,0.6444444444444445,0.6444444444444445,0.8,0.6888888888888889,0.26666666666666666
239650,Seguimiento y Control,Bogotá y Municipio de la Calera,Cundinamarca,LA CALERA,ALTAMAR,,Sin definir,Sin definir,4.730325004988502,-73.95057780141846,Alta,0.3111111111111111,0.35555555555555557,0.2666666666666667,0.2666666666666667,0.2666666666666667,0.4222222222222222,0.3111111111111111,0.13333333333333333
240512,Seguimiento y Control,Soacha,Cundinamarca,SOACHA,CAZUCA,,Gas,Secadores,4.585336568654857,-74.20904409471083,Alta,0.2888888888888889,0.4444444444444444,0.6888888888888889,0.35555555555555557,0.6222222222222222,0.4444444444444444,0.7333333333333334,0.3333333333333333
242468,Seguimiento y Control,Ubate,Cundinamarca,GUACHETA,SANTUARIO,,Sin definir,Sin definir,5.368512628332108,-73.68905759236137,Alta,0.3111111111111111,0.35555555555555557,0.2666666666666667,0.2666666666666667,0.2666666666666667,0.4222222222222222,0.3111111111111111,0.13333333333333333
246026,Seguimiento y Control,Sabana Occidente,Cundinamarca,MOSQUERA,SAN JOSÉ,,No aplica,Molino,4.696014871207774,-74.20857787225968,Alta,0.1111111111111111,0.6888888888888889,0.1111111111111111,0.044444444444444446,0.1111111111111111,0.8666666666666667,0.1111111111111111,0.13333333333333333
247634,Seguimiento y Control,Sumapaz,Cundinamarca,FUSAGASUGA,CUCHARAL,,Otros,Planta de asfalto,4.328762800946419,-74.41884479172194,Alta,0.4666666666666667,0.7333333333333334,0.7111111111111111,0.5333333333333334,0.7111111111111111,0.8,0.7555555555555555,0.37777777777777777
249390,Seguimiento y Control,Chiquinquira,Boyacá,RAQUIRA,FIRITA PEÑA ARRIBA,,Carbón,Horno,5.444633640351026,-73.60050816910078,Alta,0.7111111111111111,0.8,0.6444444444444445,0.6444444444444445,0.6444444444444445,0.8,0.6888888888888889,0.26666666666666666
249462,Seguimiento y Control,Ubate,Cundinamarca,CUCUNUBA,APOSENTOS,,No aplica,Horno,5.227279655231649,-73.78144106251762,Alta,0.3777777777777778,0.8888888888888888,0.3777777777777778,0.3111111111111111,0.3777777777777778,0.9333333333333333,0.4222222222222223,0.13333333333333333
250486,Seguimiento y Control,Chiquinquira,Boyacá,CHIQUINQUIRA,SUCRE ORIENTAL,,Otros,Secadores,5.558346040461315,-73.82330194303466,Alta,0.4222222222222222,0.6666666666666666,0.6222222222222222,0.48888888888888893,0.6222222222222222,0.6666666666666666,0.6666666666666666,0.3333333333333333
251256,Seguimiento y Control,Sabana Centro,Cundinamarca,TOCANCIPA,CANAVITA,,No aplica,Horno,4.948368027349582,-73.93848209506716,Alta,0.3777777777777778,0.8888888888888888,0.3777777777777778,0.3111111111111111,0.3777777777777778,0.9333333333333333,0.4222222222222223,0.13333333333333333
251262,Seguimiento y Control,Ubate,Cundinamarca,GUACHETA,PUEBLO VIEJO,,Carbón,Horno,5.3244472,-73.7416109,Baja,0.7111111111111111,0.8,0.6444444444444445,0.6444444444444445,0.6444444444444445,0.8,0.6888888888888889,0.26666666666666666
251522,Seguimiento y Control,Ubate,Cundinamarca,SIMIJACA,CENTRO,,Carbón,Horno,5.512951489781183,-73.84572926117762,Alta,0.7111111111111111,0.8,0.6444444444444445,0.6444444444444445,0.6444444444444445,0.8,0.6888888888888889,0.26666666666666666
252170,Seguimiento y Control,Ubate,Cundinamarca,SIMIJACA,HATO CHICO,,Leña,Horno,5.5152751,-73.8376865,Baja,0.4444444444444444,0.8888888888888888,0.5777777777777778,0.8444444444444444,0.5777777777777778,0.8888888888888888,0.6222222222222222,0.26666666666666666
252754,Seguimiento y Control,Ubate,Cundinamarca,CUCUNUBA,PUEBLO VIEJO,,Carbón,Horno,5.233765376122582,-73.8058562407743,Alta,0.7111111111111111,0.8,0.6444444444444445,0.6444444444444445,0.6444444444444445,0.8,0.6888888888888889,0.26666666666666666
253304,Seguimiento y Control,Sabana Centro,Cundinamarca,NEMOCON,PATIO BONITO,,Carbón,Horno,5.122310435827001,-73.90503914988963,Alta,0.7111111111111111,0.8,0.6444444444444445,0.6444444444444445,0.6444444444444445,0.8,0.6888888888888889,0.26666666666666666
253700,Seguimiento y Control,Sabana Centro,Cundinamarca,NEMOCON,PATIO BONITO,,Carbón,Horno,5.131588829580173,-73.90633539971547,Alta,0.7111111111111111,0.8,0.6444444444444445,0.6444444444444445,0.6444444444444445,0.8,0.6888888888888889,0.26666666666666666
253700,Seguimiento y Control,Sabana Centro,Cundinamarca,NEMOCON,PATIO BONITO,,Carbón,Horno,5.131579709262431,-73.90604679345861,Alta,0.7111111111111111,0.8,0.6444444444444445,0.6444444444444445,0.6444444444444445,0.8,0.6888888888888889,0.26666666666666666
253916,Seguimiento y Control,Ubate,Cundinamarca,SUTATAUSA,PEÑAS DE CAJÓN,,Mezcla,Horno,5.213668439470928,-73.84138618837785,Alta,0.6444444444444445,0.8,0.7111111111111111,0.5777777777777778,0.7111111111111111,0.8,0.7555555555555555,0.3333333333333333
253916,Seguimiento y Control,Ubate,Cundinamarca,SUTATAUSA,PEÑAS DE CAJÓN,,Mezcla,Horno,5.213541730894566,-73.84109759104514,Alta,0.6444444444444445,0.8,0.7111111111111111,0.5777777777777778,0.7111111111111111,0.8,0.7555555555555555,0.3333333333333333
253924,Seguimiento y Control,Ubate,Cundinamarca,GUACHETA,PEÑAS,,Carbón,Horno,5.3244472,-73.7416109,Baja,0.7111111111111111,0.8,0.6444444444444445,0.6444444444444445,0.6444444444444445,0.8,0.6888888888888889,0.26666666666666666
253926,Seguimiento y Control,Ubate,Cundinamarca,GUACHETA,PEÑAS,,Carbón,Horno,5.389132226919711,-73.66500843821844,Alta,0.7111111111111111,0.8,0.6444444444444445,0.6444444444444445,0.6444444444444445,0.8,0.6888888888888889,0.26666666666666666
253958,Seguimiento y Control,Ubate,Cundinamarca,CUCUNUBA,PUEBLO VIEJO,,Hulla,Horno,5.2318238745475485,-73.75642833307602,Baja,0.7111111111111111,0.8,0.7111111111111111,0.5777777777777778,0.7111111111111111,0.8,0.7555555555555555,0.3333333333333333
254206,Seguimiento y Control,Sabana Centro,Cundinamarca,NEMOCON,PATIO BONITO,,Carbón,Horno,5.11407293807444,-73.90733212518127,Alta,0.7111111111111111,0.8,0.6444444444444445,0.6444444444444445,0.6444444444444445,0.8,0.6888888888888889,0.26666666666666666
254360,Seguimiento y Control,Sabana Occidente,Cundinamarca,MADRID,LA CUESTA,,ACPM,Trituradora,4.851403178634114,-74.19943889069901,Alta,0.6444444444444444,0.6000000000000001,0.5777777777777778,0.37777777777777777,0.5777777777777778,0.7333333333333334,0.5777777777777778,0.39999999999999997
254602,Seguimiento y Control,Sabana Centro,Cundinamarca,NEMOCON,PATIO BONITO,,Carbón,Horno,5.114741361860678,-73.90451808765988,Alta,0.7111111111111111,0.8,0.6444444444444445,0.6444444444444445,0.6444444444444445,0.8,0.6888888888888889,0.26666666666666666
254614,En Trámite,Sabana Centro,Cundinamarca,NEMOCON,PATIO BONITO,,Gas,Horno,5.120701371343946,-73.90719509076919,Alta,0.3777777777777778,0.5777777777777778,0.7777777777777778,0.4444444444444444,0.7111111111111111,0.5777777777777778,0.8222222222222223,0.3333333333333333
255944,Seguimiento y Control,Chiquinquira,Boyacá,RAQUIRA,FIRITA PEÑA ARRIBA,,Carbón,Horno,5.443367531678636,-73.60031967843835,Alta,0.7111111111111111,0.8,0.6444444444444445,0.6444444444444445,0.6444444444444445,0.8,0.6888888888888889,0.26666666666666666
259752,Seguimiento y Control,Soacha,Cundinamarca,SOACHA,AREA URBANA,,Gas,Horno,4.583016750169527,-74.21188538117302,Media,0.3777777777777778,0.5777777777777778,0.7777777777777778,0.4444444444444444,0.7111111111111111,0.5777777777777778,0.8222222222222223,0.3333333333333333
260370,Seguimiento y Control,Sabana Centro,Cundinamarca,CAJICA,CHUNTAME ALTO,,Otros,Horno,4.953109118758864,-74.01450894895697,Alta,0.5111111111111111,0.8,0.7111111111111111,0.5777777777777778,0.7111111111111111,0.8,0.7555555555555555,0.3333333333333333
262148,Seguimiento y Control,Ubate,Cundinamarca,CUCUNUBA,PUEBLO VIEJO,,Carbón,Horno,5.231691730909224,-73.75760014322978,Baja,0.7111111111111111,0.8,0.6444444444444445,0.6444444444444445,0.6444444444444445,0.8,0.6888888888888889,0.26666666666666666
265866,En Trámite,Sabana Centro,Cundinamarca,ZIPAQUIRA,AREA URBANA,,Carbón,Caldera,5.022983920924119,-74.00971397007675,Alta,0.7555555555555555,0.8,0.6888888888888889,0.6000000000000001,0.6888888888888889,0.8,0.7333333333333333,0.26666666666666666
268628,Seguimiento y Control,Ubate,Cundinamarca,CUCUNUBA,PUEBLO VIEJO,,Carbón,Horno,5.231462385327247,-73.7558970718599,Baja,0.7111111111111111,0.8,0.6444444444444445,0.6444444444444445,0.6444444444444445,0.8,0.6888888888888889,0.26666666666666666
269526,Seguimiento y Control,Sabana Centro,Cundinamarca,TOCANCIPA,VERGANZO,,No aplica,Caldera,4.963030855079891,-73.95977650306315,Alta,0.4222222222222223,0.8888888888888888,0.4222222222222223,0.2666666666666667,0.4222222222222223,0.9333333333333333,0.4666666666666667,0.13333333333333333
269960,Seguimiento y Control,Ubate,Cundinamarca,CUCUNUBA,PUEBLO VIEJO,,Carbón,Chimenea,5.228566356333745,-73.80727467545057,Alta,0.6222222222222222,0.6666666666666666,0.6000000000000001,0.6000000000000001,0.6000000000000001,0.6666666666666666,0.6444444444444445,0.26666666666666666
271904,Seguimiento y Control,Sabana Centro,Cundinamarca,NEMOCON,CERRO VERDE,,Carbón,Batería de coquización,5.135243972568703,-73.88117122864963,Alta,0.7999999999999999,0.8666666666666667,0.7333333333333333,0.6888888888888889,0.7333333333333333,0.8666666666666667,0.7333333333333333,0.3111111111111111
272546,Seguimiento y Control,Chiquinquira,Boyacá,RAQUIRA,FIRITA PEÑA ARRIBA,,Carbón,Horno,5.429805462406828,-73.61877079855404,Media,0.7111111111111111,0.8,0.6444444444444445,0.6444444444444445,0.6444444444444445,0.8,0.6888888888888889,0.26666666666666666
272546,Seguimiento y Control,Chiquinquira,Boyacá,RAQUIRA,FIRITA PEÑA ARRIBA,,Carbón,Horno,5.428439309552739,-73.61886682781471,Media,0.7111111111111111,0.8,0.6444444444444445,0.6444444444444445,0.6444444444444445,0.8,0.6888888888888889,0.26666666666666666
273724,En Trámite,Sabana Centro,Cundinamarca,COGUA,NEUSA,,Carbón,Horno,5.073019945414556,-73.95605931663142,Alta,0.7111111111111111,0.8,0.6444444444444445,0.6444444444444445,0.6444444444444445,0.8,0.6888888888888889,0.26666666666666666
273724,En Trámite,Sabana Centro,Cundinamarca,COGUA,NEUSA,,Carbón,Horno,5.07248663313253,-73.95724982090229,Alta,0.7111111111111111,0.8,0.6444444444444445,0.6444444444444445,0.6444444444444445,0.8,0.6888888888888889,0.26666666666666666
273724,En Trámite,Sabana Centro,Cundinamarca,COGUA,NEUSA,,Carbón,Horno,5.072983997871496,-73.95725874707476,Alta,0.7111111111111111,0.8,0.6444444444444445,0.6444444444444445,0.6444444444444445,0.8,0.6888888888888889,0.26666666666666666
274218,Seguimiento y Control,Soacha,Cundinamarca,SOACHA,FUSUNGA,,Carbón,Horno,4.527604304231793,-74.19343714531605,Media,0.7111111111111111,0.8,0.6444444444444445,0.6444444444444445,0.6444444444444445,0.8,0.6888888888888889,0.26666666666666666
277246,Seguimiento y Control,Ubate,Cundinamarca,LENGUAZAQUE,LA RAMADA,,No aplica,No aplica (área de operación),5.320792253355371,-73.71541261856255,Alta,0.24444444444444446,0.6888888888888889,0.20000000000000004,0.17777777777777778,0.24444444444444446,0.7333333333333333,0.2888888888888889,0.17777777777777778
281510,En Trámite,Bogotá y Municipio de la Calera,Distrito Capital,CIUDAD BOLIVAR,MOCHUELO BAJO,,Sin definir,Sin definir,4.508026576808778,-74.14833339755684,Media,0.3111111111111111,0.35555555555555557,0.2666666666666667,0.2666666666666667,0.2666666666666667,0.4222222222222222,0.3111111111111111,0.13333333333333333
281730,En Trámite,Sabana Centro,Cundinamarca,TOCANCIPA,TIBITÓ,,Carbón,Caldera,4.957605672455215,-73.96328493791145,Alta,0.7555555555555555,0.8,0.6888888888888889,0.6000000000000001,0.6888888888888889,0.8,0.7333333333333333,0.26666666666666666
84550,Sancionatorio,Sabana Centro,Cundinamarca,COGUA,MORTIÑO,Por emisiones atmosféricas sin cumplir con los requisitos de ley,Sin definir,Sin definir,5.066568931747036,-73.93922367036498,Alta,0.3111111111111111,0.35555555555555557,0.2666666666666667,0.2666666666666667,0.2666666666666667,0.4222222222222222,0.3111111111111111,0.13333333333333333
94206,Sancionatorio,Sabana Centro,Cundinamarca,TENJO,CHURUGUACO,Por emisiones atmosféricas sin cumplir con los requisitos de ley,Sin definir,Sin definir,4.866675715457455,-74.14239201606195,Alta,0.3111111111111111,0.35555555555555557,0.2666666666666667,0.2666666666666667,0.2666666666666667,0.4222222222222222,0.3111111111111111,0.13333333333333333
96416,Sancionatorio,Sabana Centro,Cundinamarca,NEMOCON,ORATORIO,Por emisiones atmosféricas sin cumplir con los requisitos de ley,Sin definir,Sin definir,5.075065212873094,-73.92123948691632,Alta,0.3111111111111111,0.35555555555555557,0.2666666666666667,0.2666666666666667,0.2666666666666667,0.4222222222222222,0.3111111111111111,0.13333333333333333
96946,Sancionatorio,Almeidas y Municipio de Guatavita,Cundinamarca,MANTA,AREA URBANA,Por emisiones atmosféricas sin cumplir con los requisitos de ley,Sin definir,Sin definir,5.138454859403585,-73.67173935679345,Alta,0.3111111111111111,0.35555555555555557,0.2666666666666667,0.2666666666666667,0.2666666666666667,0.4222222222222222,0.3111111111111111,0.13333333333333333
109564,Sancionatorio,Almeidas y Municipio de Guatavita,Cundinamarca,CHOCONTA,SOATAMA,Por emisiones atmosféricas sin cumplir con los requisitos de ley,Sin definir,Sin definir,5.13766333750456,-73.54254491791754,Alta,0.3111111111111111,0.35555555555555557,0.2666666666666667,0.2666666666666667,0.2666666666666667,0.4222222222222222,0.3111111111111111,0.13333333333333333
110204,Sancionatorio,Almeidas y Municipio de Guatavita,Cundinamarca,MANTA,FUCHATOQUE,Por emisiones atmosféricas sin cumplir con los requisitos de ley,Sin definir,Sin definir,4.994663,-73.5509364,Baja,0.3111111111111111,0.35555555555555557,0.2666666666666667,0.2666666666666667,0.2666666666666667,0.4222222222222222,0.3111111111111111,0.13333333333333333
144976,Sancionatorio,Sabana Centro,Cundinamarca,COTA,VUELTA GRANDE,Por emisiones atmosféricas sin permiso o no cumplimiento con los términos del permiso,Sin definir,Sin definir,4.76060036023827,-74.14634814428524,Alta,0.3111111111111111,0.35555555555555557,0.2666666666666667,0.2666666666666667,0.2666666666666667,0.4222222222222222,0.3111111111111111,0.13333333333333333
149104,Sancionatorio,Bogotá y Municipio de la Calera,Distrito Capital,CIUDAD BOLIVAR,QUIBA ALTA,Por emisiones atmosféricas sin cumplir con los requisitos de ley,Sin definir,Sin definir,4.558719743580678,-74.17034405643113,Alta,0.3111111111111111,0.35555555555555557,0.2666666666666667,0.2666666666666667,0.2666666666666667,0.4222222222222222,0.3111111111111111,0.13333333333333333
150604,Sancionatorio,Ubate,Cundinamarca,TAUSA,PAJARITO,Por emisiones atmosféricas sin permiso o no cumplimiento con los términos del permiso,Sin definir,Sin definir,5.140893962021765,-73.90618861109839,Alta,0.3111111111111111,0.35555555555555557,0.2666666666666667,0.2666666666666667,0.2666666666666667,0.4222222222222222,0.3111111111111111,0.13333333333333333
151912,Sancionatorio,Sabana Centro,Cundinamarca,CHIA,AREA URBANA,Emitir por encima de los parámetros establecidos en la norma,Sin definir,Sin definir,4.858937849536002,-74.06337187008603,Alta,0.3111111111111111,0.35555555555555557,0.2666666666666667,0.2666666666666667,0.2666666666666667,0.4222222222222222,0.3111111111111111,0.13333333333333333
152014,Sancionatorio,Almeidas y Municipio de Guatavita,Cundinamarca,VILLAPINZON,CHASQUES,Por emisiones atmosféricas sin cumplir con los requisitos de ley,Sin definir,Sin definir,5.243819181812527,-73.5933389849135,Alta,0.3111111111111111,0.35555555555555557,0.2666666666666667,0.2666666666666667,0.2666666666666667,0.4222222222222222,0.3111111111111111,0.13333333333333333
152140,Sancionatorio,Rionegro,Cundinamarca,LA PALMA,AREA URBANA,Emitir por encima de los parámetros establecidos en la norma,Sin definir,Sin definir,5.359883285616657,-74.39175444784289,Alta,0.3111111111111111,0.35555555555555557,0.2666666666666667,0.2666666666666667,0.2666666666666667,0.4222222222222222,0.3111111111111111,0.13333333333333333
152218,Sancionatorio,Bogotá y Municipio de la Calera,Distrito Capital,SUBA,CHORRILLOS,Emitir por encima de los parámetros establecidos en la norma,Sin definir,Sin definir,4.792679193239126,-74.0997556073905,Alta,0.3111111111111111,0.35555555555555557,0.2666666666666667,0.2666666666666667,0.2666666666666667,0.4222222222222222,0.3111111111111111,0.13333333333333333
153862,Sancionatorio,Rionegro,Cundinamarca,PACHO,KENNEDY,Emitir por encima de los parámetros establecidos en la norma,Sin definir,Sin definir,5.128513738288823,-74.16003190661208,Alta,0.3111111111111111,0.35555555555555557,0.2666666666666667,0.2666666666666667,0.2666666666666667,0.4222222222222222,0.3111111111111111,0.13333333333333333
156148,Sancionatorio,Bogotá y Municipio de la Calera,Distrito Capital,SUBA,CHORRILLOS,Por emisiones atmosféricas sin cumplir con los requisitos de ley,Sin definir,Sin definir,4.777043371309548,-74.10911190037291,Alta,0.3111111111111111,0.35555555555555557,0.2666666666666667,0.2666666666666667,0.2666666666666667,0.4222222222222222,0.3111111111111111,0.13333333333333333
156796,Sancionatorio,Tequendama,Cundinamarca,TENA,INSPECCION LA GRAN VIA,Emitir por encima de los parámetros establecidos en la norma,Sin definir,Sin definir,4.6487422901155,-74.41316242641665,Alta,0.3111111111111111,0.35555555555555557,0.2666666666666667,0.2666666666666667,0.2666666666666667,0.4222222222222222,0.3111111111111111,0.13333333333333333
158534,Sancionatorio,Soacha,Cundinamarca,SOACHA,SANTA ANA,Emitir por encima de los parámetros establecidos en la norma,Sin definir,Sin definir,4.566341393818399,-74.23247062806013,Alta,0.3111111111111111,0.35555555555555557,0.2666666666666667,0.2666666666666667,0.2666666666666667,0.4222222222222222,0.3111111111111111,0.13333333333333333
158568,Sancionatorio,Soacha,Cundinamarca,SIBATE,CHUSACA,Por emisiones atmosféricas sin cumplir con los requisitos de ley,Sin definir,Sin definir,4.542437009581842,-74.24797384432563,Alta,0.3111111111111111,0.35555555555555557,0.2666666666666667,0.2666666666666667,0.2666666666666667,0.4222222222222222,0.3111111111111111,0.13333333333333333
158672,Sancionatorio,Alto Magdalena,Cundinamarca,GIRARDOT,AREA URBANA,Emitir por encima de los parámetros establecidos en la norma,Sin definir,Sin definir,4.298845009980081,-74.8088832640906,Alta,0.3111111111111111,0.35555555555555557,0.2666666666666667,0.2666666666666667,0.2666666666666667,0.4222222222222222,0.3111111111111111,0.13333333333333333
159404,Sancionatorio,Chiquinquira,Boyacá,CHIQUINQUIRA,AREA URBANA,Emitir por encima de los parámetros establecidos en la norma,Sin definir,Sin definir,5.627317486398075,-73.80856837864569,Alta,0.3111111111111111,0.35555555555555557,0.2666666666666667,0.2666666666666667,0.2666666666666667,0.4222222222222222,0.3111111111111111,0.13333333333333333
159408,Sancionatorio,Chiquinquira,Boyacá,CHIQUINQUIRA,AREA URBANA,Emitir por encima de los parámetros establecidos en la norma,Sin definir,Sin definir,5.627317486398075,-73.80856837864569,Alta,0.3111111111111111,0.35555555555555557,0.2666666666666667,0.2666666666666667,0.2666666666666667,0.4222222222222222,0.3111111111111111,0.13333333333333333
160008,Sancionatorio,Soacha,Cundinamarca,SOACHA,DUCALES,Por emisiones atmosféricas sin cumplir con los requisitos de ley,Sin definir,Sin definir,4.571875537004082,-74.23350815057302,Alta,0.3111111111111111,0.35555555555555557,0.2666666666666667,0.2666666666666667,0.2666666666666667,0.4222222222222222,0.3111111111111111,0.13333333333333333
160186,Sancionatorio,Soacha,Cundinamarca,SOACHA,FUSUNGA,Por emisiones atmosféricas sin cumplir con los requisitos de ley,Sin definir,Sin definir,4.550584295557992,-74.2071634028477,Alta,0.3111111111111111,0.35555555555555557,0.2666666666666667,0.2666666666666667,0.2666666666666667,0.4222222222222222,0.3111111111111111,0.13333333333333333
161340,Sancionatorio,Bogotá y Municipio de la Calera,Cundinamarca,LA CALERA,CENTRO LA TOMA,Por emisiones atmosféricas sin cumplir con los requisitos de ley,Sin definir,Sin definir,4.72022667747147,-73.96673183066753,Alta,0.3111111111111111,0.35555555555555557,0.2666666666666667,0.2666666666666667,0.2666666666666667,0.4222222222222222,0.3111111111111111,0.13333333333333333
161754,Sancionatorio,Bogotá y Municipio de la Calera,Distrito Capital,FONTIBON,PUENTE GRANDE,Emitir por encima de los parámetros establecidos en la norma,Sin definir,Sin definir,4.679284000964967,-74.15624540339164,Alta,0.3111111111111111,0.35555555555555557,0.2666666666666667,0.2666666666666667,0.2666666666666667,0.4222222222222222,0.3111111111111111,0.13333333333333333
162044,Sancionatorio,Bogotá y Municipio de la Calera,Cundinamarca,LA CALERA,AREA URBANA,Emitir por encima de los parámetros establecidos en la norma,Sin definir,Sin definir,4.720172578073919,-73.9677323379922,Alta,0.3111111111111111,0.35555555555555557,0.2666666666666667,0.2666666666666667,0.2666666666666667,0.4222222222222222,0.3111111111111111,0.13333333333333333
162270,Sancionatorio,Bogotá y Municipio de la Calera,Cundinamarca,LA CALERA,AREA URBANA,Emitir por encima de los parámetros establecidos en la norma,Sin definir,Sin definir,4.706117374037105,-73.95411541814988,Alta,0.3111111111111111,0.35555555555555557,0.2666666666666667,0.2666666666666667,0.2666666666666667,0.4222222222222222,0.3111111111111111,0.13333333333333333
163482,Sancionatorio,Gualiva,Cundinamarca,ALBAN,LA MARÍA,Por emisiones atmosféricas sin permiso o no cumplimiento con los términos del permiso,Sin definir,Sin definir,4.917265304913495,-74.42520328263082,Alta,0.3111111111111111,0.35555555555555557,0.2666666666666667,0.2666666666666667,0.2666666666666667,0.4222222222222222,0.3111111111111111,0.13333333333333333
163736,Sancionatorio,Soacha,Cundinamarca,SOACHA,AREA URBANA,Por emisiones atmosféricas sin cumplir con los requisitos de ley,Sin definir,Sin definir,4.579614351782139,-74.24270175690222,Alta,0.3111111111111111,0.35555555555555557,0.2666666666666667,0.2666666666666667,0.2666666666666667,0.4222222222222222,0.3111111111111111,0.13333333333333333
164052,Sancionatorio,Sabana Centro,Cundinamarca,NEMOCON,ASTORGA,Emitir por encima de los parámetros establecidos en la norma,Sin definir,Sin definir,5.058051342260439,-73.87398027702358,Alta,0.3111111111111111,0.35555555555555557,0.2666666666666667,0.2666666666666667,0.2666666666666667,0.4222222222222222,0.3111111111111111,0.13333333333333333
164448,Sancionatorio,Ubate,Cundinamarca,GUACHETA,PUNTA GRANDE,Por emisiones atmosféricas sin permiso o no cumplimiento con los términos del permiso,Sin definir,Sin definir,5.342191203763201,-73.75473565633806,Alta,0.3111111111111111,0.35555555555555557,0.2666666666666667,0.2666666666666667,0.2666666666666667,0.4222222222222222,0.3111111111111111,0.13333333333333333
165068,Sancionatorio,Sabana Occidente,Cundinamarca,MADRID,SANTA CRUZ,Emitir por encima de los parámetros establecidos en la norma,Sin definir,Sin definir,4.748679900247107,-74.25650541046015,Alta,0.3111111111111111,0.35555555555555557,0.2666666666666667,0.2666666666666667,0.2666666666666667,0.4222222222222222,0.3111111111111111,0.13333333333333333
166650,Sancionatorio,Bogotá y Municipio de la Calera,Distrito Capital,CIUDAD BOLIVAR,MOCHUELO BAJO,Por emisiones atmosféricas sin permiso o no cumplimiento con los términos del permiso,Sin definir,Sin definir,4.5039119265132,-74.14799933247245,Alta,0.3111111111111111,0.35555555555555557,0.2666666666666667,0.2666666666666667,0.2666666666666667,0.4222222222222222,0.3111111111111111,0.13333333333333333
166794,Sancionatorio,Bogotá y Municipio de la Calera,Distrito Capital,KENNEDY,TINTALITO,Por emisiones atmosféricas sin permiso o no cumplimiento con los términos del permiso,Sin definir,Sin definir,4.655157357482492,-74.15344878460306,Alta,0.3111111111111111,0.35555555555555557,0.2666666666666667,0.2666666666666667,0.2666666666666667,0.4222222222222222,0.3111111111111111,0.13333333333333333
168210,Sancionatorio,Soacha,Cundinamarca,SOACHA,AREA URBANA,Por emisiones atmosféricas sin permiso o no cumplimiento con los términos del permiso,Sin definir,Sin definir,4.569148011009392,-74.21657481726287,Alta,0.3111111111111111,0.35555555555555557,0.2666666666666667,0.2666666666666667,0.2666666666666667,0.4222222222222222,0.3111111111111111,0.13333333333333333
168226,Sancionatorio,Soacha,Cundinamarca,SOACHA,AREA URBANA,Por emisiones atmosféricas sin permiso o no cumplimiento con los términos del permiso,Sin definir,Sin definir,4.573909508970414,-74.18895505976167,Alta,0.3111111111111111,0.35555555555555557,0.2666666666666667,0.2666666666666667,0.2666666666666667,0.4222222222222222,0.3111111111111111,0.13333333333333333
168392,Sancionatorio,Sabana Centro,Cundinamarca,COTA,SIBERIA,Por emisiones atmosféricas sin cumplir con los requisitos de ley,Sin definir,Sin definir,4.751213784706429,-74.14508526423714,Alta,0.3111111111111111,0.35555555555555557,0.2666666666666667,0.2666666666666667,0.2666666666666667,0.4222222222222222,0.3111111111111111,0.13333333333333333
168490,Sancionatorio,Soacha,Cundinamarca,SOACHA,PANAMÁ,Por emisiones atmosféricas sin permiso o no cumplimiento con los términos del permiso,Sin definir,Sin definir,4.459494709986158,-74.11022412945748,Alta,0.3111111111111111,0.35555555555555557,0.2666666666666667,0.2666666666666667,0.2666666666666667,0.4222222222222222,0.3111111111111111,0.13333333333333333
168616,Sancionatorio,Bogotá y Municipio de la Calera,Distrito Capital,CIUDAD BOLIVAR,MOCHUELO ALTO,Por emisiones atmosféricas sin permiso o no cumplimiento con los términos del permiso,Sin definir,Sin definir,4.50224798133018,-74.14809829074211,Alta,0.3111111111111111,0.35555555555555557,0.2666666666666667,0.2666666666666667,0.2666666666666667,0.4222222222222222,0.3111111111111111,0.13333333333333333
168956,Sancionatorio,Bogotá y Municipio de la Calera,Distrito Capital,CIUDAD BOLIVAR,MOCHUELO BAJO,Por emisiones atmosféricas sin permiso o no cumplimiento con los términos del permiso,Sin definir,Sin definir,4.537088177465246,-74.17372048353121,Alta,0.3111111111111111,0.35555555555555557,0.2666666666666667,0.2666666666666667,0.2666666666666667,0.4222222222222222,0.3111111111111111,0.13333333333333333
169248,Sancionatorio,Sabana Centro,Cundinamarca,CAJICA,RÍO GRANDE,Por emisiones atmosféricas sin cumplir con los requisitos de ley,Sin definir,Sin definir,4.978907266921981,-73.99993512045668,Alta,0.3111111111111111,0.35555555555555557,0.2666666666666667,0.2666666666666667,0.2666666666666667,0.4222222222222222,0.3111111111111111,0.13333333333333333
169516,Sancionatorio,Sabana Centro,Cundinamarca,SOPO,PUEBLO VIEJO,Por emisiones atmosféricas sin permiso o no cumplimiento con los términos del permiso,Sin definir,Sin definir,4.923032165458978,-73.95161491118245,Alta,0.3111111111111111,0.35555555555555557,0.2666666666666667,0.2666666666666667,0.2666666666666667,0.4222222222222222,0.3111111111111111,0.13333333333333333
169584,Sancionatorio,Sabana Centro,Cundinamarca,CAJICA,RIO FRIO-LA FLORIDA,Por emisiones atmosféricas sin cumplir con los requisitos de ley,Sin definir,Sin definir,4.921107711801773,-74.03835972120199,Alta,0.3111111111111111,0.35555555555555557,0.2666666666666667,0.2666666666666667,0.2666666666666667,0.4222222222222222,0.3111111111111111,0.13333333333333333
170230,Sancionatorio,Sumapaz,Cundinamarca,FUSAGASUGA,TIERRA NEGRA,Emitir por encima de los parámetros establecidos en la norma,Sin definir,Sin definir,4.378754932535756,-74.34660495109256,Alta,0.3111111111111111,0.35555555555555557,0.2666666666666667,0.2666666666666667,0.2666666666666667,0.4222222222222222,0.3111111111111111,0.13333333333333333
170540,Sancionatorio,Sumapaz,Cundinamarca,FUSAGASUGA,TIERRA NEGRA,Emitir por encima de los parámetros establecidos en la norma,Sin definir,Sin definir,4.379052510114605,-74.34893843458083,Alta,0.3111111111111111,0.35555555555555557,0.2666666666666667,0.2666666666666667,0.2666666666666667,0.4222222222222222,0.3111111111111111,0.13333333333333333
170548,Sancionatorio,Sumapaz,Cundinamarca,SILVANIA,AZAFRANAL,Emitir por encima de los parámetros establecidos en la norma,Sin definir,Sin definir,4.439076346507298,-74.3822697689574,Alta,0.3111111111111111,0.35555555555555557,0.2666666666666667,0.2666666666666667,0.2666666666666667,0.4222222222222222,0.3111111111111111,0.13333333333333333
170618,Sancionatorio,Bogotá y Municipio de la Calera,Distrito Capital,KENNEDY,TINTALITO,Por emisiones atmosféricas sin permiso o no cumplimiento con los términos del permiso,Sin definir,Sin definir,4.654614891880992,-74.15233115523553,Alta,0.3111111111111111,0.35555555555555557,0.2666666666666667,0.2666666666666667,0.2666666666666667,0.4222222222222222,0.3111111111111111,0.13333333333333333
170806,Sancionatorio,Bogotá y Municipio de la Calera,Distrito Capital,FONTIBON,EL CHARCO,Por emisiones atmosféricas sin permiso o no cumplimiento con los términos del permiso,Sin definir,Sin definir,4.698064835661141,-74.16964115732343,Alta,0.3111111111111111,0.35555555555555557,0.2666666666666667,0.2666666666666667,0.2666666666666667,0.4222222222222222,0.3111111111111111,0.13333333333333333
171236,Sancionatorio,Bogotá y Municipio de la Calera,Distrito Capital,CIUDAD BOLIVAR,MOCHUELO BAJO,Por emisiones atmosféricas sin permiso o no cumplimiento con los términos del permiso,Sin definir,Sin definir,4.531412614852203,-74.14215376714297,Alta,0.3111111111111111,0.35555555555555557,0.2666666666666667,0.2666666666666667,0.2666666666666667,0.4222222222222222,0.3111111111111111,0.13333333333333333
171250,Sancionatorio,Bogotá y Municipio de la Calera,Distrito Capital,CIUDAD BOLIVAR,MOCHUELO BAJO,Por emisiones atmosféricas sin permiso o no cumplimiento con los términos del permiso,Sin definir,Sin definir,4.506308231849069,-74.14926107740006,Alta,0.3111111111111111,0.35555555555555557,0.2666666666666667,0.2666666666666667,0.2666666666666667,0.4222222222222222,0.3111111111111111,0.13333333333333333
171320,Sancionatorio,Bogotá y Municipio de la Calera,Distrito Capital,CIUDAD BOLIVAR,MOCHUELO ALTO,Por emisiones atmosféricas sin permiso o no cumplimiento con los términos del permiso,Sin definir,Sin definir,4.503911949191132,-74.14776505203284,Alta,0.3111111111111111,0.35555555555555557,0.2666666666666667,0.2666666666666667,0.2666666666666667,0.4222222222222222,0.3111111111111111,0.13333333333333333
171546,Sancionatorio,Sumapaz,Cundinamarca,FUSAGASUGA,AREA URBANA,Por emisiones atmosféricas sin cumplir con los requisitos de ley,Sin definir,Sin definir,4.343310238861903,-74.35999735805336,Alta,0.3111111111111111,0.35555555555555557,0.2666666666666667,0.2666666666666667,0.2666666666666667,0.4222222222222222,0.3111111111111111,0.13333333333333333
171708,Sancionatorio,Sabana Centro,Cundinamarca,ZIPAQUIRA,PASO ANCHO,Por emisiones atmosféricas sin cumplir con los requisitos de ley,Sin definir,Sin definir,5.009100674642049,-73.99067075031871,Alta,0.3111111111111111,0.35555555555555557,0.2666666666666667,0.2666666666666667,0.2666666666666667,0.4222222222222222,0.3111111111111111,0.13333333333333333
171784,Sancionatorio,Sumapaz,Cundinamarca,FUSAGASUGA,BERMEJAL,Emitir por encima de los parámetros establecidos en la norma,Sin definir,Sin definir,4.374470183009603,-74.34193669384523,Alta,0.3111111111111111,0.35555555555555557,0.2666666666666667,0.2666666666666667,0.2666666666666667,0.4222222222222222,0.3111111111111111,0.13333333333333333
172164,Sancionatorio,Chiquinquira,Boyacá,CHIQUINQUIRA,AREA URBANA,Emitir por encima de los parámetros establecidos en la norma,Sin definir,Sin definir,5.620774506233361,-73.81729066129132,Alta,0.3111111111111111,0.35555555555555557,0.2666666666666667,0.2666666666666667,0.2666666666666667,0.4222222222222222,0.3111111111111111,0.13333333333333333
172710,Sancionatorio,Sabana Occidente,Cundinamarca,FACATATIVA,MOYANO,Por emisiones atmosféricas sin cumplir con los requisitos de ley,Sin definir,Sin definir,4.797485698834556,-74.28622074733866,Alta,0.3111111111111111,0.35555555555555557,0.2666666666666667,0.2666666666666667,0.2666666666666667,0.4222222222222222,0.3111111111111111,0.13333333333333333
172710,Sancionatorio,Sabana Occidente,Cundinamarca,FACATATIVA,MOYANO,Por emisiones atmosféricas sin cumplir con los requisitos de ley,Sin definir,Sin definir,4.802694796068038,-74.28514058611823,Alta,0.3111111111111111,0.35555555555555557,0.2666666666666667,0.2666666666666667,0.2666666666666667,0.4222222222222222,0.3111111111111111,0.13333333333333333
172940,Sancionatorio,Sabana Occidente,Cundinamarca,FUNZA,LA FLORIDA,Por emisiones atmosféricas sin cumplir con los requisitos de ley,Sin definir,Sin definir,4.728504729167104,-74.16244328733147,Alta,0.3111111111111111,0.35555555555555557,0.2666666666666667,0.2666666666666667,0.2666666666666667,0.4222222222222222,0.3111111111111111,0.13333333333333333
173068,Sancionatorio,Sabana Occidente,Cundinamarca,FACATATIVA,TIERRA MORADA,Por emisiones atmosféricas sin cumplir con los requisitos de ley,Sin definir,Sin definir,4.864618558903129,-74.2935346978195,Alta,0.3111111111111111,0.35555555555555557,0.2666666666666667,0.2666666666666667,0.2666666666666667,0.4222222222222222,0.3111111111111111,0.13333333333333333
173944,Sancionatorio,Ubate,Cundinamarca,LENGUAZAQUE,RAMADA  FLORES,Por emisiones atmosféricas sin permiso o no cumplimiento con los términos del permiso,Sin definir,Sin definir,5.323524958706307,-73.71848739660393,Alta,0.3111111111111111,0.35555555555555557,0.2666666666666667,0.2666666666666667,0.2666666666666667,0.4222222222222222,0.3111111111111111,0.13333333333333333
173948,Sancionatorio,Bogotá y Municipio de la Calera,Distrito Capital,CIUDAD BOLIVAR,MOCHUELO BAJO,Por emisiones atmosféricas sin permiso o no cumplimiento con los términos del permiso,Sin definir,Sin definir,4.522477523597392,-74.14737936340134,Alta,0.3111111111111111,0.35555555555555557,0.2666666666666667,0.2666666666666667,0.2666666666666667,0.4222222222222222,0.3111111111111111,0.13333333333333333
174580,Sancionatorio,Alto Magdalena,Cundinamarca,TOCAIMA,CENTRO,Emitir por encima de los parámetros establecidos en la norma,Sin definir,Sin definir,4.456725467921365,-74.63397912834974,Alta,0.3111111111111111,0.35555555555555557,0.2666666666666667,0.2666666666666667,0.2666666666666667,0.4222222222222222,0.3111111111111111,0.13333333333333333
174606,Sancionatorio,Alto Magdalena,Cundinamarca,TOCAIMA,CENTRO,Emitir por encima de los parámetros establecidos en la norma,Sin definir,Sin definir,4.456761543231247,-74.63410529258086,Alta,0.3111111111111111,0.35555555555555557,0.2666666666666667,0.2666666666666667,0.2666666666666667,0.4222222222222222,0.3111111111111111,0.13333333333333333
174920,Sancionatorio,Chiquinquira,Boyacá,RAQUIRA,FIRITA PEÑA ARRIBA,Por emisiones atmosféricas sin cumplir con los requisitos de ley,Sin definir,Sin definir,5.429751044743832,-73.6382273624479,Alta,0.3111111111111111,0.35555555555555557,0.2666666666666667,0.2666666666666667,0.2666666666666667,0.4222222222222222,0.3111111111111111,0.13333333333333333
175534,Sancionatorio,Ubate,Cundinamarca,CUCUNUBA,PEÑAS,Por emisiones atmosféricas sin permiso o no cumplimiento con los términos del permiso,Sin definir,Sin definir,5.199806941206461,-73.84467462153063,Alta,0.3111111111111111,0.35555555555555557,0.2666666666666667,0.2666666666666667,0.2666666666666667,0.4222222222222222,0.3111111111111111,0.13333333333333333
175598,Sancionatorio,Ubate,Cundinamarca,LENGUAZAQUE,RAMADA  FLORES,Por emisiones atmosféricas sin cumplir con los requisitos de ley,Sin definir,Sin definir,5.323334924557479,-73.7182529444509,Alta,0.3111111111111111,0.35555555555555557,0.2666666666666667,0.2666666666666667,0.2666666666666667,0.4222222222222222,0.3111111111111111,0.13333333333333333
175776,Sancionatorio,Alto Magdalena,Cundinamarca,GIRARDOT,CENTRO,Emitir por encima de los parámetros establecidos en la norma,Sin definir,Sin definir,4.299009226147966,-74.80737014375782,Alta,0.3111111111111111,0.35555555555555557,0.2666666666666667,0.2666666666666667,0.2666666666666667,0.4222222222222222,0.3111111111111111,0.13333333333333333
175778,Sancionatorio,Alto Magdalena,Cundinamarca,GIRARDOT,CENTRO,Emitir por encima de los parámetros establecidos en la norma,Sin definir,Sin definir,4.277865284350967,-74.77137456628721,Alta,0.3111111111111111,0.35555555555555557,0.2666666666666667,0.2666666666666667,0.2666666666666667,0.4222222222222222,0.3111111111111111,0.13333333333333333
176346,Sancionatorio,Ubate,Cundinamarca,UBATE,GUATANCUY,Por emisiones atmosféricas sin cumplir con los requisitos de ley,Sin definir,Sin definir,5.355177265652509,-73.79250457318558,Alta,0.3111111111111111,0.35555555555555557,0.2666666666666667,0.2666666666666667,0.2666666666666667,0.4222222222222222,0.3111111111111111,0.13333333333333333
176384,Sancionatorio,Ubate,Cundinamarca,TAUSA,PAJARITO,Por emisiones atmosféricas sin cumplir con los requisitos de ley,Sin definir,Sin definir,5.138198773864668,-73.90471921551881,Alta,0.3111111111111111,0.35555555555555557,0.2666666666666667,0.2666666666666667,0.2666666666666667,0.4222222222222222,0.3111111111111111,0.13333333333333333
176816,Sancionatorio,Ubate,Cundinamarca,LENGUAZAQUE,LA RAMADA,Por emisiones atmosféricas sin permiso o no cumplimiento con los términos del permiso,Sin definir,Sin definir,5.323081959319736,-73.71865004281216,Alta,0.3111111111111111,0.35555555555555557,0.2666666666666667,0.2666666666666667,0.2666666666666667,0.4222222222222222,0.3111111111111111,0.13333333333333333
177306,Sancionatorio,Bogotá y Municipio de la Calera,Distrito Capital,SUBA,CHORRILLOS,Por emisiones atmosféricas sin permiso o no cumplimiento con los términos del permiso,Sin definir,Sin definir,4.776392032519601,-74.11391646419493,Alta,0.3111111111111111,0.35555555555555557,0.2666666666666667,0.2666666666666667,0.2666666666666667,0.4222222222222222,0.3111111111111111,0.13333333333333333
177574,Sancionatorio,Sabana Occidente,Cundinamarca,FACATATIVA,AREA URBANA,Por emisiones atmosféricas sin cumplir con los requisitos de ley,Sin definir,Sin definir,4.789465777581055,-74.33564396734384,Alta,0.3111111111111111,0.35555555555555557,0.2666666666666667,0.2666666666666667,0.2666666666666667,0.4222222222222222,0.3111111111111111,0.13333333333333333
178160,Sancionatorio,Ubate,Cundinamarca,CUCUNUBA,PEÑAS,Por emisiones atmosféricas sin permiso o no cumplimiento con los términos del permiso,Sin definir,Sin definir,5.199843079390366,-73.84458440872808,Alta,0.3111111111111111,0.35555555555555557,0.2666666666666667,0.2666666666666667,0.2666666666666667,0.4222222222222222,0.3111111111111111,0.13333333333333333
178282,Sancionatorio,Gualiva,Cundinamarca,VILLETA,CENTRO,Emitir por encima de los parámetros establecidos en la norma,Sin definir,Sin definir,5.009432163998458,-74.46942670337023,Alta,0.3111111111111111,0.35555555555555557,0.2666666666666667,0.2666666666666667,0.2666666666666667,0.4222222222222222,0.3111111111111111,0.13333333333333333
178352,Sancionatorio,Ubate,Cundinamarca,CARMEN DE CARUPA,ALISAL,Por emisiones atmosféricas sin permiso o no cumplimiento con los términos del permiso,Sin definir,Sin definir,5.322992557469982,-73.88163599170963,Alta,0.3111111111111111,0.35555555555555557,0.2666666666666667,0.2666666666666667,0.2666666666666667,0.4222222222222222,0.3111111111111111,0.13333333333333333
178520,Sancionatorio,Gualiva,Cundinamarca,VILLETA,CENTRO,Emitir por encima de los parámetros establecidos en la norma,Sin definir,Sin definir,5.009584047749668,-74.47249262761589,Alta,0.3111111111111111,0.35555555555555557,0.2666666666666667,0.2666666666666667,0.2666666666666667,0.4222222222222222,0.3111111111111111,0.13333333333333333
179220,Sancionatorio,Alto Magdalena,Cundinamarca,RICAURTE,MANUEL DEL SUR,Por emisiones atmosféricas sin permiso o no cumplimiento con los términos del permiso,Sin definir,Sin definir,4.371199251885157,-74.76472109834666,Alta,0.3111111111111111,0.35555555555555557,0.2666666666666667,0.2666666666666667,0.2666666666666667,0.4222222222222222,0.3111111111111111,0.13333333333333333
180258,Sancionatorio,Sabana Centro,Cundinamarca,NEMOCON,PATIO BONITO,Por emisiones atmosféricas sin cumplir con los requisitos de ley,Sin definir,Sin definir,5.119062373166955,-73.89901543245215,Alta,0.3111111111111111,0.35555555555555557,0.2666666666666667,0.2666666666666667,0.2666666666666667,0.4222222222222222,0.3111111111111111,0.13333333333333333
180984,Sancionatorio,Bajo Magdalena,Cundinamarca,GUADUAS,EL HATO,Por emisiones atmosféricas sin cumplir con los requisitos de ley,Sin definir,Sin definir,5.050345271892867,-74.61589752996909,Alta,0.3111111111111111,0.35555555555555557,0.2666666666666667,0.2666666666666667,0.2666666666666667,0.4222222222222222,0.3111111111111111,0.13333333333333333
181048,Sancionatorio,Sabana Occidente,Cundinamarca,BOJACA,SAN ANTONIO,Por emisiones atmosféricas sin cumplir con los requisitos de ley,Sin definir,Sin definir,4.669761040815742,-74.34295407480086,Alta,0.3111111111111111,0.35555555555555557,0.2666666666666667,0.2666666666666667,0.2666666666666667,0.4222222222222222,0.3111111111111111,0.13333333333333333
181102,Sancionatorio,Sabana Occidente,Cundinamarca,EL ROSAL,TIBAGOTA,Por emisiones atmosféricas sin cumplir con los requisitos de ley,Sin definir,Sin definir,4.89483375125798,-74.21516124336435,Alta,0.3111111111111111,0.35555555555555557,0.2666666666666667,0.2666666666666667,0.2666666666666667,0.4222222222222222,0.3111111111111111,0.13333333333333333
182418,Sancionatorio,Sabana Occidente,Cundinamarca,MADRID,CENTRO,Por emisiones atmosféricas sin permiso o no cumplimiento con los términos del permiso,Sin definir,Sin definir,4.730783286681798,-74.25825845988392,Alta,0.3111111111111111,0.35555555555555557,0.2666666666666667,0.2666666666666667,0.2666666666666667,0.4222222222222222,0.3111111111111111,0.13333333333333333
183020,Sancionatorio,Bogotá y Municipio de la Calera,Distrito Capital,SUBA,CASABLANCA,Por emisiones atmosféricas sin permiso o no cumplimiento con los términos del permiso,Sin definir,Sin definir,4.786439582937853,-74.05864983422728,Alta,0.3111111111111111,0.35555555555555557,0.2666666666666667,0.2666666666666667,0.2666666666666667,0.4222222222222222,0.3111111111111111,0.13333333333333333
183176,Sancionatorio,Ubate,Cundinamarca,UBATE,VOLCÁN,Por emisiones atmosféricas sin permiso o no cumplimiento con los términos del permiso,Sin definir,Sin definir,5.320763688650551,-73.82061393457278,Alta,0.3111111111111111,0.35555555555555557,0.2666666666666667,0.2666666666666667,0.2666666666666667,0.4222222222222222,0.3111111111111111,0.13333333333333333
183202,Sancionatorio,Ubate,Cundinamarca,LENGUAZAQUE,RESGUARDO,Por emisiones atmosféricas sin permiso o no cumplimiento con los términos del permiso,Sin definir,Sin definir,5.308087682164367,-73.71622294275865,Alta,0.3111111111111111,0.35555555555555557,0.2666666666666667,0.2666666666666667,0.2666666666666667,0.4222222222222222,0.3111111111111111,0.13333333333333333
183962,Sancionatorio,Alto Magdalena,Cundinamarca,GIRARDOT,AREA URBANA,Emitir por encima de los parámetros establecidos en la norma,Sin definir,Sin definir,4.316512296256442,-74.79165016059083,Alta,0.3111111111111111,0.35555555555555557,0.2666666666666667,0.2666666666666667,0.2666666666666667,0.4222222222222222,0.3111111111111111,0.13333333333333333
184188,Sancionatorio,Alto Magdalena,Cundinamarca,GIRARDOT,CENTRO,Emitir por encima de los parámetros establecidos en la norma,Sin definir,Sin definir,4.309269150937624,-74.80132672188316,Alta,0.3111111111111111,0.35555555555555557,0.2666666666666667,0.2666666666666667,0.2666666666666667,0.4222222222222222,0.3111111111111111,0.13333333333333333
184204,Sancionatorio,Alto Magdalena,Cundinamarca,GIRARDOT,CENTRO,Emitir por encima de los parámetros establecidos en la norma,Sin definir,Sin definir,4.31266289238801,-74.78878208540156,Alta,0.3111111111111111,0.35555555555555557,0.2666666666666667,0.2666666666666667,0.2666666666666667,0.4222222222222222,0.3111111111111111,0.13333333333333333
185260,Sancionatorio,Bajo Magdalena,Cundinamarca,PUERTO SALGAR,AREA URBANA,Por emisiones atmosféricas sin permiso o no cumplimiento con los términos del permiso,Sin definir,Sin definir,5.468125844829177,-74.64815479245206,Alta,0.3111111111111111,0.35555555555555557,0.2666666666666667,0.2666666666666667,0.2666666666666667,0.4222222222222222,0.3111111111111111,0.13333333333333333
185598,Sancionatorio,Ubate,Cundinamarca,SUTATAUSA,PEÑAS DE BOQUERÓN,Por emisiones atmosféricas sin permiso o no cumplimiento con los términos del permiso,Sin definir,Sin definir,5.198302590100542,-73.86098321807637,Alta,0.3111111111111111,0.35555555555555557,0.2666666666666667,0.2666666666666667,0.2666666666666667,0.4222222222222222,0.3111111111111111,0.13333333333333333
186016,Sancionatorio,Sabana Centro,Cundinamarca,NEMOCON,PATIO BONITO,Por emisiones atmosféricas sin cumplir con los requisitos de ley,Sin definir,Sin definir,5.134824758725474,-73.90104936442434,Alta,0.3111111111111111,0.35555555555555557,0.2666666666666667,0.2666666666666667,0.2666666666666667,0.4222222222222222,0.3111111111111111,0.13333333333333333
186116,Sancionatorio,Ubate,Cundinamarca,CUCUNUBA,LA RAMADA,Por emisiones atmosféricas sin cumplir con los requisitos de ley,Sin definir,Sin definir,5.272860199072597,-73.7725700106038,Alta,0.3111111111111111,0.35555555555555557,0.2666666666666667,0.2666666666666667,0.2666666666666667,0.4222222222222222,0.3111111111111111,0.13333333333333333
186116,Sancionatorio,Ubate,Cundinamarca,CUCUNUBA,LA RAMADA,Por emisiones atmosféricas sin cumplir con los requisitos de ley,Sin definir,Sin definir,5.271919867320899,-73.7728140345664,Alta,0.3111111111111111,0.35555555555555557,0.2666666666666667,0.2666666666666667,0.2666666666666667,0.4222222222222222,0.3111111111111111,0.13333333333333333
186332,Sancionatorio,Gualiva,Cundinamarca,VILLETA,ALFONSO LOPEZ,Emitir por encima de los parámetros establecidos en la norma,Sin definir,Sin definir,5.009161592160701,-74.46823627780427,Alta,0.3111111111111111,0.35555555555555557,0.2666666666666667,0.2666666666666667,0.2666666666666667,0.4222222222222222,0.3111111111111111,0.13333333333333333
186572,Sancionatorio,Sabana Occidente,Cundinamarca,FACATATIVA,LA TRIBUNA,Por emisiones atmosféricas sin cumplir con los requisitos de ley,Sin definir,Sin definir,4.835319440797014,-74.40576114751379,Alta,0.3111111111111111,0.35555555555555557,0.2666666666666667,0.2666666666666667,0.2666666666666667,0.4222222222222222,0.3111111111111111,0.13333333333333333
187368,Sancionatorio,Sabana Occidente,Cundinamarca,FACATATIVA,MANCILLA,Por emisiones atmosféricas sin cumplir con los requisitos de ley,Sin definir,Sin definir,4.831047298681187,-74.35360823259428,Alta,0.3111111111111111,0.35555555555555557,0.2666666666666667,0.2666666666666667,0.2666666666666667,0.4222222222222222,0.3111111111111111,0.13333333333333333
188006,Sancionatorio,Bogotá y Municipio de la Calera,Distrito Capital,USAQUEN,TORCA,Por emisiones atmosféricas sin cumplir con los requisitos de ley,Sin definir,Sin definir,4.771074008460913,-74.02965164503016,Alta,0.3111111111111111,0.35555555555555557,0.2666666666666667,0.2666666666666667,0.2666666666666667,0.4222222222222222,0.3111111111111111,0.13333333333333333
188548,Sancionatorio,Ubate,Cundinamarca,FUQUENE,GUATANCUY,Por emisiones atmosféricas sin permiso o no cumplimiento con los términos del permiso,Sin definir,Sin definir,5.369679388122446,-73.78716562545205,Alta,0.3111111111111111,0.35555555555555557,0.2666666666666667,0.2666666666666667,0.2666666666666667,0.4222222222222222,0.3111111111111111,0.13333333333333333
188778,Sancionatorio,Ubate,Cundinamarca,SIMIJACA,CENTRO,Por emisiones atmosféricas sin permiso o no cumplimiento con los términos del permiso,Sin definir,Sin definir,5.513560734919547,-73.854573091323,Alta,0.3111111111111111,0.35555555555555557,0.2666666666666667,0.2666666666666667,0.2666666666666667,0.4222222222222222,0.3111111111111111,0.13333333333333333
190214,Sancionatorio,Ubate,Cundinamarca,TAUSA,RASGATÁ,Por emisiones atmosféricas sin cumplir con los requisitos de ley,Sin definir,Sin definir,5.189157481143908,-73.8801985472276,Alta,0.3111111111111111,0.35555555555555557,0.2666666666666667,0.2666666666666667,0.2666666666666667,0.4222222222222222,0.3111111111111111,0.13333333333333333
190248,Sancionatorio,Ubate,Cundinamarca,CARMEN DE CARUPA,ALISAL,Por emisiones atmosféricas sin permiso o no cumplimiento con los términos del permiso,Sin definir,Sin definir,5.3229925517339,-73.88161794821552,Alta,0.3111111111111111,0.35555555555555557,0.2666666666666667,0.2666666666666667,0.2666666666666667,0.4222222222222222,0.3111111111111111,0.13333333333333333
190852,Sancionatorio,Sabana Centro,Cundinamarca,COGUA,EL OLIVO,Por emisiones atmosféricas sin cumplir con los requisitos de ley,Sin definir,Sin definir,5.06921341590918,-73.95907209715048,Alta,0.3111111111111111,0.35555555555555557,0.2666666666666667,0.2666666666666667,0.2666666666666667,0.4222222222222222,0.3111111111111111,0.13333333333333333
191526,Sancionatorio,Almeidas y Municipio de Guatavita,Cundinamarca,SESQUILE,AREA URBANA,Emitir por encima de los parámetros establecidos en la norma,Sin definir,Sin definir,5.045507345183228,-73.7972338411392,Alta,0.3111111111111111,0.35555555555555557,0.2666666666666667,0.2666666666666667,0.2666666666666667,0.4222222222222222,0.3111111111111111,0.13333333333333333
191540,Sancionatorio,Almeidas y Municipio de Guatavita,Cundinamarca,SESQUILE,AREA URBANA,Emitir por encima de los parámetros establecidos en la norma,Sin definir,Sin definir,5.043834590465194,-73.79764937438759,Alta,0.3111111111111111,0.35555555555555557,0.2666666666666667,0.2666666666666667,0.2666666666666667,0.4222222222222222,0.3111111111111111,0.13333333333333333
191632,Sancionatorio,Almeidas y Municipio de Guatavita,Cundinamarca,VILLAPINZON,SAN PEDRO,Emitir por encima de los parámetros establecidos en la norma,Sin definir,Sin definir,5.197632784729669,-73.60972710149596,Alta,0.3111111111111111,0.35555555555555557,0.2666666666666667,0.2666666666666667,0.2666666666666667,0.4222222222222222,0.3111111111111111,0.13333333333333333
191970,Sancionatorio,Gualiva,Cundinamarca,SAN FRANCISCO,CENTRO,Emitir por encima de los parámetros establecidos en la norma,Sin definir,Sin definir,4.974907709563404,-74.28992745642303,Alta,0.3111111111111111,0.35555555555555557,0.2666666666666667,0.2666666666666667,0.2666666666666667,0.4222222222222222,0.3111111111111111,0.13333333333333333
192030,Sancionatorio,Sabana Centro,Cundinamarca,COTA,ROZO,Por emisiones atmosféricas sin permiso o no cumplimiento con los términos del permiso,Sin definir,Sin definir,4.848492687140919,-74.04917315273944,Alta,0.3111111111111111,0.35555555555555557,0.2666666666666667,0.2666666666666667,0.2666666666666667,0.4222222222222222,0.3111111111111111,0.13333333333333333
193876,Sancionatorio,Ubate,Cundinamarca,CARMEN DE CARUPA,ALISAL,Por emisiones atmosféricas sin permiso o no cumplimiento con los términos del permiso,Sin definir,Sin definir,5.330607279005114,-73.8836364334388,Alta,0.3111111111111111,0.35555555555555557,0.2666666666666667,0.2666666666666667,0.2666666666666667,0.4222222222222222,0.3111111111111111,0.13333333333333333
194408,Sancionatorio,Sabana Centro,Cundinamarca,CAJICA,CANELÓN,Emitir por encima de los parámetros establecidos en la norma,Sin definir,Sin definir,4.904179033385005,-74.0361608199865,Alta,0.3111111111111111,0.35555555555555557,0.2666666666666667,0.2666666666666667,0.2666666666666667,0.4222222222222222,0.3111111111111111,0.13333333333333333
194436,Sancionatorio,Sumapaz,Cundinamarca,FUSAGASUGA,AREA URBANA,Por emisiones atmosféricas sin cumplir con los requisitos de ley,Sin definir,Sin definir,4.333296102246229,-74.36911036191317,Alta,0.3111111111111111,0.35555555555555557,0.2666666666666667,0.2666666666666667,0.2666666666666667,0.4222222222222222,0.3111111111111111,0.13333333333333333
194658,Sancionatorio,Soacha,Cundinamarca,SIBATE,CHACUA,Por emisiones atmosféricas sin cumplir con los requisitos de ley,Sin definir,Sin definir,4.53758040598044,-74.24993713940717,Alta,0.3111111111111111,0.35555555555555557,0.2666666666666667,0.2666666666666667,0.2666666666666667,0.4222222222222222,0.3111111111111111,0.13333333333333333
195016,Sancionatorio,Alto Magdalena,Cundinamarca,NILO,LA ESMERALDA,Por emisiones atmosféricas sin cumplir con los requisitos de ley,Sin definir,Sin definir,4.250427877887141,-74.72207183636668,Alta,0.3111111111111111,0.35555555555555557,0.2666666666666667,0.2666666666666667,0.2666666666666667,0.4222222222222222,0.3111111111111111,0.13333333333333333
196466,Sancionatorio,Gualiva,Cundinamarca,VILLETA,CENTRO,Emitir por encima de los parámetros establecidos en la norma,Sin definir,Sin definir,5.011311007359859,-74.47284533448536,Alta,0.3111111111111111,0.35555555555555557,0.2666666666666667,0.2666666666666667,0.2666666666666667,0.4222222222222222,0.3111111111111111,0.13333333333333333
197216,Sancionatorio,Ubate,Cundinamarca,GUACHETA,SANTUARIO,Por emisiones atmosféricas sin permiso o no cumplimiento con los términos del permiso,Sin definir,Sin definir,5.384298118265803,-73.67053345020797,Alta,0.3111111111111111,0.35555555555555557,0.2666666666666667,0.2666666666666667,0.2666666666666667,0.4222222222222222,0.3111111111111111,0.13333333333333333
198770,Sancionatorio,Gualiva,Cundinamarca,VILLETA,RÍO DULCE,Emitir por encima de los parámetros establecidos en la norma,Sin definir,Sin definir,4.982355240943402,-74.4587888377847,Alta,0.3111111111111111,0.35555555555555557,0.2666666666666667,0.2666666666666667,0.2666666666666667,0.4222222222222222,0.3111111111111111,0.13333333333333333
199040,Sancionatorio,Gualiva,Cundinamarca,VILLETA,CENTRO,Emitir por encima de los parámetros establecidos en la norma,Sin definir,Sin definir,5.011050195673839,-74.47047366004449,Alta,0.3111111111111111,0.35555555555555557,0.2666666666666667,0.2666666666666667,0.2666666666666667,0.4222222222222222,0.3111111111111111,0.13333333333333333
199754,Sancionatorio,Sabana Centro,Cundinamarca,NEMOCON,PATIO BONITO,Por emisiones atmosféricas sin permiso o no cumplimiento con los términos del permiso,Sin definir,Sin definir,5.129217253322953,-73.89784916543367,Alta,0.3111111111111111,0.35555555555555557,0.2666666666666667,0.2666666666666667,0.2666666666666667,0.4222222222222222,0.3111111111111111,0.13333333333333333
199770,Sancionatorio,Sabana Centro,Cundinamarca,NEMOCON,PATIO BONITO,Por emisiones atmosféricas sin permiso o no cumplimiento con los términos del permiso,Sin definir,Sin definir,5.128774190575636,-73.89799359295527,Alta,0.3111111111111111,0.35555555555555557,0.2666666666666667,0.2666666666666667,0.2666666666666667,0.4222222222222222,0.3111111111111111,0.13333333333333333
200132,Sancionatorio,Sabana Centro,Cundinamarca,CAJICA,CHUNTAME ALTO,Emitir por encima de los parámetros establecidos en la norma,Sin definir,Sin definir,4.955153215119313,-74.01858426860646,Alta,0.3111111111111111,0.35555555555555557,0.2666666666666667,0.2666666666666667,0.2666666666666667,0.4222222222222222,0.3111111111111111,0.13333333333333333
200936,Sancionatorio,Sabana Centro,Cundinamarca,TOCANCIPA,CANAVITA,Por emisiones atmosféricas sin permiso o no cumplimiento con los términos del permiso,Sin definir,Sin definir,4.94655028160238,-73.93798656770748,Alta,0.3111111111111111,0.35555555555555557,0.2666666666666667,0.2666666666666667,0.2666666666666667,0.4222222222222222,0.3111111111111111,0.13333333333333333
202864,Sancionatorio,Sabana Centro,Cundinamarca,COGUA,RINCÓN SANTO,Por emisiones atmosféricas sin permiso o no cumplimiento con los términos del permiso,Sin definir,Sin definir,5.059681417732822,-73.9552501830669,Alta,0.3111111111111111,0.35555555555555557,0.2666666666666667,0.2666666666666667,0.2666666666666667,0.4222222222222222,0.3111111111111111,0.13333333333333333
203442,Sancionatorio,Gualiva,Cundinamarca,LA VEGA,CENTRO,Emitir por encima de los parámetros establecidos en la norma,Sin definir,Sin definir,4.994586143870356,-74.33745382879084,Alta,0.3111111111111111,0.35555555555555557,0.2666666666666667,0.2666666666666667,0.2666666666666667,0.4222222222222222,0.3111111111111111,0.13333333333333333
204034,Sancionatorio,Soacha,Cundinamarca,SOACHA,AREA URBANA,Por emisiones atmosféricas sin cumplir con los requisitos de ley,Sin definir,Sin definir,4.596634366816839,-74.19177030294624,Alta,0.3111111111111111,0.35555555555555557,0.2666666666666667,0.2666666666666667,0.2666666666666667,0.4222222222222222,0.3111111111111111,0.13333333333333333
204892,Sancionatorio,Sabana Centro,Cundinamarca,NEMOCON,PATIO BONITO,Por emisiones atmosféricas sin permiso o no cumplimiento con los términos del permiso,Sin definir,Sin definir,5.124622488784956,-73.89446835486822,Alta,0.3111111111111111,0.35555555555555557,0.2666666666666667,0.2666666666666667,0.2666666666666667,0.4222222222222222,0.3111111111111111,0.13333333333333333
205018,Sancionatorio,Gualiva,Cundinamarca,LA VEGA,HOYA GRANDE,Por emisiones atmosféricas sin permiso o no cumplimiento con los términos del permiso,Sin definir,Sin definir,5.052429794335312,-74.29900647060008,Alta,0.3111111111111111,0.35555555555555557,0.2666666666666667,0.2666666666666667,0.2666666666666667,0.4222222222222222,0.3111111111111111,0.13333333333333333
206226,Sancionatorio,Alto Magdalena,Cundinamarca,RICAURTE,MANUEL DEL SUR,Por emisiones atmosféricas sin cumplir con los requisitos de ley,Sin definir,Sin definir,4.342390600432843,-74.76381214407832,Alta,0.3111111111111111,0.35555555555555557,0.2666666666666667,0.2666666666666667,0.2666666666666667,0.4222222222222222,0.3111111111111111,0.13333333333333333
206936,Sancionatorio,Soacha,Cundinamarca,SIBATE,LA UNIÓN,Por emisiones atmosféricas sin permiso o no cumplimiento con los términos del permiso,Sin definir,Sin definir,4.512508340837361,-74.26840345801124,Alta,0.3111111111111111,0.35555555555555557,0.2666666666666667,0.2666666666666667,0.2666666666666667,0.4222222222222222,0.3111111111111111,0.13333333333333333
207912,Sancionatorio,Ubate,Cundinamarca,CUCUNUBA,PUEBLO VIEJO,Por emisiones atmosféricas sin cumplir con los requisitos de ley,Sin definir,Sin definir,5.224800364693482,-73.8188402978964,Alta,0.3111111111111111,0.35555555555555557,0.2666666666666667,0.2666666666666667,0.2666666666666667,0.4222222222222222,0.3111111111111111,0.13333333333333333
207912,Sancionatorio,Ubate,Cundinamarca,CUCUNUBA,PUEBLO VIEJO,Por emisiones atmosféricas sin cumplir con los requisitos de ley,Sin definir,Sin definir,5.225596127953522,-73.8188219309283,Alta,0.3111111111111111,0.35555555555555557,0.2666666666666667,0.2666666666666667,0.2666666666666667,0.4222222222222222,0.3111111111111111,0.13333333333333333
208076,Sancionatorio,Soacha,Cundinamarca,SOACHA,BOSATAMA,Por emisiones atmosféricas sin cumplir con los requisitos de ley,Sin definir,Sin definir,4.619958837956742,-74.22770573099046,Alta,0.3111111111111111,0.35555555555555557,0.2666666666666667,0.2666666666666667,0.2666666666666667,0.4222222222222222,0.3111111111111111,0.13333333333333333
208990,Sancionatorio,Chiquinquira,Boyacá,RAQUIRA,RESGUARDO OCCIDENTE,Por emisiones atmosféricas sin cumplir con los requisitos de ley,Sin definir,Sin definir,5.53554837428393,-73.6490428336362,Alta,0.3111111111111111,0.35555555555555557,0.2666666666666667,0.2666666666666667,0.2666666666666667,0.4222222222222222,0.3111111111111111,0.13333333333333333
209064,Sancionatorio,Ubate,Cundinamarca,SUTATAUSA,PEÑAS DE BOQUERÓN,Emitir por encima de los parámetros establecidos en la norma,Sin definir,Sin definir,5.201132991072281,-73.86091911128077,Alta,0.3111111111111111,0.35555555555555557,0.2666666666666667,0.2666666666666667,0.2666666666666667,0.4222222222222222,0.3111111111111111,0.13333333333333333
209066,Sancionatorio,Ubate,Cundinamarca,SUTATAUSA,PEÑAS DE BOQUERÓN,Por emisiones atmosféricas sin permiso o no cumplimiento con los términos del permiso,Sin definir,Sin definir,5.198185597046631,-73.8626339069754,Alta,0.3111111111111111,0.35555555555555557,0.2666666666666667,0.2666666666666667,0.2666666666666667,0.4222222222222222,0.3111111111111111,0.13333333333333333
209070,Sancionatorio,Ubate,Cundinamarca,SUTATAUSA,PEÑAS DE BOQUERÓN,Por emisiones atmosféricas sin permiso o no cumplimiento con los términos del permiso,Sin definir,Sin definir,5.198294170027362,-73.86280524906932,Alta,0.3111111111111111,0.35555555555555557,0.2666666666666667,0.2666666666666667,0.2666666666666667,0.4222222222222222,0.3111111111111111,0.13333333333333333
210070,Sancionatorio,Sabana Centro,Cundinamarca,ZIPAQUIRA,BARANDILLAS,Por emisiones atmosféricas sin cumplir con los requisitos de ley,Sin definir,Sin definir,5.021947312925231,-73.96775552090288,Alta,0.3111111111111111,0.35555555555555557,0.2666666666666667,0.2666666666666667,0.2666666666666667,0.4222222222222222,0.3111111111111111,0.13333333333333333
210752,Sancionatorio,Soacha,Cundinamarca,SOACHA,AREA URBANA,Por emisiones atmosféricas sin cumplir con los requisitos de ley,Sin definir,Sin definir,4.596127603471669,-74.19393308336146,Alta,0.3111111111111111,0.35555555555555557,0.2666666666666667,0.2666666666666667,0.2666666666666667,0.4222222222222222,0.3111111111111111,0.13333333333333333
211736,Sancionatorio,Ubate,Cundinamarca,SUTATAUSA,PEÑAS DE BOQUERÓN,Por emisiones atmosféricas sin permiso o no cumplimiento con los términos del permiso,Sin definir,Sin definir,5.198293488364197,-73.86081184231386,Alta,0.3111111111111111,0.35555555555555557,0.2666666666666667,0.2666666666666667,0.2666666666666667,0.4222222222222222,0.3111111111111111,0.13333333333333333
211736,Sancionatorio,Ubate,Cundinamarca,SUTATAUSA,PEÑAS DE BOQUERÓN,Por emisiones atmosféricas sin permiso o no cumplimiento con los términos del permiso,Sin definir,Sin definir,5.198637454976694,-73.86179489882547,Alta,0.3111111111111111,0.35555555555555557,0.2666666666666667,0.2666666666666667,0.2666666666666667,0.4222222222222222,0.3111111111111111,0.13333333333333333
212504,Sancionatorio,Sumapaz,Cundinamarca,FUSAGASUGA,AREA URBANA,Por emisiones atmosféricas sin cumplir con los requisitos de ley,Sin definir,Sin definir,4.329229868279485,-74.38402698583262,Alta,0.3111111111111111,0.35555555555555557,0.2666666666666667,0.2666666666666667,0.2666666666666667,0.4222222222222222,0.3111111111111111,0.13333333333333333
212870,Sancionatorio,Alto Magdalena,Cundinamarca,GIRARDOT,AREA URBANA,Por emisiones atmosféricas sin cumplir con los requisitos de ley,Sin definir,Sin definir,4.296656859810623,-74.80875507287195,Alta,0.3111111111111111,0.35555555555555557,0.2666666666666667,0.2666666666666667,0.2666666666666667,0.4222222222222222,0.3111111111111111,0.13333333333333333
213042,Sancionatorio,Sumapaz,Cundinamarca,FUSAGASUGA,LA VENTA,Emitir por encima de los parámetros establecidos en la norma,Sin definir,Sin definir,4.329701041838457,-74.38171197451662,Alta,0.3111111111111111,0.35555555555555557,0.2666666666666667,0.2666666666666667,0.2666666666666667,0.4222222222222222,0.3111111111111111,0.13333333333333333
213312,Sancionatorio,Sumapaz,Cundinamarca,FUSAGASUGA,AREA URBANA,Emitir por encima de los parámetros establecidos en la norma,Sin definir,Sin definir,4.328497045084245,-74.38485547747382,Alta,0.3111111111111111,0.35555555555555557,0.2666666666666667,0.2666666666666667,0.2666666666666667,0.4222222222222222,0.3111111111111111,0.13333333333333333
213810,Sancionatorio,Sabana Centro,Cundinamarca,NEMOCON,AREA URBANA,Por emisiones atmosféricas sin cumplir con los requisitos de ley,Sin definir,Sin definir,5.070295596763497,-73.87438226495645,Alta,0.3111111111111111,0.35555555555555557,0.2666666666666667,0.2666666666666667,0.2666666666666667,0.4222222222222222,0.3111111111111111,0.13333333333333333
214966,Sancionatorio,Sumapaz,Cundinamarca,FUSAGASUGA,AREA URBANA,Por emisiones atmosféricas sin cumplir con los requisitos de ley,Sin definir,Sin definir,4.329718528381597,-74.38319839460753,Alta,0.3111111111111111,0.35555555555555557,0.2666666666666667,0.2666666666666667,0.2666666666666667,0.4222222222222222,0.3111111111111111,0.13333333333333333
215422,Sancionatorio,Almeidas y Municipio de Guatavita,Cundinamarca,VILLAPINZON,SAN PEDRO,Por emisiones atmosféricas sin cumplir con los requisitos de ley,Sin definir,Sin definir,5.196140025211011,-73.60875407767658,Alta,0.3111111111111111,0.35555555555555557,0.2666666666666667,0.2666666666666667,0.2666666666666667,0.4222222222222222,0.3111111111111111,0.13333333333333333
215570,Sancionatorio,Soacha,Cundinamarca,SOACHA,PANAMÁ,Por emisiones atmosféricas sin cumplir con los requisitos de ley,Sin definir,Sin definir,4.547743174964427,-74.21569660577741,Alta,0.3111111111111111,0.35555555555555557,0.2666666666666667,0.2666666666666667,0.2666666666666667,0.4222222222222222,0.3111111111111111,0.13333333333333333
216024,Sancionatorio,Sabana Centro,Cundinamarca,CHIA,FUSCA,Emitir por encima de los parámetros establecidos en la norma,Sin definir,Sin definir,4.840172093101948,-74.031188404317,Alta,0.3111111111111111,0.35555555555555557,0.2666666666666667,0.2666666666666667,0.2666666666666667,0.4222222222222222,0.3111111111111111,0.13333333333333333
216694,Sancionatorio,Almeidas y Municipio de Guatavita,Cundinamarca,CHOCONTA,AREA URBANA,Por emisiones atmosféricas sin cumplir con los requisitos de ley,Sin definir,Sin definir,5.145207530178488,-73.68253988587348,Alta,0.3111111111111111,0.35555555555555557,0.2666666666666667,0.2666666666666667,0.2666666666666667,0.4222222222222222,0.3111111111111111,0.13333333333333333
217322,Sancionatorio,Soacha,Cundinamarca,SOACHA,PANAMÁ,Por emisiones atmosféricas sin cumplir con los requisitos de ley,Sin definir,Sin definir,4.546314381106262,-74.21561523192449,Alta,0.3111111111111111,0.35555555555555557,0.2666666666666667,0.2666666666666667,0.2666666666666667,0.4222222222222222,0.3111111111111111,0.13333333333333333
218084,Sancionatorio,Almeidas y Municipio de Guatavita,Cundinamarca,VILLAPINZON,20 DE JULIO,Por emisiones atmosféricas sin cumplir con los requisitos de ley,Sin definir,Sin definir,5.214929571183395,-73.59537262315251,Alta,0.3111111111111111,0.35555555555555557,0.2666666666666667,0.2666666666666667,0.2666666666666667,0.4222222222222222,0.3111111111111111,0.13333333333333333
218846,Sancionatorio,Ubate,Cundinamarca,TAUSA,RASGATÁ,Por emisiones atmosféricas sin cumplir con los requisitos de ley,Sin definir,Sin definir,5.193360243051502,-73.87332409290259,Alta,0.3111111111111111,0.35555555555555557,0.2666666666666667,0.2666666666666667,0.2666666666666667,0.4222222222222222,0.3111111111111111,0.13333333333333333
219606,Sancionatorio,Gualiva,Cundinamarca,SAN FRANCISCO,ARRAYÁN,Por emisiones atmosféricas sin permiso o no cumplimiento con los términos del permiso,Sin definir,Sin definir,4.968488488375229,-74.31281890229234,Alta,0.3111111111111111,0.35555555555555557,0.2666666666666667,0.2666666666666667,0.2666666666666667,0.4222222222222222,0.3111111111111111,0.13333333333333333
220028,Sancionatorio,Ubate,Cundinamarca,SIMIJACA,CENTRO,Por emisiones atmosféricas sin cumplir con los requisitos de ley,Sin definir,Sin definir,5.517322079747855,-73.8533623888463,Alta,0.3111111111111111,0.35555555555555557,0.2666666666666667,0.2666666666666667,0.2666666666666667,0.4222222222222222,0.3111111111111111,0.13333333333333333
220312,Sancionatorio,Soacha,Cundinamarca,SOACHA,PANAMÁ,Por emisiones atmosféricas sin permiso o no cumplimiento con los términos del permiso,Sin definir,Sin definir,4.56380948363504,-74.21127652699467,Media,0.3111111111111111,0.35555555555555557,0.2666666666666667,0.2666666666666667,0.2666666666666667,0.4222222222222222,0.3111111111111111,0.13333333333333333
221230,Sancionatorio,Sabana Centro,Cundinamarca,CAJICA,CHUNTAME ALTO,Por emisiones atmosféricas sin cumplir con los requisitos de ley,Sin definir,Sin definir,4.940151403229866,-74.02513151614413,Alta,0.3111111111111111,0.35555555555555557,0.2666666666666667,0.2666666666666667,0.2666666666666667,0.4222222222222222,0.3111111111111111,0.13333333333333333
221816,Sancionatorio,Sumapaz,Cundinamarca,ARBELAEZ,AREA URBANA,Por emisiones atmosféricas sin cumplir con los requisitos de ley,Sin definir,Sin definir,4.262116340081896,-74.39632281908719,Alta,0.3111111111111111,0.35555555555555557,0.2666666666666667,0.2666666666666667,0.2666666666666667,0.4222222222222222,0.3111111111111111,0.13333333333333333
222632,Sancionatorio,Soacha,Cundinamarca,SOACHA,PANAMÁ,Por emisiones atmosféricas sin cumplir con los requisitos de ley,Sin definir,Sin definir,4.565350224949535,-74.21495201074333,Alta,0.3111111111111111,0.35555555555555557,0.2666666666666667,0.2666666666666667,0.2666666666666667,0.4222222222222222,0.3111111111111111,0.13333333333333333
222890,Sancionatorio,Ubate,Cundinamarca,CUCUNUBA,PUEBLO VIEJO,Por emisiones atmosféricas sin permiso o no cumplimiento con los términos del permiso,Sin definir,Sin definir,5.228426185432441,-73.81796383717186,Alta,0.3111111111111111,0.35555555555555557,0.2666666666666667,0.2666666666666667,0.2666666666666667,0.4222222222222222,0.3111111111111111,0.13333333333333333
222890,Sancionatorio,Ubate,Cundinamarca,CUCUNUBA,PUEBLO VIEJO,Por emisiones atmosféricas sin permiso o no cumplimiento con los términos del permiso,Sin definir,Sin definir,5.228996814068948,-73.82021869011862,Alta,0.3111111111111111,0.35555555555555557,0.2666666666666667,0.2666666666666667,0.2666666666666667,0.4222222222222222,0.3111111111111111,0.13333333333333333
223214,Sancionatorio,Soacha,Cundinamarca,SOACHA,BOSATAMA,Por emisiones atmosféricas sin cumplir con los requisitos de ley,Sin definir,Sin definir,4.620338641347446,-74.22773284755563,Alta,0.3111111111111111,0.35555555555555557,0.2666666666666667,0.2666666666666667,0.2666666666666667,0.4222222222222222,0.3111111111111111,0.13333333333333333
223524,Sancionatorio,Sumapaz,Cundinamarca,FUSAGASUGA,AREA URBANA,Emitir por encima de los parámetros establecidos en la norma,Sin definir,Sin definir,4.329719102559903,-74.38177504168269,Alta,0.3111111111111111,0.35555555555555557,0.2666666666666667,0.2666666666666667,0.2666666666666667,0.4222222222222222,0.3111111111111111,0.13333333333333333
223578,Sancionatorio,Ubate,Cundinamarca,CUCUNUBA,ATRAVIESAS,Por emisiones atmosféricas sin cumplir con los requisitos de ley,Sin definir,Sin definir,5.21665433873559,-73.76282847980059,Alta,0.3111111111111111,0.35555555555555557,0.2666666666666667,0.2666666666666667,0.2666666666666667,0.4222222222222222,0.3111111111111111,0.13333333333333333
223704,Sancionatorio,Sabana Centro,Cundinamarca,ZIPAQUIRA,SUSAGUA,Por emisiones atmosféricas sin cumplir con los requisitos de ley,Sin definir,Sin definir,5.019931705390128,-73.97373445730739,Alta,0.3111111111111111,0.35555555555555557,0.2666666666666667,0.2666666666666667,0.2666666666666667,0.4222222222222222,0.3111111111111111,0.13333333333333333
223800,Sancionatorio,Chiquinquira,Boyacá,RAQUIRA,FIRITA PEÑA ARRIBA,Por emisiones atmosféricas sin cumplir con los requisitos de ley,Sin definir,Sin definir,5.445211713642322,-73.59968659379847,Alta,0.3111111111111111,0.35555555555555557,0.2666666666666667,0.2666666666666667,0.2666666666666667,0.4222222222222222,0.3111111111111111,0.13333333333333333
224274,Sancionatorio,Sumapaz,Cundinamarca,SAN BERNARDO,AREA URBANA,Emitir por encima de los parámetros establecidos en la norma,Sin definir,Sin definir,4.178529440289133,-74.42207515201356,Alta,0.3111111111111111,0.35555555555555557,0.2666666666666667,0.2666666666666667,0.2666666666666667,0.4222222222222222,0.3111111111111111,0.13333333333333333
225168,Sancionatorio,Soacha,Cundinamarca,SIBATE,LA UNIÓN,Por emisiones atmosféricas sin permiso o no cumplimiento con los términos del permiso,Sin definir,Sin definir,4.50725396763851,-74.26969963928937,Alta,0.3111111111111111,0.35555555555555557,0.2666666666666667,0.2666666666666667,0.2666666666666667,0.4222222222222222,0.3111111111111111,0.13333333333333333
226708,Sancionatorio,Alto Magdalena,Cundinamarca,GIRARDOT,CENTRO,Emitir por encima de los parámetros establecidos en la norma,Sin definir,Sin definir,4.301062336303238,-74.80687667782986,Alta,0.3111111111111111,0.35555555555555557,0.2666666666666667,0.2666666666666667,0.2666666666666667,0.4222222222222222,0.3111111111111111,0.13333333333333333
227964,Sancionatorio,Alto Magdalena,Cundinamarca,GIRARDOT,AREA URBANA,Emitir por encima de los parámetros establecidos en la norma,Sin definir,Sin definir,4.302759859041437,-74.80943646364432,Alta,0.3111111111111111,0.35555555555555557,0.2666666666666667,0.2666666666666667,0.2666666666666667,0.4222222222222222,0.3111111111111111,0.13333333333333333
228134,Sancionatorio,Alto Magdalena,Cundinamarca,GIRARDOT,AREA URBANA,Emitir por encima de los parámetros establecidos en la norma,Sin definir,Sin definir,4.301451446364659,-74.80657979607011,Alta,0.3111111111111111,0.35555555555555557,0.2666666666666667,0.2666666666666667,0.2666666666666667,0.4222222222222222,0.3111111111111111,0.13333333333333333
230256,Sancionatorio,Soacha,Cundinamarca,SOACHA,BOSATAMA,Por emisiones atmosféricas sin permiso o no cumplimiento con los términos del permiso,Sin definir,Sin definir,4.618783346897361,-74.22719178860326,Alta,0.3111111111111111,0.35555555555555557,0.2666666666666667,0.2666666666666667,0.2666666666666667,0.4222222222222222,0.3111111111111111,0.13333333333333333
230416,Sancionatorio,Soacha,Cundinamarca,SIBATE,AREA URBANA,Emitir por encima de los parámetros establecidos en la norma,Sin definir,Sin definir,4.4660057,-74.262724,Media,0.3111111111111111,0.35555555555555557,0.2666666666666667,0.2666666666666667,0.2666666666666667,0.4222222222222222,0.3111111111111111,0.13333333333333333
230518,Sancionatorio,Almeidas y Municipio de Guatavita,Cundinamarca,VILLAPINZON,CHINQUIRA,Por emisiones atmosféricas sin cumplir con los requisitos de ley,Sin definir,Sin definir,5.207783013180157,-73.60348689770606,Alta,0.3111111111111111,0.35555555555555557,0.2666666666666667,0.2666666666666667,0.2666666666666667,0.4222222222222222,0.3111111111111111,0.13333333333333333
230950,Sancionatorio,Almeidas y Municipio de Guatavita,Cundinamarca,VILLAPINZON,SAN PEDRO,Por emisiones atmosféricas sin cumplir con los requisitos de ley,Sin definir,Sin definir,5.200463273338831,-73.60991442720098,Alta,0.3111111111111111,0.35555555555555557,0.2666666666666667,0.2666666666666667,0.2666666666666667,0.4222222222222222,0.3111111111111111,0.13333333333333333
231078,Sancionatorio,Gualiva,Cundinamarca,VILLETA,CHAPAIMA,Por emisiones atmosféricas sin cumplir con los requisitos de ley,Sin definir,Sin definir,4.951612776894636,-74.5259609739148,Alta,0.3111111111111111,0.35555555555555557,0.2666666666666667,0.2666666666666667,0.2666666666666667,0.4222222222222222,0.3111111111111111,0.13333333333333333
231148,Sancionatorio,Soacha,Cundinamarca,SOACHA,AREA URBANA,Por emisiones atmosféricas sin permiso o no cumplimiento con los términos del permiso,Sin definir,Sin definir,4.56354234132852,-74.21105869595607,Alta,0.3111111111111111,0.35555555555555557,0.2666666666666667,0.2666666666666667,0.2666666666666667,0.4222222222222222,0.3111111111111111,0.13333333333333333
232026,Sancionatorio,Almeidas y Municipio de Guatavita,Cundinamarca,VILLAPINZON,CHIGUALA,Por emisiones atmosféricas sin cumplir con los requisitos de ley,Sin definir,Sin definir,5.219812805780909,-73.6075909997801,Alta,0.3111111111111111,0.35555555555555557,0.2666666666666667,0.2666666666666667,0.2666666666666667,0.4222222222222222,0.3111111111111111,0.13333333333333333
232028,Sancionatorio,Almeidas y Municipio de Guatavita,Cundinamarca,SESQUILE,BOITIVA,Por emisiones atmosféricas sin cumplir con los requisitos de ley,Sin definir,Sin definir,5.05322012247381,-73.79538186795376,Alta,0.3111111111111111,0.35555555555555557,0.2666666666666667,0.2666666666666667,0.2666666666666667,0.4222222222222222,0.3111111111111111,0.13333333333333333
232030,Sancionatorio,Almeidas y Municipio de Guatavita,Cundinamarca,MANTA,BERMEJAL,Por emisiones atmosféricas sin cumplir con los requisitos de ley,Sin definir,Sin definir,5.017535108037421,-73.53475396239507,Alta,0.3111111111111111,0.35555555555555557,0.2666666666666667,0.2666666666666667,0.2666666666666667,0.4222222222222222,0.3111111111111111,0.13333333333333333
232062,Sancionatorio,Soacha,Cundinamarca,SOACHA,AREA URBANA,Emitir por encima de los parámetros establecidos en la norma,Sin definir,Sin definir,4.583444577918196,-74.21941627863804,Alta,0.3111111111111111,0.35555555555555557,0.2666666666666667,0.2666666666666667,0.2666666666666667,0.4222222222222222,0.3111111111111111,0.13333333333333333
232146,Sancionatorio,Sabana Centro,Cundinamarca,GACHANCIPA,AREA URBANA,Emitir por encima de los parámetros establecidos en la norma,Sin definir,Sin definir,4.991449874145052,-73.8733246594156,Alta,0.3111111111111111,0.35555555555555557,0.2666666666666667,0.2666666666666667,0.2666666666666667,0.4222222222222222,0.3111111111111111,0.13333333333333333
232204,Sancionatorio,Almeidas y Municipio de Guatavita,Cundinamarca,CHOCONTA,AREA URBANA,Por emisiones atmosféricas sin cumplir con los requisitos de ley,Sin definir,Sin definir,5.146939473620316,-73.69032227460167,Alta,0.3111111111111111,0.35555555555555557,0.2666666666666667,0.2666666666666667,0.2666666666666667,0.4222222222222222,0.3111111111111111,0.13333333333333333
233196,Sancionatorio,Soacha,Cundinamarca,SOACHA,AREA URBANA,Por emisiones atmosféricas sin cumplir con los requisitos de ley,Sin definir,Sin definir,4.583352393958843,-74.21187828946505,Media,0.3111111111111111,0.35555555555555557,0.2666666666666667,0.2666666666666667,0.2666666666666667,0.4222222222222222,0.3111111111111111,0.13333333333333333
233208,Sancionatorio,Ubate,Cundinamarca,SIMIJACA,CENTRO,Por emisiones atmosféricas sin cumplir con los requisitos de ley,Sin definir,Sin definir,5.514085853149235,-73.85627853889143,Alta,0.3111111111111111,0.35555555555555557,0.2666666666666667,0.2666666666666667,0.2666666666666667,0.4222222222222222,0.3111111111111111,0.13333333333333333
233900,Sancionatorio,Sabana Centro,Cundinamarca,NEMOCON,PATIO BONITO,Por emisiones atmosféricas sin permiso o no cumplimiento con los términos del permiso,Sin definir,Sin definir,5.123604422553176,-73.9082134592498,Alta,0.3111111111111111,0.35555555555555557,0.2666666666666667,0.2666666666666667,0.2666666666666667,0.4222222222222222,0.3111111111111111,0.13333333333333333
234116,Sancionatorio,Sabana Centro,Cundinamarca,ZIPAQUIRA,CENTRO,Por emisiones atmosféricas sin cumplir con los requisitos de ley,Sin definir,Sin definir,5.0318440671409,-73.99275984046265,Alta,0.3111111111111111,0.35555555555555557,0.2666666666666667,0.2666666666666667,0.2666666666666667,0.4222222222222222,0.3111111111111111,0.13333333333333333
234450,Sancionatorio,Sabana Centro,Cundinamarca,NEMOCON,PATIO BONITO,Por emisiones atmosféricas sin permiso o no cumplimiento con los términos del permiso,Sin definir,Sin definir,5.131043939169463,-73.89790276867541,Alta,0.3111111111111111,0.35555555555555557,0.2666666666666667,0.2666666666666667,0.2666666666666667,0.4222222222222222,0.3111111111111111,0.13333333333333333
235362,Sancionatorio,Soacha,Cundinamarca,SOACHA,CIUDADELA SUCRE,Por emisiones atmosféricas sin permiso o no cumplimiento con los términos del permiso,Sin definir,Sin definir,4.5658956095136665,-74.18603728010875,Media,0.3111111111111111,0.35555555555555557,0.2666666666666667,0.2666666666666667,0.2666666666666667,0.4222222222222222,0.3111111111111111,0.13333333333333333
235692,Sancionatorio,Alto Magdalena,Cundinamarca,GIRARDOT,AREA URBANA,Emitir por encima de los parámetros establecidos en la norma,Sin definir,Sin definir,4.296078687873255,-74.80818704555666,Alta,0.3111111111111111,0.35555555555555557,0.2666666666666667,0.2666666666666667,0.2666666666666667,0.4222222222222222,0.3111111111111111,0.13333333333333333
236852,Sancionatorio,Soacha,Cundinamarca,SOACHA,AREA URBANA,Por emisiones atmosféricas sin cumplir con los requisitos de ley,Sin definir,Sin definir,4.5827142727230115,-74.2113917251375,Media,0.3111111111111111,0.35555555555555557,0.2666666666666667,0.2666666666666667,0.2666666666666667,0.4222222222222222,0.3111111111111111,0.13333333333333333
236854,Sancionatorio,Soacha,Cundinamarca,SOACHA,CIUDADELA SUCRE,Por emisiones atmosféricas sin cumplir con los requisitos de ley,Sin definir,Sin definir,4.570039109525429,-74.18864806749431,Alta,0.3111111111111111,0.35555555555555557,0.2666666666666667,0.2666666666666667,0.2666666666666667,0.4222222222222222,0.3111111111111111,0.13333333333333333
236856,Sancionatorio,Soacha,Cundinamarca,SOACHA,CIUDADELA SUCRE,Por emisiones atmosféricas sin cumplir con los requisitos de ley,Sin definir,Sin definir,4.570310406750797,-74.18862107448219,Alta,0.3111111111111111,0.35555555555555557,0.2666666666666667,0.2666666666666667,0.2666666666666667,0.4222222222222222,0.3111111111111111,0.13333333333333333
236890,Sancionatorio,Soacha,Cundinamarca,SOACHA,FUSUNGA,Por emisiones atmosféricas sin permiso o no cumplimiento con los términos del permiso,Sin definir,Sin definir,4.541752777573627,-74.18535462037833,Alta,0.3111111111111111,0.35555555555555557,0.2666666666666667,0.2666666666666667,0.2666666666666667,0.4222222222222222,0.3111111111111111,0.13333333333333333
236892,Sancionatorio,Soacha,Cundinamarca,SOACHA,CIUDADELA SUCRE,Por emisiones atmosféricas sin cumplir con los requisitos de ley,Sin definir,Sin definir,4.570174725265038,-74.18884634352828,Alta,0.3111111111111111,0.35555555555555557,0.2666666666666667,0.2666666666666667,0.2666666666666667,0.4222222222222222,0.3111111111111111,0.13333333333333333
237026,Sancionatorio,Soacha,Cundinamarca,SOACHA,CIUDADELA SUCRE,Por emisiones atmosféricas sin cumplir con los requisitos de ley,Sin definir,Sin definir,4.565352010460139,-74.18511962012309,Media,0.3111111111111111,0.35555555555555557,0.2666666666666667,0.2666666666666667,0.2666666666666667,0.4222222222222222,0.3111111111111111,0.13333333333333333
237034,Sancionatorio,Soacha,Cundinamarca,SOACHA,CAZUCA,Por emisiones atmosféricas sin cumplir con los requisitos de ley,Sin definir,Sin definir,4.594528499258293,-74.1841999693076,Alta,0.3111111111111111,0.35555555555555557,0.2666666666666667,0.2666666666666667,0.2666666666666667,0.4222222222222222,0.3111111111111111,0.13333333333333333
239016,Sancionatorio,Sabana Centro,Cundinamarca,NEMOCON,PATIO BONITO,Por emisiones atmosféricas sin cumplir con los requisitos de ley,Sin definir,Sin definir,5.159156011844717,-73.88971428724822,Alta,0.3111111111111111,0.35555555555555557,0.2666666666666667,0.2666666666666667,0.2666666666666667,0.4222222222222222,0.3111111111111111,0.13333333333333333
239766,Sancionatorio,Sabana Centro,Cundinamarca,TOCANCIPA,VERGANZO,Por emisiones atmosféricas sin cumplir con los requisitos de ley,Sin definir,Sin definir,4.969458560129427,-73.9497576973356,Alta,0.3111111111111111,0.35555555555555557,0.2666666666666667,0.2666666666666667,0.2666666666666667,0.4222222222222222,0.3111111111111111,0.13333333333333333
241084,Sancionatorio,Chiquinquira,Boyacá,RAQUIRA,RESGUARDO ORIENTE,Por emisiones atmosféricas sin permiso o no cumplimiento con los términos del permiso,Sin definir,Sin definir,5.542843115173715,-73.63319903209485,Alta,0.3111111111111111,0.35555555555555557,0.2666666666666667,0.2666666666666667,0.2666666666666667,0.4222222222222222,0.3111111111111111,0.13333333333333333
243442,Sancionatorio,Almeidas y Municipio de Guatavita,Cundinamarca,VILLAPINZON,CHIGUALA,Por emisiones atmosféricas sin cumplir con los requisitos de ley,Sin definir,Sin definir,5.219903238898046,-73.60759995248173,Alta,0.3111111111111111,0.35555555555555557,0.2666666666666667,0.2666666666666667,0.2666666666666667,0.4222222222222222,0.3111111111111111,0.13333333333333333
243574,Sancionatorio,Tequendama,Cundinamarca,LA MESA,LAGUNAS,Por emisiones atmosféricas sin cumplir con los requisitos de ley,Sin definir,Sin definir,4.616409775060601,-74.45693658680317,Alta,0.3111111111111111,0.35555555555555557,0.2666666666666667,0.2666666666666667,0.2666666666666667,0.4222222222222222,0.3111111111111111,0.13333333333333333
244284,Sancionatorio,Bajo Magdalena,Cundinamarca,PUERTO SALGAR,TRES Y MEDIO,Por emisiones atmosféricas sin cumplir con los requisitos de ley,Sin definir,Sin definir,5.499439907538576,-74.63845668652208,Alta,0.3111111111111111,0.35555555555555557,0.2666666666666667,0.2666666666666667,0.2666666666666667,0.4222222222222222,0.3111111111111111,0.13333333333333333
244364,Sancionatorio,Almeidas y Municipio de Guatavita,Cundinamarca,VILLAPINZON,SAN PEDRO,Por emisiones atmosféricas sin cumplir con los requisitos de ley,Sin definir,Sin definir,5.197868027273065,-73.60990732195619,Alta,0.3111111111111111,0.35555555555555557,0.2666666666666667,0.2666666666666667,0.2666666666666667,0.4222222222222222,0.3111111111111111,0.13333333333333333
244834,Sancionatorio,Soacha,Cundinamarca,SOACHA,AREA URBANA,Por emisiones atmosféricas sin cumplir con los requisitos de ley,Sin definir,Sin definir,4.565612427987966,-74.21519537199039,Alta,0.3111111111111111,0.35555555555555557,0.2666666666666667,0.2666666666666667,0.2666666666666667,0.4222222222222222,0.3111111111111111,0.13333333333333333
245692,Sancionatorio,Alto Magdalena,Cundinamarca,RICAURTE,LA VIRGINIA,Por emisiones atmosféricas sin cumplir con los requisitos de ley,Sin definir,Sin definir,4.254101652347796,-74.74044962008253,Alta,0.3111111111111111,0.35555555555555557,0.2666666666666667,0.2666666666666667,0.2666666666666667,0.4222222222222222,0.3111111111111111,0.13333333333333333
245858,Sancionatorio,Sabana Centro,Cundinamarca,ZIPAQUIRA,PÁRAMO DE GUERRERO,Por emisiones atmosféricas sin permiso o no cumplimiento con los términos del permiso,Sin definir,Sin definir,5.09125275293583,-74.06088682619423,Alta,0.3111111111111111,0.35555555555555557,0.2666666666666667,0.2666666666666667,0.2666666666666667,0.4222222222222222,0.3111111111111111,0.13333333333333333
245860,Sancionatorio,Sabana Centro,Cundinamarca,ZIPAQUIRA,PÁRAMO DE GUERRERO,Por emisiones atmosféricas sin permiso o no cumplimiento con los términos del permiso,Sin definir,Sin definir,5.09125275293583,-74.06088682619423,Alta,0.3111111111111111,0.35555555555555557,0.2666666666666667,0.2666666666666667,0.2666666666666667,0.4222222222222222,0.3111111111111111,0.13333333333333333
245860,Sancionatorio,Sabana Centro,Cundinamarca,ZIPAQUIRA,PÁRAMO DE GUERRERO,Por emisiones atmosféricas sin permiso o no cumplimiento con los términos del permiso,Sin definir,Sin definir,5.091786289171321,-74.06090484950452,Alta,0.3111111111111111,0.35555555555555557,0.2666666666666667,0.2666666666666667,0.2666666666666667,0.4222222222222222,0.3111111111111111,0.13333333333333333
246228,Sancionatorio,Magdalena Centro,Cundinamarca,GUAYABAL DE SIQUIMA,CENTRO,Por emisiones atmosféricas sin cumplir con los requisitos de ley,Sin definir,Sin definir,4.878296126478888,-74.46459852395759,Alta,0.3111111111111111,0.35555555555555557,0.2666666666666667,0.2666666666666667,0.2666666666666667,0.4222222222222222,0.3111111111111111,0.13333333333333333
246504,Sancionatorio,Sabana Centro,Cundinamarca,NEMOCON,PATIO BONITO,Por emisiones atmosféricas sin permiso o no cumplimiento con los términos del permiso,Sin definir,Sin definir,5.132375528009385,-73.90619990454671,Alta,0.3111111111111111,0.35555555555555557,0.2666666666666667,0.2666666666666667,0.2666666666666667,0.4222222222222222,0.3111111111111111,0.13333333333333333
246504,Sancionatorio,Sabana Centro,Cundinamarca,NEMOCON,PATIO BONITO,Por emisiones atmosféricas sin permiso o no cumplimiento con los términos del permiso,Sin definir,Sin definir,5.131398841029172,-73.90601076566642,Alta,0.3111111111111111,0.35555555555555557,0.2666666666666667,0.2666666666666667,0.2666666666666667,0.4222222222222222,0.3111111111111111,0.13333333333333333
246546,Sancionatorio,Soacha,Cundinamarca,SOACHA,CIUDADELA SUCRE,Por emisiones atmosféricas sin cumplir con los requisitos de ley,Sin definir,Sin definir,4.570174725265038,-74.18884634352828,Alta,0.3111111111111111,0.35555555555555557,0.2666666666666667,0.2666666666666667,0.2666666666666667,0.4222222222222222,0.3111111111111111,0.13333333333333333
246748,Sancionatorio,Soacha,Cundinamarca,SOACHA,AREA URBANA,Por emisiones atmosféricas sin cumplir con los requisitos de ley,Sin definir,Sin definir,4.583018975073534,-74.21184255195793,Media,0.3111111111111111,0.35555555555555557,0.2666666666666667,0.2666666666666667,0.2666666666666667,0.4222222222222222,0.3111111111111111,0.13333333333333333
246770,Sancionatorio,Sumapaz,Cundinamarca,FUSAGASUGA,AREA URBANA,Emitir por encima de los parámetros establecidos en la norma,Sin definir,Sin definir,4.331783490424381,-74.3974417916346,Alta,0.3111111111111111,0.35555555555555557,0.2666666666666667,0.2666666666666667,0.2666666666666667,0.4222222222222222,0.3111111111111111,0.13333333333333333
247030,Sancionatorio,Sabana Centro,Cundinamarca,NEMOCON,CERRO VERDE,Por emisiones atmosféricas sin permiso o no cumplimiento con los términos del permiso,Sin definir,Sin definir,5.135895341875457,-73.88208195543166,Alta,0.3111111111111111,0.35555555555555557,0.2666666666666667,0.2666666666666667,0.2666666666666667,0.4222222222222222,0.3111111111111111,0.13333333333333333
247032,Sancionatorio,Sabana Centro,Cundinamarca,NEMOCON,CASA BLANCA,Por emisiones atmosféricas sin permiso o no cumplimiento con los términos del permiso,Sin definir,Sin definir,5.119001431967226,-73.9076915770164,Alta,0.3111111111111111,0.35555555555555557,0.2666666666666667,0.2666666666666667,0.2666666666666667,0.4222222222222222,0.3111111111111111,0.13333333333333333
247032,Sancionatorio,Sabana Centro,Cundinamarca,NEMOCON,PATIO BONITO,Por emisiones atmosféricas sin permiso o no cumplimiento con los términos del permiso,Sin definir,Sin definir,5.120466231136845,-73.90710496432652,Alta,0.3111111111111111,0.35555555555555557,0.2666666666666667,0.2666666666666667,0.2666666666666667,0.4222222222222222,0.3111111111111111,0.13333333333333333
247264,Sancionatorio,Sabana Centro,Cundinamarca,NEMOCON,PATIO BONITO,Por emisiones atmosféricas sin permiso o no cumplimiento con los términos del permiso,Sin definir,Sin definir,5.124209509308468,-73.90525509479042,Alta,0.3111111111111111,0.35555555555555557,0.2666666666666667,0.2666666666666667,0.2666666666666667,0.4222222222222222,0.3111111111111111,0.13333333333333333
247264,Sancionatorio,Sabana Centro,Cundinamarca,NEMOCON,PATIO BONITO,Por emisiones atmosféricas sin permiso o no cumplimiento con los términos del permiso,Sin definir,Sin definir,5.123576552789451,-73.90543564246336,Alta,0.3111111111111111,0.35555555555555557,0.2666666666666667,0.2666666666666667,0.2666666666666667,0.4222222222222222,0.3111111111111111,0.13333333333333333
249470,Sancionatorio,Soacha,Cundinamarca,SOACHA,AREA URBANA,Por emisiones atmosféricas sin cumplir con los requisitos de ley,Sin definir,Sin definir,4.583121885106836,-74.21157744569282,Media,0.3111111111111111,0.35555555555555557,0.2666666666666667,0.2666666666666667,0.2666666666666667,0.4222222222222222,0.3111111111111111,0.13333333333333333
250188,Sancionatorio,Ubate,Cundinamarca,UBATE,GUATANCUY,Por emisiones atmosféricas sin cumplir con los requisitos de ley,Sin definir,Sin definir,5.348180277831223,-73.79713612845529,Alta,0.3111111111111111,0.35555555555555557,0.2666666666666667,0.2666666666666667,0.2666666666666667,0.4222222222222222,0.3111111111111111,0.13333333333333333
250358,Sancionatorio,Almeidas y Municipio de Guatavita,Cundinamarca,VILLAPINZON,SAN PEDRO,Por emisiones atmosféricas sin cumplir con los requisitos de ley,Sin definir,Sin definir,5.19680253569438,-73.61199165539514,Alta,0.3111111111111111,0.35555555555555557,0.2666666666666667,0.2666666666666667,0.2666666666666667,0.4222222222222222,0.3111111111111111,0.13333333333333333
251176,Sancionatorio,Alto Magdalena,Cundinamarca,GIRARDOT,AREA URBANA,Emitir por encima de los parámetros establecidos en la norma,Sin definir,Sin definir,4.299121395877108,-74.80354201747208,Alta,0.3111111111111111,0.35555555555555557,0.2666666666666667,0.2666666666666667,0.2666666666666667,0.4222222222222222,0.3111111111111111,0.13333333333333333
251428,Sancionatorio,Ubate,Cundinamarca,GUACHETA,PUEBLO VIEJO,Por emisiones atmosféricas sin cumplir con los requisitos de ley,Sin definir,Sin definir,5.371921510273315,-73.70319340773649,Alta,0.3111111111111111,0.35555555555555557,0.2666666666666667,0.2666666666666667,0.2666666666666667,0.4222222222222222,0.3111111111111111,0.13333333333333333
251608,Sancionatorio,Ubate,Cundinamarca,CUCUNUBA,PUEBLO VIEJO,Por emisiones atmosféricas sin permiso o no cumplimiento con los términos del permiso,Sin definir,Sin definir,5.224728355963919,-73.81965215359403,Alta,0.3111111111111111,0.35555555555555557,0.2666666666666667,0.2666666666666667,0.2666666666666667,0.4222222222222222,0.3111111111111111,0.13333333333333333
251692,Sancionatorio,Alto Magdalena,Cundinamarca,GIRARDOT,AREA URBANA,Emitir por encima de los parámetros establecidos en la norma,Sin definir,Sin definir,4.299226210305596,-74.80740638059103,Alta,0.3111111111111111,0.35555555555555557,0.2666666666666667,0.2666666666666667,0.2666666666666667,0.4222222222222222,0.3111111111111111,0.13333333333333333
251728,Sancionatorio,Chiquinquira,Boyacá,RAQUIRA,FIRITA PEÑA ARRIBA,Por emisiones atmosféricas sin permiso o no cumplimiento con los términos del permiso,Sin definir,Sin definir,5.445238605094254,-73.59938880392512,Alta,0.3111111111111111,0.35555555555555557,0.2666666666666667,0.2666666666666667,0.2666666666666667,0.4222222222222222,0.3111111111111111,0.13333333333333333
252040,Sancionatorio,Almeidas y Municipio de Guatavita,Cundinamarca,VILLAPINZON,SAN PEDRO,Por emisiones atmosféricas sin permiso o no cumplimiento con los términos del permiso,Sin definir,Sin definir,5.196140025211011,-73.60875407767658,Alta,0.3111111111111111,0.35555555555555557,0.2666666666666667,0.2666666666666667,0.2666666666666667,0.4222222222222222,0.3111111111111111,0.13333333333333333
252496,Sancionatorio,Alto Magdalena,Cundinamarca,GIRARDOT,AREA URBANA,Por emisiones atmosféricas sin cumplir con los requisitos de ley,Sin definir,Sin definir,4.298810007335657,-74.8076672050277,Alta,0.3111111111111111,0.35555555555555557,0.2666666666666667,0.2666666666666667,0.2666666666666667,0.4222222222222222,0.3111111111111111,0.13333333333333333
253104,Sancionatorio,Ubate,Cundinamarca,SIMIJACA,CENTRO,Por emisiones atmosféricas sin permiso o no cumplimiento con los términos del permiso,Sin definir,Sin definir,5.513440269750506,-73.84693836175244,Alta,0.3111111111111111,0.35555555555555557,0.2666666666666667,0.2666666666666667,0.2666666666666667,0.4222222222222222,0.3111111111111111,0.13333333333333333
253104,Sancionatorio,Ubate,Cundinamarca,SIMIJACA,CENTRO,Por emisiones atmosféricas sin permiso o no cumplimiento con los términos del permiso,Sin definir,Sin definir,5.513585118455466,-73.84736245999737,Alta,0.3111111111111111,0.35555555555555557,0.2666666666666667,0.2666666666666667,0.2666666666666667,0.4222222222222222,0.3111111111111111,0.13333333333333333
253400,Sancionatorio,Ubate,Cundinamarca,UBATE,GUATANCUY,Por emisiones atmosféricas sin permiso o no cumplimiento con los términos del permiso,Sin definir,Sin definir,5.349781511248578,-73.79857893331886,Alta,0.3111111111111111,0.35555555555555557,0.2666666666666667,0.2666666666666667,0.2666666666666667,0.4222222222222222,0.3111111111111111,0.13333333333333333
253486,Sancionatorio,Sabana Centro,Cundinamarca,COGUA,NEUSA,Por emisiones atmosféricas sin permiso o no cumplimiento con los términos del permiso,Sin definir,Sin definir,5.073010184713374,-73.95229871945382,Alta,0.3111111111111111,0.35555555555555557,0.2666666666666667,0.2666666666666667,0.2666666666666667,0.4222222222222222,0.3111111111111111,0.13333333333333333
253996,Sancionatorio,Gualiva,Cundinamarca,NIMAIMA,RESGUARDO BAJO,Por emisiones atmosféricas sin permiso o no cumplimiento con los términos del permiso,Sin definir,Sin definir,5.125392,-74.3853502,Baja,0.3111111111111111,0.35555555555555557,0.2666666666666667,0.2666666666666667,0.2666666666666667,0.4222222222222222,0.3111111111111111,0.13333333333333333
254046,Sancionatorio,Ubate,Cundinamarca,CUCUNUBA,PUEBLO VIEJO,Por emisiones atmosféricas sin permiso o no cumplimiento con los términos del permiso,Sin definir,Sin definir,5.235851920395933,-73.80048817959096,Alta,0.3111111111111111,0.35555555555555557,0.2666666666666667,0.2666666666666667,0.2666666666666667,0.4222222222222222,0.3111111111111111,0.13333333333333333
254046,Sancionatorio,Ubate,Cundinamarca,CUCUNUBA,PUEBLO VIEJO,Por emisiones atmosféricas sin permiso o no cumplimiento con los términos del permiso,Sin definir,Sin definir,5.232932913899285,-73.80465688694254,Alta,0.3111111111111111,0.35555555555555557,0.2666666666666667,0.2666666666666667,0.2666666666666667,0.4222222222222222,0.3111111111111111,0.13333333333333333
254246,Sancionatorio,Sabana Centro,Cundinamarca,CAJICA,CANELÓN,Por emisiones atmosféricas sin permiso o no cumplimiento con los términos del permiso,Sin definir,Sin definir,4.90476680895542,-74.03581817790594,Alta,0.3111111111111111,0.35555555555555557,0.2666666666666667,0.2666666666666667,0.2666666666666667,0.4222222222222222,0.3111111111111111,0.13333333333333333
254620,Sancionatorio,Sabana Centro,Cundinamarca,CAJICA,AREA URBANA,Emitir por encima de los parámetros establecidos en la norma,Sin definir,Sin definir,4.919479095449158,-74.02560197464095,Alta,0.3111111111111111,0.35555555555555557,0.2666666666666667,0.2666666666666667,0.2666666666666667,0.4222222222222222,0.3111111111111111,0.13333333333333333
254754,Sancionatorio,Sabana Centro,Cundinamarca,COGUA,CASA BLANCA,Por emisiones atmosféricas sin cumplir con los requisitos de ley,Sin definir,Sin definir,5.135944749673374,-73.9315876860321,Alta,0.3111111111111111,0.35555555555555557,0.2666666666666667,0.2666666666666667,0.2666666666666667,0.4222222222222222,0.3111111111111111,0.13333333333333333
255000,Sancionatorio,Sabana Centro,Cundinamarca,TENJO,AREA URBANA,Emitir por encima de los parámetros establecidos en la norma,Sin definir,Sin definir,4.871441039964282,-74.14597162470609,Alta,0.3111111111111111,0.35555555555555557,0.2666666666666667,0.2666666666666667,0.2666666666666667,0.4222222222222222,0.3111111111111111,0.13333333333333333
255028,Sancionatorio,Bogotá y Municipio de la Calera,Distrito Capital,CIUDAD BOLIVAR,MOCHUELO BAJO,Emitir por encima de los parámetros establecidos en la norma,Sin definir,Sin definir,4.502103307873801,-74.14792707228571,Alta,0.3111111111111111,0.35555555555555557,0.2666666666666667,0.2666666666666667,0.2666666666666667,0.4222222222222222,0.3111111111111111,0.13333333333333333
255122,Sancionatorio,Sabana Centro,Cundinamarca,NEMOCON,AREA URBANA,Por emisiones atmosféricas sin cumplir con los requisitos de ley,Sin definir,Sin definir,5.07016891922375,-73.8741388145397,Alta,0.3111111111111111,0.35555555555555557,0.2666666666666667,0.2666666666666667,0.2666666666666667,0.4222222222222222,0.3111111111111111,0.13333333333333333
255802,Sancionatorio,Sabana Centro,Cundinamarca,COGUA,NEUSA,Por emisiones atmosféricas sin cumplir con los requisitos de ley,Sin definir,Sin definir,5.072930550517208,-73.96169572300772,Alta,0.3111111111111111,0.35555555555555557,0.2666666666666667,0.2666666666666667,0.2666666666666667,0.4222222222222222,0.3111111111111111,0.13333333333333333
256200,Sancionatorio,Almeidas y Municipio de Guatavita,Cundinamarca,SUESCA,PALMIRA,Por emisiones atmosféricas sin cumplir con los requisitos de ley,Sin definir,Sin definir,5.067303226427441,-73.82536986009363,Alta,0.3111111111111111,0.35555555555555557,0.2666666666666667,0.2666666666666667,0.2666666666666667,0.4222222222222222,0.3111111111111111,0.13333333333333333
256908,Sancionatorio,Alto Magdalena,Cundinamarca,GIRARDOT,AREA URBANA,Por emisiones atmosféricas sin cumplir con los requisitos de ley,Sin definir,Sin definir,4.317077041569522,-74.79686622803895,Alta,0.3111111111111111,0.35555555555555557,0.2666666666666667,0.2666666666666667,0.2666666666666667,0.4222222222222222,0.3111111111111111,0.13333333333333333
257900,Sancionatorio,Chiquinquira,Boyacá,RAQUIRA,RESGUARDO OCCIDENTE,Por emisiones atmosféricas sin cumplir con los requisitos de ley,Sin definir,Sin definir,5.497255321768221,-73.62564184882011,Baja,0.3111111111111111,0.35555555555555557,0.2666666666666667,0.2666666666666667,0.2666666666666667,0.4222222222222222,0.3111111111111111,0.13333333333333333
258626,Sancionatorio,Sabana Centro,Cundinamarca,COTA,SIBERIA,Emitir por encima de los parámetros establecidos en la norma,Sin definir,Sin definir,4.755800032633183,-74.12868027579898,Alta,0.3111111111111111,0.35555555555555557,0.2666666666666667,0.2666666666666667,0.2666666666666667,0.4222222222222222,0.3111111111111111,0.13333333333333333
259074,Sancionatorio,Sabana Centro,Cundinamarca,NEMOCON,PATIO BONITO,Por emisiones atmosféricas sin permiso o no cumplimiento con los términos del permiso,Sin definir,Sin definir,5.123314981907553,-73.90796100604113,Alta,0.3111111111111111,0.35555555555555557,0.2666666666666667,0.2666666666666667,0.2666666666666667,0.4222222222222222,0.3111111111111111,0.13333333333333333
259074,Sancionatorio,Sabana Centro,Cundinamarca,NEMOCON,PATIO BONITO,Por emisiones atmosféricas sin permiso o no cumplimiento con los términos del permiso,Sin definir,Sin definir,5.122971305114901,-73.90778973748579,Alta,0.3111111111111111,0.35555555555555557,0.2666666666666667,0.2666666666666667,0.2666666666666667,0.4222222222222222,0.3111111111111111,0.13333333333333333
259142,Sancionatorio,Alto Magdalena,Cundinamarca,NILO,LA ESMERALDA,Por emisiones atmosféricas sin cumplir con los requisitos de ley,Sin definir,Sin definir,4.214282251513867,-74.69134675738793,Alta,0.3111111111111111,0.35555555555555557,0.2666666666666667,0.2666666666666667,0.2666666666666667,0.4222222222222222,0.3111111111111111,0.13333333333333333
259382,Sancionatorio,Chiquinquira,Boyacá,RAQUIRA,FIRITA PEÑA ARRIBA,Por emisiones atmosféricas sin cumplir con los requisitos de ley,Sin definir,Sin definir,5.428517341200599,-73.61905089797537,Media,0.3111111111111111,0.35555555555555557,0.2666666666666667,0.2666666666666667,0.2666666666666667,0.4222222222222222,0.3111111111111111,0.13333333333333333
261630,Sancionatorio,Chiquinquira,Boyacá,CHIQUINQUIRA,AREA URBANA,Por emisiones atmosféricas sin cumplir con los requisitos de ley,Sin definir,Sin definir,5.6182733,-73.8167476,Media,0.3111111111111111,0.35555555555555557,0.2666666666666667,0.2666666666666667,0.2666666666666667,0.4222222222222222,0.3111111111111111,0.13333333333333333
262288,Sancionatorio,Ubate,Cundinamarca,LENGUAZAQUE,RESGUARDO,Por emisiones atmosféricas sin permiso o no cumplimiento con los términos del permiso,Sin definir,Sin definir,5.31742255462353,-73.70566230783075,Alta,0.3111111111111111,0.35555555555555557,0.2666666666666667,0.2666666666666667,0.2666666666666667,0.4222222222222222,0.3111111111111111,0.13333333333333333
262288,Sancionatorio,Ubate,Cundinamarca,LENGUAZAQUE,RESGUARDO,Por emisiones atmosféricas sin permiso o no cumplimiento con los términos del permiso,Sin definir,Sin definir,5.319970755715703,-73.7026114889318,Alta,0.3111111111111111,0.35555555555555557,0.2666666666666667,0.2666666666666667,0.2666666666666667,0.4222222222222222,0.3111111111111111,0.13333333333333333
263962,Sancionatorio,Alto Magdalena,Cundinamarca,GIRARDOT,AREA URBANA,Emitir por encima de los parámetros establecidos en la norma,Sin definir,Sin definir,4.311753935202193,-74.79378956779624,Alta,0.3111111111111111,0.35555555555555557,0.2666666666666667,0.2666666666666667,0.2666666666666667,0.4222222222222222,0.3111111111111111,0.13333333333333333
263990,Sancionatorio,Sabana Centro,Cundinamarca,TENJO,LA PUNTA,Emitir por encima de los parámetros establecidos en la norma,Sin definir,Sin definir,4.7961028300108,-74.2112289855591,Alta,0.3111111111111111,0.35555555555555557,0.2666666666666667,0.2666666666666667,0.2666666666666667,0.4222222222222222,0.3111111111111111,0.13333333333333333
265736,Sancionatorio,Ubate,Cundinamarca,TAUSA,RASGATA ALTO,Por emisiones atmosféricas sin permiso o no cumplimiento con los términos del permiso,Sin definir,Sin definir,5.1949265,-73.9563076,Baja,0.3111111111111111,0.35555555555555557,0.2666666666666667,0.2666666666666667,0.2666666666666667,0.4222222222222222,0.3111111111111111,0.13333333333333333
266510,Sancionatorio,Soacha,Cundinamarca,SOACHA,AREA URBANA,Por emisiones atmosféricas sin cumplir con los requisitos de ley,Sin definir,Sin definir,4.582129753864163,-74.21198406314898,Media,0.3111111111111111,0.35555555555555557,0.2666666666666667,0.2666666666666667,0.2666666666666667,0.4222222222222222,0.3111111111111111,0.13333333333333333
266794,Sancionatorio,Sabana Centro,Cundinamarca,NEMOCON,ORATORIO,Por emisiones atmosféricas sin cumplir con los requisitos de ley,Sin definir,Sin definir,5.097769907038486,-73.91263933043093,Alta,0.3111111111111111,0.35555555555555557,0.2666666666666667,0.2666666666666667,0.2666666666666667,0.4222222222222222,0.3111111111111111,0.13333333333333333
267034,Sancionatorio,Chiquinquira,Boyacá,RAQUIRA,FIRITA PEÑA ARRIBA,Por emisiones atmosféricas sin permiso o no cumplimiento con los términos del permiso,Sin definir,Sin definir,5.434006059550224,-73.60878172636772,Alta,0.3111111111111111,0.35555555555555557,0.2666666666666667,0.2666666666666667,0.2666666666666667,0.4222222222222222,0.3111111111111111,0.13333333333333333
267074,Sancionatorio,Ubate,Cundinamarca,GUACHETA,RABANAL,Por emisiones atmosféricas sin permiso o no cumplimiento con los términos del permiso,Sin definir,Sin definir,5.328478226990447,-73.69978254733113,Alta,0.3111111111111111,0.35555555555555557,0.2666666666666667,0.2666666666666667,0.2666666666666667,0.4222222222222222,0.3111111111111111,0.13333333333333333
267348,Sancionatorio,Sabana Centro,Cundinamarca,NEMOCON,PATIO BONITO,Por emisiones atmosféricas sin cumplir con los requisitos de ley,Sin definir,Sin definir,5.134886324435548,-73.89488030772235,Alta,0.3111111111111111,0.35555555555555557,0.2666666666666667,0.2666666666666667,0.2666666666666667,0.4222222222222222,0.3111111111111111,0.13333333333333333
267448,Sancionatorio,Sabana Centro,Cundinamarca,NEMOCON,PATIO BONITO,Por emisiones atmosféricas sin cumplir con los requisitos de ley,Sin definir,Sin definir,5.137590064724375,-73.89455485061337,Alta,0.3111111111111111,0.35555555555555557,0.2666666666666667,0.2666666666666667,0.2666666666666667,0.4222222222222222,0.3111111111111111,0.13333333333333333
267448,Sancionatorio,Sabana Centro,Cundinamarca,NEMOCON,PATIO BONITO,Por emisiones atmosféricas sin cumplir con los requisitos de ley,Sin definir,Sin definir,5.137282231794186,-73.89325618862327,Alta,0.3111111111111111,0.35555555555555557,0.2666666666666667,0.2666666666666667,0.2666666666666667,0.4222222222222222,0.3111111111111111,0.13333333333333333
267586,Sancionatorio,Sabana Centro,Cundinamarca,NEMOCON,PATIO BONITO,Por emisiones atmosféricas sin cumplir con los requisitos de ley,Sin definir,Sin definir,5.141587747097725,-73.8970520166181,Alta,0.3111111111111111,0.35555555555555557,0.2666666666666667,0.2666666666666667,0.2666666666666667,0.4222222222222222,0.3111111111111111,0.13333333333333333
268660,Sancionatorio,Soacha,Cundinamarca,SOACHA,AREA URBANA,Por emisiones atmosféricas sin permiso o no cumplimiento con los términos del permiso,Sin definir,Sin definir,4.581961197039293,-74.21181329437646,Media,0.3111111111111111,0.35555555555555557,0.2666666666666667,0.2666666666666667,0.2666666666666667,0.4222222222222222,0.3111111111111111,0.13333333333333333
268676,Sancionatorio,Soacha,Cundinamarca,SOACHA,AREA URBANA,Por emisiones atmosféricas sin permiso o no cumplimiento con los términos del permiso,Sin definir,Sin definir,4.583183081026299,-74.21134190770547,Media,0.3111111111111111,0.35555555555555557,0.2666666666666667,0.2666666666666667,0.2666666666666667,0.4222222222222222,0.3111111111111111,0.13333333333333333
269936,Sancionatorio,Ubate,Cundinamarca,CUCUNUBA,PEÑAS,Por emisiones atmosféricas sin cumplir con los requisitos de ley,Sin definir,Sin definir,5.2316116,-73.7567465,Baja,0.3111111111111111,0.35555555555555557,0.2666666666666667,0.2666666666666667,0.2666666666666667,0.4222222222222222,0.3111111111111111,0.13333333333333333
270222,Sancionatorio,Alto Magdalena,Cundinamarca,GIRARDOT,AREA URBANA,Emitir por encima de los parámetros establecidos en la norma,Sin definir,Sin definir,4.300762016114748,-74.81822598347996,Alta,0.3111111111111111,0.35555555555555557,0.2666666666666667,0.2666666666666667,0.2666666666666667,0.4222222222222222,0.3111111111111111,0.13333333333333333
270832,Sancionatorio,Soacha,Cundinamarca,SOACHA,BOSATAMA,Por emisiones atmosféricas sin cumplir con los requisitos de ley,Sin definir,Sin definir,4.618357,-74.2344657,Media,0.3111111111111111,0.35555555555555557,0.2666666666666667,0.2666666666666667,0.2666666666666667,0.4222222222222222,0.3111111111111111,0.13333333333333333
271292,Sancionatorio,Alto Magdalena,Cundinamarca,GIRARDOT,AREA URBANA,Emitir por encima de los parámetros establecidos en la norma,Sin definir,Sin definir,4.308893694844855,-74.77741078130506,Alta,0.3111111111111111,0.35555555555555557,0.2666666666666667,0.2666666666666667,0.2666666666666667,0.4222222222222222,0.3111111111111111,0.13333333333333333
272168,Sancionatorio,Soacha,Cundinamarca,SOACHA,CIUDADELA SUCRE,Por emisiones atmosféricas sin permiso o no cumplimiento con los términos del permiso,Sin definir,Sin definir,4.565604490336771,-74.18470684931039,Media,0.3111111111111111,0.35555555555555557,0.2666666666666667,0.2666666666666667,0.2666666666666667,0.4222222222222222,0.3111111111111111,0.13333333333333333
272170,Sancionatorio,Soacha,Cundinamarca,SOACHA,CIUDADELA SUCRE,Por emisiones atmosféricas sin permiso o no cumplimiento con los términos del permiso,Sin definir,Sin definir,4.5664885521539675,-74.1848441516567,Media,0.3111111111111111,0.35555555555555557,0.2666666666666667,0.2666666666666667,0.2666666666666667,0.4222222222222222,0.3111111111111111,0.13333333333333333
272438,Sancionatorio,Bogotá y Municipio de la Calera,Distrito Capital,USAQUEN,EL PÁRAMO,Por emisiones atmosféricas sin cumplir con los requisitos de ley,Sin definir,Sin definir,4.695219,-74.0309322,Baja,0.3111111111111111,0.35555555555555557,0.2666666666666667,0.2666666666666667,0.2666666666666667,0.4222222222222222,0.3111111111111111,0.13333333333333333
273090,Sancionatorio,Ubate,Cundinamarca,SUTATAUSA,CONCUBITA,Por emisiones atmosféricas sin cumplir con los requisitos de ley,Sin definir,Sin definir,5.2377338,-73.8549404,Baja,0.3111111111111111,0.35555555555555557,0.2666666666666667,0.2666666666666667,0.2666666666666667,0.4222222222222222,0.3111111111111111,0.13333333333333333
273994,Sancionatorio,Ubate,Cundinamarca,SUTATAUSA,PEÑAS DE BOQUERÓN,Por emisiones atmosféricas sin cumplir con los requisitos de ley,Sin definir,Sin definir,5.197543188764451,-73.86156977287244,Alta,0.3111111111111111,0.35555555555555557,0.2666666666666667,0.2666666666666667,0.2666666666666667,0.4222222222222222,0.3111111111111111,0.13333333333333333
274106,Sancionatorio,Soacha,Cundinamarca,SIBATE,CHUSACA,Emitir por encima de los parámetros establecidos en la norma,Sin definir,Sin definir,4.5450603451556235,-74.24402277986016,Media,0.3111111111111111,0.35555555555555557,0.2666666666666667,0.2666666666666667,0.2666666666666667,0.4222222222222222,0.3111111111111111,0.13333333333333333
274748,Sancionatorio,Alto Magdalena,Cundinamarca,GIRARDOT,AREA URBANA,Emitir por encima de los parámetros establecidos en la norma,Sin definir,Sin definir,4.295490563091735,-74.8179326541322,Alta,0.3111111111111111,0.35555555555555557,0.2666666666666667,0.2666666666666667,0.2666666666666667,0.4222222222222222,0.3111111111111111,0.13333333333333333
275304,Sancionatorio,Sumapaz,Cundinamarca,SILVANIA,AREA URBANA,Emitir por encima de los parámetros establecidos en la norma,Sin definir,Sin definir,4.4039016,-74.3889251,Media,0.3111111111111111,0.35555555555555557,0.2666666666666667,0.2666666666666667,0.2666666666666667,0.4222222222222222,0.3111111111111111,0.13333333333333333
275692,Sancionatorio,Ubate,Cundinamarca,GUACHETA,RABANAL,Por emisiones atmosféricas sin permiso o no cumplimiento con los términos del permiso,Sin definir,Sin definir,5.4251105,-73.5569701,Media,0.3111111111111111,0.35555555555555557,0.2666666666666667,0.2666666666666667,0.2666666666666667,0.4222222222222222,0.3111111111111111,0.13333333333333333
275776,Sancionatorio,Ubate,Cundinamarca,CUCUNUBA,LA LAGUNA,Por emisiones atmosféricas sin permiso o no cumplimiento con los términos del permiso,Sin definir,Sin definir,5.2316116,-73.7567465,Baja,0.3111111111111111,0.35555555555555557,0.2666666666666667,0.2666666666666667,0.2666666666666667,0.4222222222222222,0.3111111111111111,0.13333333333333333
276904,Sancionatorio,Sabana Centro,Cundinamarca,TABIO,RIO FRIO ORIENTAL,Por emisiones atmosféricas sin cumplir con los requisitos de ley,Sin definir,Sin definir,4.957045672237348,-74.06304520573721,Alta,0.3111111111111111,0.35555555555555557,0.2666666666666667,0.2666666666666667,0.2666666666666667,0.4222222222222222,0.3111111111111111,0.13333333333333333
277174,Sancionatorio,Soacha,Cundinamarca,SOACHA,PANAMÁ,Por emisiones atmosféricas sin permiso o no cumplimiento con los términos del permiso,Sin definir,Sin definir,4.564646606057875,-74.21081143845228,Media,0.3111111111111111,0.35555555555555557,0.2666666666666667,0.2666666666666667,0.2666666666666667,0.4222222222222222,0.3111111111111111,0.13333333333333333
277840,Sancionatorio,Ubate,Cundinamarca,SUTATAUSA,PEÑAS DE BOQUERÓN,Por emisiones atmosféricas sin cumplir con los requisitos de ley,Sin definir,Sin definir,5.237308956338843,-73.85467618611608,Baja,0.3111111111111111,0.35555555555555557,0.2666666666666667,0.2666666666666667,0.2666666666666667,0.4222222222222222,0.3111111111111111,0.13333333333333333
277840,Sancionatorio,Ubate,Cundinamarca,SUTATAUSA,PEÑAS DE BOQUERÓN,Por emisiones atmosféricas sin cumplir con los requisitos de ley,Sin definir,Sin definir,5.237753806472483,-73.85521825341078,Baja,0.3111111111111111,0.35555555555555557,0.2666666666666667,0.2666666666666667,0.2666666666666667,0.4222222222222222,0.3111111111111111,0.13333333333333333
277840,Sancionatorio,Ubate,Cundinamarca,SUTATAUSA,PEÑAS DE BOQUERÓN,Por emisiones atmosféricas sin cumplir con los requisitos de ley,Sin definir,Sin definir,5.23711675364447,-73.85494558684384,Baja,0.3111111111111111,0.35555555555555557,0.2666666666666667,0.2666666666666667,0.2666666666666667,0.4222222222222222,0.3111111111111111,0.13333333333333333
277968,Sancionatorio,Alto Magdalena,Cundinamarca,RICAURTE,AREA URBANA,Emitir por encima de los parámetros establecidos en la norma,Sin definir,Sin definir,4.278489030418242,-74.77158229854801,Alta,0.3111111111111111,0.35555555555555557,0.2666666666666667,0.2666666666666667,0.2666666666666667,0.4222222222222222,0.3111111111111111,0.13333333333333333
277970,Sancionatorio,Alto Magdalena,Cundinamarca,RICAURTE,AREA URBANA,Emitir por encima de los parámetros establecidos en la norma,Sin definir,Sin definir,4.279935809286241,-74.77161062362819,Alta,0.3111111111111111,0.35555555555555557,0.2666666666666667,0.2666666666666667,0.2666666666666667,0.4222222222222222,0.3111111111111111,0.13333333333333333
278282,Sancionatorio,Alto Magdalena,Cundinamarca,GIRARDOT,AREA URBANA,Emitir por encima de los parámetros establecidos en la norma,Sin definir,Sin definir,4.290784321339293,-74.80346207568493,Alta,0.3111111111111111,0.35555555555555557,0.2666666666666667,0.2666666666666667,0.2666666666666667,0.4222222222222222,0.3111111111111111,0.13333333333333333
278284,Sancionatorio,Alto Magdalena,Cundinamarca,GIRARDOT,AREA URBANA,Emitir por encima de los parámetros establecidos en la norma,Sin definir,Sin definir,4.290314850395054,-74.80268698663401,Alta,0.3111111111111111,0.35555555555555557,0.2666666666666667,0.2666666666666667,0.2666666666666667,0.4222222222222222,0.3111111111111111,0.13333333333333333
278408,Sancionatorio,Soacha,Cundinamarca,SOACHA,AREA URBANA,Por emisiones atmosféricas sin permiso o no cumplimiento con los términos del permiso,Sin definir,Sin definir,4.582315371927423,-74.21127210047752,Media,0.3111111111111111,0.35555555555555557,0.2666666666666667,0.2666666666666667,0.2666666666666667,0.4222222222222222,0.3111111111111111,0.13333333333333333
279376,Sancionatorio,Ubate,Cundinamarca,GUACHETA,SANTUARIO,Por emisiones atmosféricas sin cumplir con los requisitos de ley,Sin definir,Sin definir,5.3244472,-73.7416109,Baja,0.3111111111111111,0.35555555555555557,0.2666666666666667,0.2666666666666667,0.2666666666666667,0.4222222222222222,0.3111111111111111,0.13333333333333333
280458,Sancionatorio,Soacha,Cundinamarca,SOACHA,AREA URBANA,Por emisiones atmosféricas sin cumplir con los requisitos de ley,Sin definir,Sin definir,4.582052445369412,-74.21189576615454,Media,0.3111111111111111,0.35555555555555557,0.2666666666666667,0.2666666666666667,0.2666666666666667,0.4222222222222222,0.3111111111111111,0.13333333333333333
280976,Sancionatorio,Soacha,Cundinamarca,SOACHA,PANAMÁ,Por emisiones atmosféricas sin permiso o no cumplimiento con los términos del permiso,Sin definir,Sin definir,4.556102615733071,-74.24149786067338,Alta,0.3111111111111111,0.35555555555555557,0.2666666666666667,0.2666666666666667,0.2666666666666667,0.4222222222222222,0.3111111111111111,0.13333333333333333
281502,Sancionatorio,Sumapaz,Cundinamarca,GRANADA,CARRIZAL,Por emisiones atmosféricas sin cumplir con los requisitos de ley,Sin definir,Sin definir,4.5202808,-74.3520944,Baja,0.3111111111111111,0.35555555555555557,0.2666666666666667,0.2666666666666667,0.2666666666666667,0.4222222222222222,0.3111111111111111,0.13333333333333333
281670,Sancionatorio,Chiquinquira,Boyacá,RAQUIRA,RESGUARDO ORIENTE,Por emisiones atmosféricas sin permiso o no cumplimiento con los términos del permiso,Sin definir,Sin definir,5.542843115173715,-73.63319903209485,Alta,0.3111111111111111,0.35555555555555557,0.2666666666666667,0.2666666666666667,0.2666666666666667,0.4222222222222222,0.3111111111111111,0.13333333333333333
281696,Sancionatorio,Alto Magdalena,Cundinamarca,GIRARDOT,AREA URBANA,Emitir por encima de los parámetros establecidos en la norma,Sin definir,Sin definir,4.304986619930158,-74.80288887829062,Media,0.3111111111111111,0.35555555555555557,0.2666666666666667,0.2666666666666667,0.2666666666666667,0.4222222222222222,0.3111111111111111,0.13333333333333333
282068,Sancionatorio,Ubate,Cundinamarca,SIMIJACA,CENTRO,Por emisiones atmosféricas sin permiso o no cumplimiento con los términos del permiso,Sin definir,Sin definir,5.5029082,-73.8520601,Media,0.3111111111111111,0.35555555555555557,0.2666666666666667,0.2666666666666667,0.2666666666666667,0.4222222222222222,0.3111111111111111,0.13333333333333333
282348,Sancionatorio,Bogotá y Municipio de la Calera,Distrito Capital,CIUDAD BOLIVAR,MOCHUELO ALTO,Por emisiones atmosféricas sin cumplir con los requisitos de ley,Sin definir,Sin definir,4.4883574,-74.148341,Media,0.3111111111111111,0.35555555555555557,0.2666666666666667,0.2666666666666667,0.2666666666666667,0.4222222222222222,0.3111111111111111,0.13333333333333333
282350,Sancionatorio,Bogotá y Municipio de la Calera,Distrito Capital,CIUDAD BOLIVAR,MOCHUELO BAJO,Por emisiones atmosféricas sin cumplir con los requisitos de ley,Sin definir,Sin definir,4.507827894758729,-74.14885013583338,Media,0.3111111111111111,0.35555555555555557,0.2666666666666667,0.2666666666666667,0.2666666666666667,0.4222222222222222,0.3111111111111111,0.13333333333333333
282352,Sancionatorio,Bogotá y Municipio de la Calera,Distrito Capital,CIUDAD BOLIVAR,MOCHUELO BAJO,Por emisiones atmosféricas sin cumplir con los requisitos de ley,Sin definir,Sin definir,4.50749974024457,-74.14799746995423,Media,0.3111111111111111,0.35555555555555557,0.2666666666666667,0.2666666666666667,0.2666666666666667,0.4222222222222222,0.3111111111111111,0.13333333333333333
282354,Sancionatorio,Bogotá y Municipio de la Calera,Distrito Capital,CIUDAD BOLIVAR,MOCHUELO BAJO,Por emisiones atmosféricas sin cumplir con los requisitos de ley,Sin definir,Sin definir,4.507865854052346,-74.14837040288205,Media,0.3111111111111111,0.35555555555555557,0.2666666666666667,0.2666666666666667,0.2666666666666667,0.4222222222222222,0.3111111111111111,0.13333333333333333
282356,Sancionatorio,Bogotá y Municipio de la Calera,Distrito Capital,CIUDAD BOLIVAR,MOCHUELO BAJO,Por emisiones atmosféricas sin cumplir con los requisitos de ley,Sin definir,Sin definir,4.508072274557125,-74.14880505531025,Media,0.3111111111111111,0.35555555555555557,0.2666666666666667,0.2666666666666667,0.2666666666666667,0.4222222222222222,0.3111111111111111,0.13333333333333333
282358,Sancionatorio,Bogotá y Municipio de la Calera,Distrito Capital,CIUDAD BOLIVAR,MOCHUELO BAJO,Por emisiones atmosféricas sin cumplir con los requisitos de ley,Sin definir,Sin definir,4.507894489515933,-74.14774261447506,Media,0.3111111111111111,0.35555555555555557,0.2666666666666667,0.2666666666666667,0.2666666666666667,0.4222222222222222,0.3111111111111111,0.13333333333333333
282360,Sancionatorio,Bogotá y Municipio de la Calera,Distrito Capital,CIUDAD BOLIVAR,MOCHUELO BAJO,Por emisiones atmosféricas sin cumplir con los requisitos de ley,Sin definir,Sin definir,4.5088349037447335,-74.14794981434694,Media,0.3111111111111111,0.35555555555555557,0.2666666666666667,0.2666666666666667,0.2666666666666667,0.4222222222222222,0.3111111111111111,0.13333333333333333
282542,Sancionatorio,Bogotá y Municipio de la Calera,Distrito Capital,CIUDAD BOLIVAR,MOCHUELO BAJO,Por emisiones atmosféricas sin cumplir con los requisitos de ley,Sin definir,Sin definir,4.507604962135347,-74.14846212087019,Media,0.3111111111111111,0.35555555555555557,0.2666666666666667,0.2666666666666667,0.2666666666666667,0.4222222222222222,0.3111111111111111,0.13333333333333333
283436,Sancionatorio,Tequendama,Cundinamarca,TENA,PEÑA NEGRA,Por emisiones atmosféricas sin cumplir con los requisitos de ley,Sin definir,Sin definir,4.641435102732765,-74.41418638013744,Alta,0.3111111111111111,0.35555555555555557,0.2666666666666667,0.2666666666666667,0.2666666666666667,0.4222222222222222,0.3111111111111111,0.13333333333333333
283576,Sancionatorio,Alto Magdalena,Cundinamarca,TOCAIMA,MORRO AZUL,Por emisiones atmosféricas sin permiso o no cumplimiento con los términos del permiso,Sin definir,Sin definir,4.4579274,-74.6342234,Baja,0.3111111111111111,0.35555555555555557,0.2666666666666667,0.2666666666666667,0.2666666666666667,0.4222222222222222,0.3111111111111111,0.13333333333333333
284322,Sancionatorio,Chiquinquira,Boyacá,CHIQUINQUIRA,SUCRE ORIENTAL,Por emisiones atmosféricas sin permiso o no cumplimiento con los términos del permiso,Sin definir,Sin definir,5.558346040461315,-73.82330194303466,Alta,0.3111111111111111,0.35555555555555557,0.2666666666666667,0.2666666666666667,0.2666666666666667,0.4222222222222222,0.3111111111111111,0.13333333333333333
287776,Sancionatorio,Ubate,Cundinamarca,UBATE,AREA URBANA,Por emisiones atmosféricas sin cumplir con los requisitos de ley,Sin definir,Sin definir,5.297331888494278,-73.81623024196622,Alta,0.3111111111111111,0.35555555555555557,0.2666666666666667,0.2666666666666667,0.2666666666666667,0.4222222222222222,0.3111111111111111,0.13333333333333333
288962,Sancionatorio,Ubate,Cundinamarca,SUSA,LA GLORIETA,Por emisiones atmosféricas sin cumplir con los requisitos de ley,Sin definir,Sin definir,5.4387941,-73.839607,Baja,0.3111111111111111,0.35555555555555557,0.2666666666666667,0.2666666666666667,0.2666666666666667,0.4222222222222222,0.3111111111111111,0.13333333333333333
289234,Sancionatorio,Chiquinquira,Boyacá,RAQUIRA,RESGUARDO OCCIDENTE,Por emisiones atmosféricas sin permiso o no cumplimiento con los términos del permiso,Sin definir,Sin definir,5.497181245021091,-73.62579508377873,Baja,0.3111111111111111,0.35555555555555557,0.2666666666666667,0.2666666666666667,0.2666666666666667,0.4222222222222222,0.3111111111111111,0.13333333333333333
289754,Sancionatorio,Gualiva,Cundinamarca,VILLETA,AREA URBANA,Por emisiones atmosféricas sin cumplir con los requisitos de ley,Sin definir,Sin definir,5.0112575,-74.4702304,Media,0.3111111111111111,0.35555555555555557,0.2666666666666667,0.2666666666666667,0.2666666666666667,0.4222222222222222,0.3111111111111111,0.13333333333333333
290848,Sancionatorio,Ubate,Cundinamarca,TAUSA,RASGATÁ,Por emisiones atmosféricas sin permiso o no cumplimiento con los términos del permiso,Sin definir,Sin definir,5.186102066738321,-73.88370819024968,Alta,0.3111111111111111,0.35555555555555557,0.2666666666666667,0.2666666666666667,0.2666666666666667,0.4222222222222222,0.3111111111111111,0.13333333333333333
291446,Sancionatorio,Chiquinquira,Boyacá,RAQUIRA,AREA URBANA,Por emisiones atmosféricas sin cumplir con los requisitos de ley,Sin definir,Sin definir,5.4969333,-73.6252566,Media,0.3111111111111111,0.35555555555555557,0.2666666666666667,0.2666666666666667,0.2666666666666667,0.4222222222222222,0.3111111111111111,0.13333333333333333
291712,Sancionatorio,Sumapaz,Cundinamarca,ARBELAEZ,SAN ROQUE,Por emisiones atmosféricas sin cumplir con los requisitos de ley,Sin definir,Sin definir,4.274012700733305,-74.44618631544816,Alta,0.3111111111111111,0.35555555555555557,0.2666666666666667,0.2666666666666667,0.2666666666666667,0.4222222222222222,0.3111111111111111,0.13333333333333333
292030,Sancionatorio,Ubate,Cundinamarca,CUCUNUBA,PUEBLO VIEJO,Por emisiones atmosféricas sin permiso o no cumplimiento con los términos del permiso,Sin definir,Sin definir,5.228254326531621,-73.817855663854,Alta,0.3111111111111111,0.35555555555555557,0.2666666666666667,0.2666666666666667,0.2666666666666667,0.4222222222222222,0.3111111111111111,0.13333333333333333
292322,Sancionatorio,Alto Magdalena,Cundinamarca,GIRARDOT,AREA URBANA,Emitir por encima de los parámetros establecidos en la norma,Sin definir,Sin definir,4.304465366068222,-74.80265832228542,Media,0.3111111111111111,0.35555555555555557,0.2666666666666667,0.2666666666666667,0.2666666666666667,0.4222222222222222,0.3111111111111111,0.13333333333333333
292674,Sancionatorio,Bogotá y Municipio de la Calera,Distrito Capital,CIUDAD BOLIVAR,MOCHUELO BAJO,Por emisiones atmosféricas sin permiso o no cumplimiento con los términos del permiso,Sin definir,Sin definir,4.508092875857727,-74.14877976495977,Media,0.3111111111111111,0.35555555555555557,0.2666666666666667,0.2666666666666667,0.2666666666666667,0.4222222222222222,0.3111111111111111,0.13333333333333333
