{
"type": "FeatureCollection",
"name": "municipios_final",
"crs": { "type": "name", "properties": { "name": "urn:ogc:def:crs:OGC:1.3:CRS84" } },
"features": [
{ "type": "Feature", "properties": { "Código departamento": "15", "Departamento": "Boyacá", "Código municipio": "001", "Municipio": "TUNJA", "DIVIPOLA": "15001" }, "geometry": { "type": "Polygon", "coordinates": [ [ [ -73.34130976909276, 5.584035911790665 ], [ -73.33205975906445, 5.575941238396948 ], [ -73.327361341272294, 5.580288377812093 ], [ -73.321488319032113, 5.583286404994952 ], [ -73.306952588987627, 5.569645381312944 ], [ -73.304456554535548, 5.563349524228941 ], [ -73.30460338009155, 5.553306133166363 ], [ -73.308127193435666, 5.543262742103786 ], [ -73.319579586804039, 5.54341264346293 ], [ -73.320460540140076, 5.530221323858352 ], [ -73.323690702372176, 5.526024085802349 ], [ -73.334408967960528, 5.524075368133491 ], [ -73.340281990200722, 5.52662369123892 ], [ -73.343365326876821, 5.518529017845201 ], [ -73.35760740580929, 5.498142433001761 ], [ -73.352028034681112, 5.494694701741474 ], [ -73.349972476897037, 5.488548746016614 ], [ -73.35378994135317, 5.481653283496038 ], [ -73.361131219153407, 5.474158215538892 ], [ -73.365829636945563, 5.473408708743178 ], [ -73.373464565857816, 5.466813048940888 ], [ -73.3943137948105, 5.456619756519168 ], [ -73.40268285150276, 5.45467103885031 ], [ -73.415750325987204, 5.448525083125449 ], [ -73.430873358255695, 5.450773603512594 ], [ -73.437774159387914, 5.456170052441739 ], [ -73.447317820528227, 5.469061569328033 ], [ -73.437040031607893, 5.478955059031466 ], [ -73.432341613815737, 5.485850521552041 ], [ -73.420448743779346, 5.49394519494576 ], [ -73.416190802655208, 5.503838684649193 ], [ -73.407674920406933, 5.510434344451483 ], [ -73.412666989311091, 5.5153810893032 ], [ -73.415163023763171, 5.522426453182917 ], [ -73.425147161571502, 5.529771619780923 ], [ -73.422504301563421, 5.540114813561785 ], [ -73.426615417131558, 5.554505344039508 ], [ -73.422504301563421, 5.560801201123511 ], [ -73.411932861531071, 5.566947156848371 ], [ -73.40003999149468, 5.559452088891224 ], [ -73.391083632578386, 5.557353469863222 ], [ -73.384182831446168, 5.561400806560083 ], [ -73.378897111429993, 5.55825287801808 ], [ -73.361571695821425, 5.559002384813795 ], [ -73.356139150249248, 5.572643408495803 ], [ -73.345567710216898, 5.576840646551806 ], [ -73.34130976909276, 5.584035911790665 ] ] ] } },
{ "type": "Feature", "properties": { "Código departamento": "15", "Departamento": "Boyacá", "Código municipio": "022", "Municipio": "ALMEIDA", "DIVIPOLA": "15022" }, "geometry": { "type": "Polygon", "coordinates": [ [ [ -73.364508206941522, 5.014260845688356 ], [ -73.355992324693233, 5.003467947830063 ], [ -73.356139150249248, 4.994174063563201 ], [ -73.350119302453038, 4.982032053472623 ], [ -73.343071675764818, 4.976785505902622 ], [ -73.351293906901077, 4.969890043382045 ], [ -73.35378994135317, 4.961495567270041 ], [ -73.354524069133191, 4.950852570770892 ], [ -73.358341533589311, 4.944256910968604 ], [ -73.368178845841641, 4.940059672912601 ], [ -73.375520123641877, 4.928667169617737 ], [ -73.383448703666133, 4.925369339716593 ], [ -73.387266168122267, 4.920872298942304 ], [ -73.39680982926258, 4.921771707097162 ], [ -73.402389200390758, 4.918024173118588 ], [ -73.409143175966975, 4.905732261668867 ], [ -73.428964626027636, 4.904083346718296 ], [ -73.437480508275911, 4.906331867105439 ], [ -73.439242414947969, 4.907231275260297 ], [ -73.438214636055932, 4.918623778555161 ], [ -73.433075741595758, 4.929416676413452 ], [ -73.428377323803616, 4.934363421265169 ], [ -73.422944778231425, 4.944856516405175 ], [ -73.404591583730834, 4.957897934650611 ], [ -73.396516178150563, 4.972888070564905 ], [ -73.390936807022385, 4.98083284259948 ], [ -73.385944738118212, 4.997621794823488 ], [ -73.377428855869937, 5.008564594040924 ], [ -73.376988379201919, 5.015909760638928 ], [ -73.364508206941522, 5.014260845688356 ] ] ] } },
{ "type": "Feature", "properties": { "Código departamento": "15", "Departamento": "Boyacá", "Código municipio": "047", "Municipio": "AQUITANIA", "DIVIPOLA": "15047" }, "geometry": { "type": "Polygon", "coordinates": [ [ [ -72.713336866060175, 5.624958982836689 ], [ -72.708638448268019, 5.616264704006398 ], [ -72.712896389392156, 5.609369241485823 ], [ -72.719797190524389, 5.605621707507249 ], [ -72.730662281668742, 5.593179894698385 ], [ -72.731396409448763, 5.585085221304667 ], [ -72.738590861692998, 5.574442224805519 ], [ -72.744317058377192, 5.570544789467802 ], [ -72.745051186157212, 5.564698636461228 ], [ -72.725229736096566, 5.558552680736367 ], [ -72.714217819396211, 5.557653272581509 ], [ -72.705995588259938, 5.560201595686938 ], [ -72.699094787127706, 5.556454061708366 ], [ -72.689551125987393, 5.559601990250367 ], [ -72.683971754859215, 5.546260769286646 ], [ -72.668995548146725, 5.536517180942355 ], [ -72.662535223682511, 5.538765701329498 ], [ -72.656074899218297, 5.520627636873203 ], [ -72.656662201442316, 5.500390953388906 ], [ -72.675309047054924, 5.494544800382331 ], [ -72.682503499299173, 5.489448154171472 ], [ -72.678245558175021, 5.478955059031466 ], [ -72.666059037026628, 5.459018178265455 ], [ -72.652404260318178, 5.449274589921164 ], [ -72.667086815918665, 5.436083270316586 ], [ -72.668701897034708, 5.444028042351161 ], [ -72.679273337067059, 5.45107340623088 ], [ -72.69380906711153, 5.44088011380916 ], [ -72.703793204919862, 5.445077351865161 ], [ -72.708638448268019, 5.457369263314882 ], [ -72.707610669375981, 5.478955059031466 ], [ -72.713043214948172, 5.484201606601469 ], [ -72.727138468324625, 5.486749929706899 ], [ -72.728459898328666, 5.480154269904609 ], [ -72.737709908356976, 5.470410681560318 ], [ -72.750777382841406, 5.466813048940888 ], [ -72.758559137309661, 5.456619756519168 ], [ -72.773975820690168, 5.447475773611449 ], [ -72.785721865170544, 5.436083270316586 ], [ -72.798348862986956, 5.410749940621428 ], [ -72.797614735206935, 5.39605960742542 ], [ -72.805396489675189, 5.39396098839742 ], [ -72.814940150815502, 5.380769668792841 ], [ -72.812003639695405, 5.37822134568741 ], [ -72.821840951947735, 5.369527066857121 ], [ -72.841809227564383, 5.363531012491403 ], [ -72.846067168688521, 5.353487621428825 ], [ -72.855464004272832, 5.34194521677482 ], [ -72.866622746529202, 5.340596104542533 ], [ -72.866475920973187, 5.352588213273969 ], [ -72.882773557689731, 5.363231209773118 ], [ -72.886444196589849, 5.354237128224541 ], [ -72.880130697681636, 5.350639495605111 ], [ -72.889674358821949, 5.331002417557385 ], [ -72.88776562659389, 5.316162183002235 ], [ -72.892904521054064, 5.310915635432232 ], [ -72.899658496630281, 5.299373230778225 ], [ -72.900686275522318, 5.294126683208222 ], [ -72.892023567718027, 5.287081319328505 ], [ -72.891876742162026, 5.280785462244501 ], [ -72.895400555506143, 5.272390986132495 ], [ -72.897162462178201, 5.260099074682775 ], [ -72.910376762218633, 5.24555864284591 ], [ -72.918452167798904, 5.228319986544473 ], [ -72.922416457811025, 5.223673044411041 ], [ -72.923297411147061, 5.215278568299037 ], [ -72.928876782275239, 5.207483697623604 ], [ -72.937392664523514, 5.204185867722459 ], [ -72.935630757851456, 5.213329850630179 ], [ -72.945027593435768, 5.210181922088176 ], [ -72.950166487895942, 5.213329850630179 ], [ -72.957948242364196, 5.209882119369891 ], [ -72.970281589068591, 5.201937347335314 ], [ -72.975420483528765, 5.196690799765313 ], [ -72.982321284660998, 5.19609119432874 ], [ -72.993333201361352, 5.208682908496747 ], [ -73.0100713147459, 5.214529061503321 ], [ -73.005666548065761, 5.226820972953043 ], [ -72.995241933589412, 5.24555864284591 ], [ -72.997297491373487, 5.258300258373059 ], [ -73.011245919193939, 5.262197693710776 ], [ -73.02313878923033, 5.278387040498214 ], [ -73.028571334802507, 5.287980727483363 ], [ -73.027984032578487, 5.299972836214796 ], [ -73.04002372817088, 5.308517213685945 ], [ -73.041638809286937, 5.312414649023661 ], [ -73.046043575967076, 5.320359421058236 ], [ -73.040611030394899, 5.325755869987382 ], [ -73.044868971519037, 5.34089590726082 ], [ -73.046484052635094, 5.353787424147112 ], [ -73.043107064846978, 5.360083281231115 ], [ -73.033857054818682, 5.370876179089406 ], [ -73.030186415918564, 5.371026080448551 ], [ -73.016237988098098, 5.384667104130558 ], [ -73.009924489189899, 5.386465920440272 ], [ -73.009043535853863, 5.399357437326565 ], [ -73.002436385833647, 5.414797277318288 ], [ -72.995829235813432, 5.419144416733434 ], [ -72.992011771357312, 5.429187807796009 ], [ -72.992011771357312, 5.434734158084299 ], [ -72.986579225785135, 5.441929423323161 ], [ -72.992011771357312, 5.45826867146974 ], [ -72.985845098005115, 5.466513246222601 ], [ -72.967345077948494, 5.472809103306605 ], [ -72.961912532376317, 5.487499436502614 ], [ -72.955305382356102, 5.499041841156619 ], [ -72.942237907871686, 5.512233160761197 ], [ -72.923737887815065, 5.537566490456356 ], [ -72.920801376694982, 5.553755837243792 ], [ -72.92579344559914, 5.567246959566657 ], [ -72.902301356638361, 5.579838673734664 ], [ -72.898483892182242, 5.585834728100381 ], [ -72.9002457988543, 5.598726244986675 ], [ -72.895547381062144, 5.613716380900969 ], [ -72.892757695498062, 5.614016183619253 ], [ -72.882773557689731, 5.606521115662107 ], [ -72.873376722105419, 5.605022102070678 ], [ -72.860456073177005, 5.60007535721896 ], [ -72.847388598692575, 5.600225258578104 ], [ -72.843571134236441, 5.596177921881243 ], [ -72.836229856436205, 5.595878119162959 ], [ -72.811709988583402, 5.584935319945523 ], [ -72.807158396347248, 5.5939294014941 ], [ -72.797027432982915, 5.609219340126679 ], [ -72.788658376290641, 5.627957010019547 ], [ -72.777646459590287, 5.639499414673554 ], [ -72.77089248401407, 5.643546751370413 ], [ -72.763110729545815, 5.644596060884413 ], [ -72.761789299541761, 5.63830020380041 ], [ -72.753126591737484, 5.637850499722981 ], [ -72.751951987289445, 5.630805135843263 ], [ -72.745932139493249, 5.62660789778726 ], [ -72.747253569497289, 5.617463914879541 ], [ -72.740059117253054, 5.608919537408394 ], [ -72.732864665008819, 5.615665098569827 ], [ -72.713336866060175, 5.624958982836689 ] ] ] } },
{ "type": "Feature", "properties": { "Código departamento": "15", "Departamento": "Boyacá", "Código municipio": "051", "Municipio": "ARCABUCO", "DIVIPOLA": "15051" }, "geometry": { "type": "Polygon", "coordinates": [ [ [ -73.471544037269027, 5.821629566032224 ], [ -73.473452769497086, 5.81683272253965 ], [ -73.459651167232636, 5.81323508992022 ], [ -73.449813854980306, 5.803941205653357 ], [ -73.439242414947969, 5.800343573033927 ], [ -73.431460660479715, 5.792998406435923 ], [ -73.431901137147719, 5.783554620809917 ], [ -73.427349544911579, 5.775160144697913 ], [ -73.431754311591718, 5.771412610719339 ], [ -73.427055893799562, 5.765716359071908 ], [ -73.417659058215264, 5.768714386254767 ], [ -73.40987730374701, 5.762268627811621 ], [ -73.39813125926662, 5.758970797910476 ], [ -73.390496330354367, 5.751026025875899 ], [ -73.381686796994074, 5.760469811501905 ], [ -73.379778064766015, 5.746079281024183 ], [ -73.374492344749839, 5.743231155200466 ], [ -73.378309809205973, 5.7255427948216 ], [ -73.375960600309895, 5.72044614861074 ], [ -73.367738369173622, 5.714899798322452 ], [ -73.365095509165542, 5.703657196386732 ], [ -73.355992324693233, 5.70410690046416 ], [ -73.350412953565055, 5.697211437943586 ], [ -73.347916919112976, 5.685069427853008 ], [ -73.343952629100841, 5.675775543586144 ], [ -73.347329616888956, 5.670379094656998 ], [ -73.363186776937468, 5.664532941650424 ], [ -73.369500275845681, 5.668580278347284 ], [ -73.38183362255009, 5.672627615044143 ], [ -73.383595529222148, 5.687617750958437 ], [ -73.385944738118212, 5.693463903965012 ], [ -73.397690782598602, 5.702607886872731 ], [ -73.400774119274701, 5.714450094245023 ], [ -73.411051908195049, 5.712351475217022 ], [ -73.415163023763171, 5.707254829006161 ], [ -73.423385254899443, 5.70770453308359 ], [ -73.42940510269564, 5.704556604541589 ], [ -73.442032100512051, 5.713400784731022 ], [ -73.449960680536321, 5.72044614861074 ], [ -73.45172258720838, 5.7255427948216 ], [ -73.460385295012657, 5.726891907053887 ], [ -73.466551968364854, 5.721345556765598 ], [ -73.476536106173185, 5.71684851599131 ], [ -73.477710710621224, 5.722544767638742 ], [ -73.487401197317553, 5.722844570357027 ], [ -73.503405182922066, 5.716398811913881 ], [ -73.5072226473782, 5.724793288025885 ], [ -73.500762322913985, 5.731988553264746 ], [ -73.496063905121829, 5.743680859277895 ], [ -73.499294067353929, 5.74952701228447 ], [ -73.507663124046204, 5.753274546263044 ], [ -73.508837728494242, 5.757321882959903 ], [ -73.503258357366065, 5.76526665499448 ], [ -73.500321846245967, 5.778907678676487 ], [ -73.500028195133964, 5.786402746633633 ], [ -73.495623428453811, 5.790300181971349 ], [ -73.486520243981516, 5.803341600216785 ], [ -73.497091684013867, 5.812035879047076 ], [ -73.498266288461906, 5.816532919821364 ], [ -73.513976622954416, 5.831523055735658 ], [ -73.506341694042163, 5.836469800587374 ], [ -73.513095669618394, 5.845463882135951 ], [ -73.500321846245967, 5.843665065826236 ], [ -73.491365487329674, 5.836319899228232 ], [ -73.492980568445731, 5.831073351658229 ], [ -73.477123408397205, 5.82807532447537 ], [ -73.471544037269027, 5.821629566032224 ] ] ] } },
{ "type": "Feature", "properties": { "Código departamento": "15", "Departamento": "Boyacá", "Código municipio": "087", "Municipio": "BELÉN", "DIVIPOLA": "15087" }, "geometry": { "type": "Polygon", "coordinates": [ [ [ -72.812444116363423, 6.023246894079477 ], [ -72.806424268567227, 6.017850445150331 ], [ -72.798055211874953, 6.016951036995473 ], [ -72.791448061854737, 6.006607843214611 ], [ -72.796440130758896, 5.994915537201462 ], [ -72.809801256355343, 5.986371159730314 ], [ -72.813325069699459, 5.979775499928025 ], [ -72.818317138603618, 5.977976683618309 ], [ -72.828301276411949, 5.974528952358022 ], [ -72.834027473096128, 5.963286350422302 ], [ -72.840781448672345, 5.957889901493155 ], [ -72.850471935368674, 5.955791282465154 ], [ -72.853848923156775, 5.94844611586715 ], [ -72.86823782764526, 5.940201541114289 ], [ -72.877487837673556, 5.947996411789721 ], [ -72.88262673213373, 5.939901738396002 ], [ -72.891876742162026, 5.935854401699143 ], [ -72.894079125502103, 5.939002330241146 ], [ -72.914194226674766, 5.94484848324772 ], [ -72.916396610014829, 5.955491479746869 ], [ -72.933428374511394, 5.969132503428876 ], [ -72.930932340059314, 5.971381023816019 ], [ -72.947376802331846, 5.981874118956026 ], [ -72.952222045680003, 5.993566424969175 ], [ -72.965729996832451, 6.007507251369469 ], [ -72.969987937956589, 6.019499360100903 ], [ -72.962206183488334, 6.028343540290337 ], [ -72.958976021256234, 6.0386867340712 ], [ -72.960150625704273, 6.04333367620463 ], [ -72.95324982457204, 6.049479631929491 ], [ -72.954864905688098, 6.054876080858636 ], [ -72.953983952352061, 6.065069373280356 ], [ -72.947376802331846, 6.070765624927788 ], [ -72.94458711676775, 6.076461876575221 ], [ -72.935777583407472, 6.078710396962363 ], [ -72.931372816727318, 6.085455958123796 ], [ -72.922710108923042, 6.088004281229225 ], [ -72.923444236703062, 6.098347475010089 ], [ -72.916983912238848, 6.086055563560367 ], [ -72.917571214462868, 6.080209410553793 ], [ -72.905825169982478, 6.065069373280356 ], [ -72.896281508842179, 6.056824798527495 ], [ -72.894666427726122, 6.052177856394064 ], [ -72.87088068765334, 6.039286339507771 ], [ -72.86897195542528, 6.031041764754909 ], [ -72.870440210985322, 6.023246894079477 ], [ -72.862071154293048, 6.013053601657757 ], [ -72.845626692020517, 6.008556560883469 ], [ -72.838432239776282, 6.014852417967472 ], [ -72.833293345316108, 6.010805081270612 ], [ -72.822134603059737, 6.013053601657757 ], [ -72.816261580819543, 6.016951036995473 ], [ -72.812444116363423, 6.023246894079477 ] ] ] } },
{ "type": "Feature", "properties": { "Código departamento": "15", "Departamento": "Boyacá", "Código municipio": "090", "Municipio": "BERBEO", "DIVIPOLA": "15090" }, "geometry": { "type": "Polygon", "coordinates": [ [ [ -73.072472176047938, 5.168959048323868 ], [ -73.073353129383975, 5.165961021141009 ], [ -73.083190441636305, 5.159964966775292 ], [ -73.089063463876485, 5.160714473571006 ], [ -73.098607125016798, 5.172406779584155 ], [ -73.10477379836901, 5.185148395111306 ], [ -73.102865066140936, 5.190694745399594 ], [ -73.108884913937146, 5.198039911997598 ], [ -73.118722226189462, 5.202986656849315 ], [ -73.123126992869601, 5.207633598982746 ], [ -73.129293666221812, 5.208832809855891 ], [ -73.148234162946423, 5.229069493340186 ], [ -73.145444477382341, 5.235815054501619 ], [ -73.136488118466048, 5.246158248282481 ], [ -73.126650806213718, 5.253953118957914 ], [ -73.124007946205637, 5.261148384196775 ], [ -73.116519842849385, 5.270592169822781 ], [ -73.111234122833224, 5.27104187390021 ], [ -73.107857135045109, 5.27718782962507 ], [ -73.094789660560679, 5.284982700300502 ], [ -73.081722186076249, 5.290079346511363 ], [ -73.063956293799663, 5.300572441651368 ], [ -73.067333281587779, 5.27104187390021 ], [ -73.073499954939976, 5.25979927196449 ], [ -73.083337267192306, 5.255152329831058 ], [ -73.086420603868405, 5.250655289056771 ], [ -73.101690461692897, 5.240162193916764 ], [ -73.100956333912876, 5.233116830037047 ], [ -73.105654751705032, 5.222923537615327 ], [ -73.101690461692897, 5.209882119369891 ], [ -73.089210289432501, 5.202387051412743 ], [ -73.080400756072208, 5.201487643257885 ], [ -73.07805154717613, 5.196241095687884 ], [ -73.072619001603954, 5.196390997047026 ], [ -73.069682490483856, 5.187396915498449 ], [ -73.066452328251756, 5.185748000547878 ], [ -73.072472176047938, 5.168959048323868 ] ] ] } },
{ "type": "Feature", "properties": { "Código departamento": "15", "Departamento": "Boyacá", "Código municipio": "092", "Municipio": "BETÉITIVA", "DIVIPOLA": "15092" }, "geometry": { "type": "Polygon", "coordinates": [ [ [ -72.779261540706329, 5.954442170232867 ], [ -72.783079005162463, 5.953242959359724 ], [ -72.789686155182679, 5.942000357424004 ], [ -72.793209968526796, 5.931057558206569 ], [ -72.80157902521907, 5.92955854461514 ], [ -72.796146479646893, 5.919814956270849 ], [ -72.797614735206935, 5.906923439384555 ], [ -72.801872676331072, 5.899278470068267 ], [ -72.816114755263541, 5.892383007547692 ], [ -72.826539369739891, 5.878891885224827 ], [ -72.836817158660224, 5.875144351246253 ], [ -72.842249704232401, 5.878741983865683 ], [ -72.851059237592693, 5.87649346347854 ], [ -72.857519562056893, 5.866150269697678 ], [ -72.865448142081163, 5.868248888725678 ], [ -72.872495768769397, 5.874694647168824 ], [ -72.872055292101379, 5.883538827358257 ], [ -72.877487837673556, 5.886087150463688 ], [ -72.893932299946101, 5.887136459977689 ], [ -72.897602938846219, 5.893732119779977 ], [ -72.903769612198417, 5.899278470068267 ], [ -72.907146599986532, 5.906173932588842 ], [ -72.906118821094495, 5.912919493750274 ], [ -72.909202157770594, 5.916517126369704 ], [ -72.917571214462868, 5.918016139961133 ], [ -72.925206143375121, 5.928509235101139 ], [ -72.914194226674766, 5.94484848324772 ], [ -72.894079125502103, 5.939002330241146 ], [ -72.891876742162026, 5.935854401699143 ], [ -72.88262673213373, 5.939901738396002 ], [ -72.877487837673556, 5.947996411789721 ], [ -72.86823782764526, 5.940201541114289 ], [ -72.853848923156775, 5.94844611586715 ], [ -72.850471935368674, 5.955791282465154 ], [ -72.840781448672345, 5.957889901493155 ], [ -72.834027473096128, 5.963286350422302 ], [ -72.828301276411949, 5.974528952358022 ], [ -72.818317138603618, 5.977976683618309 ], [ -72.81538062748352, 5.965384969450302 ], [ -72.794531398530836, 5.964185758577158 ], [ -72.779261540706329, 5.954442170232867 ] ] ] } },
{ "type": "Feature", "properties": { "Código departamento": "15", "Departamento": "Boyacá", "Código municipio": "097", "Municipio": "BOAVITA", "DIVIPOLA": "15097" }, "geometry": { "type": "Polygon", "coordinates": [ [ [ -72.649027272530063, 6.436375039877416 ], [ -72.631114554697476, 6.438323757546274 ], [ -72.623479625785237, 6.440722179292561 ], [ -72.625682009125299, 6.423183720272838 ], [ -72.622305021337198, 6.413889836005976 ], [ -72.609090721296752, 6.408643288435973 ], [ -72.602630396832552, 6.410891808823117 ], [ -72.597197851260376, 6.392453941648536 ], [ -72.59705102570436, 6.379262622043956 ], [ -72.5919121312442, 6.373266567678239 ], [ -72.587947841232065, 6.360674853510232 ], [ -72.576789098975695, 6.353779390989657 ], [ -72.575761320083672, 6.350631462447654 ], [ -72.576495447863692, 6.347333632546511 ], [ -72.570181948955479, 6.338039748279649 ], [ -72.564602577827301, 6.325298132752498 ], [ -72.570035123399478, 6.316304051203923 ], [ -72.570916076735514, 6.309858292760775 ], [ -72.576348622307691, 6.310457898197348 ], [ -72.587801015676064, 6.3040121397542 ], [ -72.582955772327907, 6.298165986747626 ], [ -72.585451806779986, 6.291420425586195 ], [ -72.579725610095792, 6.278828711418188 ], [ -72.587360539008046, 6.266087095891037 ], [ -72.598225630152399, 6.272982558411614 ], [ -72.602336745720535, 6.271483544820183 ], [ -72.607328814624708, 6.260540745602749 ], [ -72.610705802412809, 6.247499327357313 ], [ -72.621570893557163, 6.2244145180493 ], [ -72.635519321377629, 6.219917477275012 ], [ -72.641539169173825, 6.239404653963594 ], [ -72.642713773621864, 6.251096959976743 ], [ -72.639777262501767, 6.274781374721328 ], [ -72.641245518061808, 6.279128514136473 ], [ -72.642713773621864, 6.287373088889335 ], [ -72.646678063633999, 6.293968748691625 ], [ -72.644035203625904, 6.305061449268202 ], [ -72.644622505849924, 6.312856319943635 ], [ -72.649174098086078, 6.320201486541639 ], [ -72.651816958094159, 6.329195568090214 ], [ -72.652110609206176, 6.341637380899079 ], [ -72.657102678110334, 6.358726135841374 ], [ -72.655047120326259, 6.377913509811671 ], [ -72.654312992546238, 6.38510877505053 ], [ -72.658277282558373, 6.403246839506827 ], [ -72.658130457002372, 6.412990427851118 ], [ -72.664443955910571, 6.425582142019125 ], [ -72.665765385914611, 6.433826716771986 ], [ -72.660626491454451, 6.443270502397991 ], [ -72.655340771438276, 6.442071291524848 ], [ -72.649027272530063, 6.436375039877416 ] ] ] } },
{ "type": "Feature", "properties": { "Código departamento": "15", "Departamento": "Boyacá", "Código municipio": "104", "Municipio": "BOYACÁ", "DIVIPOLA": "15104" }, "geometry": { "type": "Polygon", "coordinates": [ [ [ -73.334555793516529, 5.441329817886587 ], [ -73.348944698005013, 5.43068682138744 ], [ -73.352028034681112, 5.43218583497887 ], [ -73.355111371357211, 5.427089188768009 ], [ -73.364655032497524, 5.419444219451719 ], [ -73.36744471806162, 5.414947178677431 ], [ -73.384329657002169, 5.404603984896569 ], [ -73.388440772570306, 5.419144416733434 ], [ -73.398278084822621, 5.420793331684005 ], [ -73.40987730374701, 5.417045797705431 ], [ -73.415897151543206, 5.417195699064576 ], [ -73.426321766019541, 5.408351518875141 ], [ -73.432341613815737, 5.409700631107428 ], [ -73.435865427159854, 5.415097080036573 ], [ -73.440857496064012, 5.415097080036573 ], [ -73.433369392707775, 5.424390964303437 ], [ -73.425293987127503, 5.437432382548871 ], [ -73.417512232659249, 5.441479719245732 ], [ -73.415750325987204, 5.448525083125449 ], [ -73.40268285150276, 5.45467103885031 ], [ -73.3943137948105, 5.456619756519168 ], [ -73.373464565857816, 5.466813048940888 ], [ -73.365829636945563, 5.473408708743178 ], [ -73.361131219153407, 5.474158215538892 ], [ -73.350853430233073, 5.475807130489463 ], [ -73.337785955748643, 5.467112851659174 ], [ -73.338520083528664, 5.45362172933631 ], [ -73.334555793516529, 5.441329817886587 ] ] ] } },
{ "type": "Feature", "properties": { "Código departamento": "15", "Departamento": "Boyacá", "Código municipio": "106", "Municipio": "BRICEÑO", "DIVIPOLA": "15106" }, "geometry": { "type": "Polygon", "coordinates": [ [ [ -73.880159559630414, 5.707554631724448 ], [ -73.883389721862528, 5.694663114838154 ], [ -73.886326232982626, 5.690016172704724 ], [ -73.890877825218766, 5.678323866691575 ], [ -73.899687358579058, 5.677124655818431 ], [ -73.901449265251117, 5.671278502811856 ], [ -73.895282591898919, 5.664982645727853 ], [ -73.895135766342904, 5.658536887284707 ], [ -73.883683372974531, 5.645045764961842 ], [ -73.875314316282257, 5.645045764961842 ], [ -73.871643677382139, 5.650742016609274 ], [ -73.863568271801867, 5.652840635637275 ], [ -73.856961121781652, 5.651791326123274 ], [ -73.864449225137903, 5.637700598363838 ], [ -73.877663525178335, 5.636051683413267 ], [ -73.88162781519047, 5.631704543998121 ], [ -73.897778626350998, 5.619562533907543 ], [ -73.901449265251117, 5.621361350217257 ], [ -73.904532601927215, 5.629605924970119 ], [ -73.922445319759802, 5.639049710596125 ], [ -73.931401678676096, 5.62810691137869 ], [ -73.936393747580254, 5.632454050793835 ], [ -73.943881850936506, 5.646244975834986 ], [ -73.941385816484427, 5.659586196798707 ], [ -73.946084234276583, 5.668880081065569 ], [ -73.944028676492508, 5.672927417762428 ], [ -73.949754873176701, 5.687018145521866 ], [ -73.945643757608565, 5.693613805324154 ], [ -73.939917560924371, 5.688966863190724 ], [ -73.933457236460157, 5.702607886872731 ], [ -73.926262784215922, 5.712051672498736 ], [ -73.919068331971687, 5.709653250752448 ], [ -73.913488960843509, 5.712801179294451 ], [ -73.907909589715331, 5.7234441757936 ], [ -73.908203240827334, 5.729889934236746 ], [ -73.899834184135059, 5.737534903553036 ], [ -73.890143697438745, 5.737385002193892 ], [ -73.884123849642549, 5.722844570357027 ], [ -73.877223048510317, 5.722994471716171 ], [ -73.882508768526492, 5.711152264343878 ], [ -73.880159559630414, 5.707554631724448 ] ] ] } },
{ "type": "Feature", "properties": { "Código departamento": "15", "Departamento": "Boyacá", "Código municipio": "109", "Municipio": "BUENAVISTA", "DIVIPOLA": "15109" }, "geometry": { "type": "Polygon", "coordinates": [ [ [ -73.910699275279413, 5.523775565415204 ], [ -73.909818321943391, 5.511033949888055 ], [ -73.906294508599274, 5.506986613191196 ], [ -73.909524670831374, 5.500241052029764 ], [ -73.904826253039232, 5.492596082713473 ], [ -73.904385776371214, 5.482252888932611 ], [ -73.901596090807118, 5.475357426412036 ], [ -73.902036567475136, 5.467112851659174 ], [ -73.905413555263237, 5.445976760020019 ], [ -73.912461181951471, 5.43218583497887 ], [ -73.9253818308799, 5.439980705654302 ], [ -73.942119944264448, 5.434134552647728 ], [ -73.947112013168606, 5.42409116158515 ], [ -73.952985035408801, 5.429487610514296 ], [ -73.95548106986088, 5.439081297499444 ], [ -73.950342175400721, 5.449574392639449 ], [ -73.961647743213092, 5.454970841568596 ], [ -73.969282672125331, 5.455570447005168 ], [ -73.981028716605721, 5.451523110308307 ], [ -73.989397773297995, 5.45826867146974 ], [ -73.999088259994309, 5.463065514962314 ], [ -74.009366048914657, 5.465164133990316 ], [ -74.019203361166973, 5.472359399229176 ], [ -74.014798594486834, 5.477605946799179 ], [ -74.008044618910603, 5.497692728924334 ], [ -74.001143817778384, 5.503988586008336 ], [ -73.999969213330345, 5.508635528141768 ], [ -73.993949365534149, 5.513132568916055 ], [ -73.990278726634031, 5.525124677647491 ], [ -73.973393787693468, 5.529921521140065 ], [ -73.970897753241388, 5.526773592598063 ], [ -73.962822347661131, 5.540264714920927 ], [ -73.946671536500602, 5.540114813561785 ], [ -73.930814376452076, 5.54596096656836 ], [ -73.920242936419726, 5.543262742103786 ], [ -73.916719123075609, 5.548809092392076 ], [ -73.911286577503432, 5.549858401906076 ], [ -73.909231019719371, 5.545511262490931 ], [ -73.911139751947431, 5.536067476864926 ], [ -73.907469113047313, 5.531120732013208 ], [ -73.910699275279413, 5.523775565415204 ] ] ] } },
{ "type": "Feature", "properties": { "Código departamento": "15", "Departamento": "Boyacá", "Código municipio": "114", "Municipio": "BUSBANZÁ", "DIVIPOLA": "15114" }, "geometry": { "type": "Polygon", "coordinates": [ [ [ -72.857519562056893, 5.866150269697678 ], [ -72.850912412036678, 5.857156188149101 ], [ -72.850912412036678, 5.852509246015669 ], [ -72.858106864280927, 5.836469800587374 ], [ -72.858694166504932, 5.826276508165654 ], [ -72.867356874309223, 5.816682821180508 ], [ -72.876606884337519, 5.81578341302565 ], [ -72.886737847701852, 5.817582229335364 ], [ -72.896281508842179, 5.812035879047076 ], [ -72.895841032174161, 5.82342838234194 ], [ -72.899218019962262, 5.836769603305661 ], [ -72.893344997722068, 5.845763684854238 ], [ -72.894813253282123, 5.854158160966242 ], [ -72.891142614382005, 5.866450072415963 ], [ -72.872495768769397, 5.874694647168824 ], [ -72.865448142081163, 5.868248888725678 ], [ -72.857519562056893, 5.866150269697678 ] ] ] } },
{ "type": "Feature", "properties": { "Código departamento": "15", "Departamento": "Boyacá", "Código municipio": "131", "Municipio": "CALDAS", "DIVIPOLA": "15131" }, "geometry": { "type": "Polygon", "coordinates": [ [ [ -73.864449225137903, 5.637700598363838 ], [ -73.864596050693905, 5.632903754871264 ], [ -73.851528576209475, 5.623010265167831 ], [ -73.855199215109593, 5.603523088479249 ], [ -73.846096030637298, 5.600525061296389 ], [ -73.844627775077257, 5.596327823240387 ], [ -73.848298413977375, 5.587783445769239 ], [ -73.843159519517201, 5.581487588685236 ], [ -73.842719042849183, 5.566497452770942 ], [ -73.847564286197354, 5.55570455491265 ], [ -73.847857937309357, 5.545661163850073 ], [ -73.857548424005671, 5.531120732013208 ], [ -73.868853991818042, 5.532469844245495 ], [ -73.875020665170254, 5.526173987161491 ], [ -73.884564326310567, 5.522576354542061 ], [ -73.890584174106763, 5.512682864838626 ], [ -73.897925451907, 5.523475762696919 ], [ -73.897631800794983, 5.528422507548636 ], [ -73.904973078595233, 5.529321915703494 ], [ -73.910699275279413, 5.523775565415204 ], [ -73.907469113047313, 5.531120732013208 ], [ -73.911139751947431, 5.536067476864926 ], [ -73.909231019719371, 5.545511262490931 ], [ -73.911286577503432, 5.549858401906076 ], [ -73.913048484175491, 5.555854456271793 ], [ -73.923326273095824, 5.562600017433225 ], [ -73.925822307547918, 5.57399252072809 ], [ -73.918921506415685, 5.580887983248664 ], [ -73.903504823035178, 5.605771608866392 ], [ -73.897778626350998, 5.619562533907543 ], [ -73.88162781519047, 5.631704543998121 ], [ -73.877663525178335, 5.636051683413267 ], [ -73.864449225137903, 5.637700598363838 ] ] ] } },
{ "type": "Feature", "properties": { "Código departamento": "15", "Departamento": "Boyacá", "Código municipio": "135", "Municipio": "CAMPOHERMOSO", "DIVIPOLA": "15135" }, "geometry": { "type": "Polygon", "coordinates": [ [ [ -73.02886498591451, 4.9920754445352 ], [ -73.03488483371072, 4.988477811915771 ], [ -73.05059516820323, 4.9910261350212 ], [ -73.056468190443425, 4.997471893464346 ], [ -73.061460259347584, 4.988178009197484 ], [ -73.070857094931895, 4.980083335803765 ], [ -73.076583291616075, 4.978884124930622 ], [ -73.07996027940419, 4.972288465128332 ], [ -73.091265847216562, 4.966742114840044 ], [ -73.10668253059707, 4.955799315622609 ], [ -73.112261901725248, 4.954899907467751 ], [ -73.116079366181381, 4.946355529996604 ], [ -73.124595248429657, 4.937811152525456 ], [ -73.13223017734191, 4.934063618546884 ], [ -73.141186536258203, 4.92267111525202 ], [ -73.142507966262244, 4.915775652731445 ], [ -73.151611150734539, 4.914126737780872 ], [ -73.162476241878892, 4.907381176619441 ], [ -73.170551647459163, 4.896138574683719 ], [ -73.174515937471284, 4.896138574683719 ], [ -73.186261981951674, 4.902584333126867 ], [ -73.191988178635867, 4.910079401084013 ], [ -73.198301677544066, 4.913077428266871 ], [ -73.203000095336222, 4.909030091570012 ], [ -73.211809628696514, 4.906631669823725 ], [ -73.218269953160728, 4.914726343217445 ], [ -73.21650804648867, 4.927018254667165 ], [ -73.210488198692474, 4.931665196800597 ], [ -73.212690582032536, 4.942158291940602 ], [ -73.210781849804476, 4.947254938151462 ], [ -73.216948523156674, 4.951901880284892 ], [ -73.222968370952884, 4.973037971924048 ], [ -73.219150906496751, 4.988327910556626 ], [ -73.212250105364532, 4.995523175795488 ], [ -73.212837407588552, 5.005116862780636 ], [ -73.21592074426465, 5.009464002195782 ], [ -73.215627093152634, 5.017858478307786 ], [ -73.222087417616848, 5.01905768918093 ], [ -73.223262022064887, 5.024753940828361 ], [ -73.2295755209731, 5.031649403348937 ], [ -73.226492184297001, 5.037945260432941 ], [ -73.229869172085102, 5.041692794411513 ], [ -73.227960439857043, 5.049337763727803 ], [ -73.234861240989261, 5.062828886050668 ], [ -73.24205569323351, 5.064028096923811 ], [ -73.24851601769771, 5.068974841775527 ], [ -73.244258076573573, 5.07212277031753 ], [ -73.228841393193065, 5.077519219246676 ], [ -73.22164694094883, 5.072572474394959 ], [ -73.205936606456319, 5.069874249930385 ], [ -73.192575480859887, 5.063278590128097 ], [ -73.175103239695304, 5.066876222747527 ], [ -73.167615136339066, 5.074071487986388 ], [ -73.153519882962598, 5.07467109342296 ], [ -73.141773838482223, 5.082765766816679 ], [ -73.118575400633461, 5.102103042146118 ], [ -73.112702378393266, 5.111846630490409 ], [ -73.100956333912876, 5.101053732632118 ], [ -73.085392824976367, 5.100604028554689 ], [ -73.071297571599914, 5.096256889139544 ], [ -73.06748010714378, 5.082465964098392 ], [ -73.071297571599914, 5.078718430119818 ], [ -73.074674559388015, 5.068824940416385 ], [ -73.072472176047938, 5.066276617310955 ], [ -73.08054758162821, 5.048888059650374 ], [ -73.087154731648425, 5.042892005284657 ], [ -73.078345198288133, 5.033748022376938 ], [ -73.069682490483856, 5.031499501989793 ], [ -73.063075340463641, 5.024004434032647 ], [ -73.063075340463641, 5.018158281026072 ], [ -73.055440411551388, 5.01501035248407 ], [ -73.047218180415115, 5.02010699869493 ], [ -73.042372937066958, 5.019957097335786 ], [ -73.035178484822723, 5.024454138110076 ], [ -73.027249904798467, 5.025053743546647 ], [ -73.027690381466471, 5.005116862780636 ], [ -73.026075300350428, 4.997771696182633 ], [ -73.02886498591451, 4.9920754445352 ] ] ] } },
{ "type": "Feature", "properties": { "Código departamento": "15", "Departamento": "Boyacá", "Código municipio": "162", "Municipio": "CERINZA", "DIVIPOLA": "15162" }, "geometry": { "type": "Polygon", "coordinates": [ [ [ -72.914194226674766, 5.94484848324772 ], [ -72.925206143375121, 5.928509235101139 ], [ -72.9277021778272, 5.924461898404281 ], [ -72.932987897843375, 5.922663082094565 ], [ -72.937686315635531, 5.928509235101139 ], [ -72.946789500107826, 5.926860320150568 ], [ -72.963380787936373, 5.930008248692569 ], [ -72.967491903504509, 5.926560517432281 ], [ -72.980118901320921, 5.928209432382853 ], [ -72.99377367802937, 5.933455979952856 ], [ -73.001849083609628, 5.939152231600288 ], [ -73.004491943617722, 5.944098976452005 ], [ -73.000380828049586, 5.94844611586715 ], [ -73.005372896953745, 5.958939211007157 ], [ -73.011245919193939, 5.963136449063158 ], [ -73.003317339169683, 5.972580234689164 ], [ -72.996857014705469, 5.984872146138884 ], [ -72.991277643577291, 5.988169976040029 ], [ -72.989515736905233, 5.995365241278891 ], [ -72.982908586885003, 6.010055574474898 ], [ -72.977476041312826, 6.011254785348041 ], [ -72.976007785752785, 6.016951036995473 ], [ -72.969987937956589, 6.019499360100903 ], [ -72.965729996832451, 6.007507251369469 ], [ -72.952222045680003, 5.993566424969175 ], [ -72.947376802331846, 5.981874118956026 ], [ -72.930932340059314, 5.971381023816019 ], [ -72.933428374511394, 5.969132503428876 ], [ -72.916396610014829, 5.955491479746869 ], [ -72.914194226674766, 5.94484848324772 ] ] ] } },
{ "type": "Feature", "properties": { "Código departamento": "15", "Departamento": "Boyacá", "Código municipio": "172", "Municipio": "CHINAVITA", "DIVIPOLA": "15172" }, "geometry": { "type": "Polygon", "coordinates": [ [ [ -73.32956372461237, 5.261598088274204 ], [ -73.320607365696077, 5.247957064592197 ], [ -73.323250225704157, 5.239562588480193 ], [ -73.319579586804039, 5.231018211009045 ], [ -73.309595448995722, 5.227570479748757 ], [ -73.303428775643511, 5.217377187327037 ], [ -73.294619242283233, 5.210631626165605 ], [ -73.283460500026862, 5.206734190827889 ], [ -73.295647021175256, 5.198339714715885 ], [ -73.284635104474901, 5.188146422294165 ], [ -73.280230337794762, 5.186197704625306 ], [ -73.270539851098434, 5.1767539189993 ], [ -73.258059678838023, 5.172556680943299 ], [ -73.25644459772198, 5.165361415704438 ], [ -73.260555713290103, 5.15681703823329 ], [ -73.267750165534352, 5.155467926001005 ], [ -73.285369232254922, 5.16191368444415 ], [ -73.298436706739352, 5.154868320564431 ], [ -73.305190682315569, 5.154718419205289 ], [ -73.33338118906849, 5.146773647170714 ], [ -73.348944698005013, 5.139878184650137 ], [ -73.359662963593365, 5.14047779008671 ], [ -73.364067730273504, 5.136730256108136 ], [ -73.369500275845681, 5.144824929501856 ], [ -73.372143135853761, 5.155168123282718 ], [ -73.376547902533915, 5.15531802464186 ], [ -73.384036005890152, 5.166260823859296 ], [ -73.385357435894207, 5.183049776083304 ], [ -73.380805843658052, 5.190245041322165 ], [ -73.380805843658052, 5.196840701124455 ], [ -73.38506378478219, 5.20163754461703 ], [ -73.392405062582426, 5.216777581890466 ], [ -73.397984433710619, 5.226371268875615 ], [ -73.404151107062816, 5.231168112368189 ], [ -73.40136142149872, 5.242710517022194 ], [ -73.378309809205973, 5.262497496429062 ], [ -73.364214555829506, 5.265795326330207 ], [ -73.359075661369332, 5.270592169822781 ], [ -73.357754231365291, 5.277787435061643 ], [ -73.347329616888956, 5.282434377195073 ], [ -73.337051827968622, 5.278387040498214 ], [ -73.32956372461237, 5.261598088274204 ] ] ] } },
{ "type": "Feature", "properties": { "Código departamento": "15", "Departamento": "Boyacá", "Código municipio": "176", "Municipio": "CHIQUINQUIRÁ", "DIVIPOLA": "15176" }, "geometry": { "type": "Polygon", "coordinates": [ [ [ -73.686056174592053, 5.629605924970119 ], [ -73.705437147984696, 5.605471806148107 ], [ -73.717330018021073, 5.595128612367243 ], [ -73.716008588017033, 5.590181867515526 ], [ -73.717183192465072, 5.581037884607807 ], [ -73.72085383136519, 5.576990547910948 ], [ -73.729663364725482, 5.581337687326093 ], [ -73.753302279242263, 5.576840646551806 ], [ -73.768718962622771, 5.592580289261813 ], [ -73.779730879323125, 5.595128612367243 ], [ -73.781933262663202, 5.583886010431523 ], [ -73.786778506011359, 5.574592126164661 ], [ -73.786338029343341, 5.567546762284942 ], [ -73.78942136601944, 5.553006330448077 ], [ -73.79999280605179, 5.563499425588083 ], [ -73.804691223843946, 5.571444197622658 ], [ -73.818052349440379, 5.554205541321221 ], [ -73.831119823924809, 5.553006330448077 ], [ -73.838901578393063, 5.54701027608236 ], [ -73.847857937309357, 5.545661163850073 ], [ -73.847564286197354, 5.55570455491265 ], [ -73.842719042849183, 5.566497452770942 ], [ -73.843159519517201, 5.581487588685236 ], [ -73.848298413977375, 5.587783445769239 ], [ -73.844627775077257, 5.596327823240387 ], [ -73.846096030637298, 5.600525061296389 ], [ -73.855199215109593, 5.603523088479249 ], [ -73.851528576209475, 5.623010265167831 ], [ -73.864596050693905, 5.632903754871264 ], [ -73.864449225137903, 5.637700598363838 ], [ -73.856961121781652, 5.651791326123274 ], [ -73.863568271801867, 5.652840635637275 ], [ -73.871643677382139, 5.650742016609274 ], [ -73.875314316282257, 5.645045764961842 ], [ -73.883683372974531, 5.645045764961842 ], [ -73.895135766342904, 5.658536887284707 ], [ -73.895282591898919, 5.664982645727853 ], [ -73.901449265251117, 5.671278502811856 ], [ -73.899687358579058, 5.677124655818431 ], [ -73.890877825218766, 5.678323866691575 ], [ -73.886326232982626, 5.690016172704724 ], [ -73.866064306253961, 5.693314002605868 ], [ -73.861806365129809, 5.69751124066187 ], [ -73.857695249561687, 5.707404730365305 ], [ -73.849032541757396, 5.709053645315877 ], [ -73.83919522950508, 5.702907689591016 ], [ -73.833615858376888, 5.704556604541589 ], [ -73.831853951704829, 5.694063509401583 ], [ -73.835377765048946, 5.68267100610672 ], [ -73.834937288380928, 5.666931363396711 ], [ -73.827742836136693, 5.662134519904137 ], [ -73.82421902279259, 5.655988564179277 ], [ -73.814822187208279, 5.646844581271558 ], [ -73.803663444951908, 5.640848526905839 ], [ -73.794266609367597, 5.641897836419841 ], [ -73.779877704879127, 5.633653261666979 ], [ -73.774591984862951, 5.63680119020898 ], [ -73.765635625946658, 5.638000401082125 ], [ -73.752568151462242, 5.646394877194129 ], [ -73.748750687006108, 5.642647343215555 ], [ -73.735536386965677, 5.641747935060697 ], [ -73.725111772489328, 5.633503360307835 ], [ -73.706758577988737, 5.632004346716406 ], [ -73.698829997964481, 5.636051683413267 ], [ -73.695893486844383, 5.62915622089269 ], [ -73.686056174592053, 5.629605924970119 ] ] ] } },
{ "type": "Feature", "properties": { "Código departamento": "15", "Departamento": "Boyacá", "Código municipio": "183", "Municipio": "CHITA", "DIVIPOLA": "15183" }, "geometry": { "type": "Polygon", "coordinates": [ [ [ -72.396487316201785, 6.272233051615898 ], [ -72.391788898409644, 6.263988476863037 ], [ -72.387237306173489, 6.261290252398463 ], [ -72.397955571761841, 6.237306034935593 ], [ -72.398689699541862, 6.218718266401869 ], [ -72.402507163997996, 6.207625565825292 ], [ -72.406324628454115, 6.203428327769289 ], [ -72.412491301806313, 6.187838586418423 ], [ -72.405590500674094, 6.189937205446424 ], [ -72.392376200633663, 6.186939178263565 ], [ -72.393110328413684, 6.161605848568409 ], [ -72.38665000394947, 6.161755749927551 ], [ -72.374463482801076, 6.150063443914402 ], [ -72.374169831689059, 6.142118671879827 ], [ -72.377106342809157, 6.133874097126966 ], [ -72.38474127172141, 6.132674886253823 ], [ -72.389146038401549, 6.123680804705246 ], [ -72.384007143941375, 6.113787315001812 ], [ -72.375784912805116, 6.109889879664096 ], [ -72.364772996104747, 6.100296192678948 ], [ -72.375344436137098, 6.092501322003515 ], [ -72.366681728332821, 6.076761679293505 ], [ -72.362130136096667, 6.075112764342934 ], [ -72.327479304879532, 6.08560585948294 ], [ -72.321165805971319, 6.08815418258837 ], [ -72.318229294851221, 6.078410594244079 ], [ -72.321606282639337, 6.06776759774493 ], [ -72.330268990443614, 6.062071346097498 ], [ -72.353320602736375, 6.04333367620463 ], [ -72.361689659428649, 6.043933281641203 ], [ -72.365507123884782, 6.036738016402341 ], [ -72.36183648498465, 6.025645315825764 ], [ -72.356403939412473, 6.023396795438619 ], [ -72.34289598826004, 6.001211394285465 ], [ -72.339665826027925, 5.997463860306891 ], [ -72.341574558255985, 5.989519088272316 ], [ -72.339372174915923, 5.980525006723739 ], [ -72.342015034924003, 5.978426387695738 ], [ -72.34230868603602, 5.964935265372874 ], [ -72.338344396023885, 5.959988520521157 ], [ -72.340693604919963, 5.954142367514582 ], [ -72.335848361571806, 5.943949075092863 ], [ -72.331737246003669, 5.943049666938005 ], [ -72.325130095983454, 5.93510489490343 ], [ -72.328360258215554, 5.910970776081416 ], [ -72.327626130435533, 5.901676891814554 ], [ -72.332765024895707, 5.892083204829405 ], [ -72.339812651583941, 5.891483599392834 ], [ -72.358899973864567, 5.89433172521655 ], [ -72.368590460560881, 5.897329752399409 ], [ -72.374757133913079, 5.894931330653121 ], [ -72.383566667273371, 5.900327779582267 ], [ -72.391935723965645, 5.902276497251125 ], [ -72.406765105122133, 5.900177878223125 ], [ -72.415574638482411, 5.904075313560841 ], [ -72.420419881830583, 5.912469789672845 ], [ -72.423503218506681, 5.922513180735423 ], [ -72.435836565211076, 5.937803119368001 ], [ -72.446848481911445, 5.943799173733718 ], [ -72.450519120811563, 5.958039802852299 ], [ -72.466816757528093, 5.961937238190015 ], [ -72.483114394244637, 5.974229149639736 ], [ -72.488987416484818, 5.983672935265742 ], [ -72.49647551984107, 5.990868200504601 ], [ -72.49838425206913, 5.995964846715462 ], [ -72.507046959873421, 5.995964846715462 ], [ -72.510423947661522, 6.005108829623182 ], [ -72.527455712158087, 6.009455969038327 ], [ -72.539054931082461, 6.032690679705483 ], [ -72.535237466626342, 6.044382985718632 ], [ -72.530539048834186, 6.051728152316636 ], [ -72.539348582194478, 6.059972727069497 ], [ -72.542285093314575, 6.06986621677293 ], [ -72.535531117738344, 6.078560495603221 ], [ -72.530832699946188, 6.088903689384083 ], [ -72.529070793274144, 6.106142345685522 ], [ -72.530979525502204, 6.111388893255525 ], [ -72.528043014382106, 6.122481593832103 ], [ -72.516737446569735, 6.126528930528962 ], [ -72.514388237673657, 6.133424393049537 ], [ -72.516590621013734, 6.139420447415254 ], [ -72.516150144345715, 6.148414528963831 ], [ -72.522463643253914, 6.151862260224118 ], [ -72.530098572166168, 6.165353382546983 ], [ -72.542872395538595, 6.168501311088984 ], [ -72.552562882234909, 6.177045688560132 ], [ -72.541110488866536, 6.199530892431572 ], [ -72.531713653282225, 6.209874086212436 ], [ -72.524959677706008, 6.227862249309589 ], [ -72.519527132133817, 6.230710375133303 ], [ -72.519967608801835, 6.235657119985022 ], [ -72.51145172655356, 6.247349425998171 ], [ -72.498237426513128, 6.254394789877888 ], [ -72.496622345397071, 6.265037786377037 ], [ -72.498090600957127, 6.272682755693327 ], [ -72.495447740949032, 6.280927330446189 ], [ -72.496035043173052, 6.28707328617105 ], [ -72.49588821761705, 6.290820820149622 ], [ -72.488253288704797, 6.295617663642196 ], [ -72.483554870912641, 6.302663027521915 ], [ -72.472836605324289, 6.305810956063916 ], [ -72.454923887491702, 6.303562435676773 ], [ -72.444058796347349, 6.286473680734477 ], [ -72.435689739655075, 6.286173878016192 ], [ -72.425411950734741, 6.278828711418188 ], [ -72.412784952918329, 6.274481572003043 ], [ -72.396487316201785, 6.272233051615898 ] ] ] } },
{ "type": "Feature", "properties": { "Código departamento": "15", "Departamento": "Boyacá", "Código municipio": "185", "Municipio": "CHITARAQUE", "DIVIPOLA": "15185" }, "geometry": { "type": "Polygon", "coordinates": [ [ [ -73.403563804838797, 6.055625587654352 ], [ -73.406206664846877, 6.05097864552092 ], [ -73.399159038158658, 6.045582196591774 ], [ -73.389174900350326, 6.030891863395767 ], [ -73.387706644790285, 6.023096992720334 ], [ -73.377722506981954, 6.010355377193185 ], [ -73.371409008073741, 6.006158139137182 ], [ -73.371409008073741, 5.991617707300317 ], [ -73.374345519193838, 5.988020074680887 ], [ -73.376107425865897, 5.97647767002688 ], [ -73.374198693637837, 5.973929346921451 ], [ -73.376401076977913, 5.962686744985729 ], [ -73.380952669214054, 5.960288323239442 ], [ -73.381099494770055, 5.952343551204867 ], [ -73.386825691454248, 5.947097003634863 ], [ -73.386238389230229, 5.935854401699143 ], [ -73.394166969254485, 5.927310024227995 ], [ -73.397397131486599, 5.920864265784849 ], [ -73.396075701482545, 5.915467816855704 ], [ -73.401655072610737, 5.901377089096267 ], [ -73.405325711510855, 5.899878075504838 ], [ -73.411786035975069, 5.891183796674548 ], [ -73.420448743779346, 5.889384980364832 ], [ -73.433809869375793, 5.898379061913409 ], [ -73.433516218263776, 5.900027976863981 ], [ -73.460825771680675, 5.932556571797998 ], [ -73.453484493880438, 5.947996411789721 ], [ -73.455246400552497, 5.953842564796296 ], [ -73.463909108356773, 5.960138421880299 ], [ -73.465964666140849, 5.970331714302019 ], [ -73.469048002816947, 5.974379050998878 ], [ -73.496063905121829, 5.986970765166885 ], [ -73.485932941757497, 6.001661098362894 ], [ -73.478444838401259, 6.010355377193185 ], [ -73.471544037269027, 6.023246894079477 ], [ -73.463615457244771, 6.033290285142054 ], [ -73.456714656112538, 6.038237029993771 ], [ -73.450841633872344, 6.046481604746632 ], [ -73.447170994972225, 6.064919471921214 ], [ -73.449813854980306, 6.074213356188076 ], [ -73.454071796104458, 6.079160101039792 ], [ -73.447317820528227, 6.077810988807506 ], [ -73.438361461611933, 6.071515131723504 ], [ -73.429698753807656, 6.068517104540644 ], [ -73.421770173783386, 6.071814934441789 ], [ -73.411786035975069, 6.06012262842864 ], [ -73.403563804838797, 6.055625587654352 ] ] ] } },
{ "type": "Feature", "properties": { "Código departamento": "15", "Departamento": "Boyacá", "Código municipio": "187", "Municipio": "CHIVATÁ", "DIVIPOLA": "15187" }, "geometry": { "type": "Polygon", "coordinates": [ [ [ -73.213131058700554, 5.626457996428118 ], [ -73.219004080940749, 5.613116775464396 ], [ -73.233539810985221, 5.595878119162959 ], [ -73.242349344345513, 5.575941238396948 ], [ -73.248662843253726, 5.569645381312944 ], [ -73.231190602089143, 5.56379922830637 ], [ -73.227960439857043, 5.553905738602935 ], [ -73.23148425320116, 5.541913629871501 ], [ -73.237944577665374, 5.534118759196068 ], [ -73.244992204353593, 5.532319942886352 ], [ -73.253214435489866, 5.539665109484356 ], [ -73.259527934398079, 5.538915602688641 ], [ -73.26407952663422, 5.532319942886352 ], [ -73.27200810665849, 5.532020140168066 ], [ -73.277147001118649, 5.523925466774348 ], [ -73.284781930030903, 5.524225269492633 ], [ -73.295500195619255, 5.525124677647491 ], [ -73.298143055627349, 5.534868265991782 ], [ -73.307246240099644, 5.539215405406927 ], [ -73.308127193435666, 5.543262742103786 ], [ -73.30460338009155, 5.553306133166363 ], [ -73.304456554535548, 5.563349524228941 ], [ -73.306952588987627, 5.569645381312944 ], [ -73.30269464786349, 5.57249350713666 ], [ -73.28962717337906, 5.575491534319519 ], [ -73.281992244466807, 5.580138476452949 ], [ -73.264373177746236, 5.575341632960375 ], [ -73.252773958821848, 5.580438279171235 ], [ -73.248956494365729, 5.58733374169181 ], [ -73.249984273257766, 5.597676935472673 ], [ -73.242496169901514, 5.611467860513824 ], [ -73.2360358454373, 5.613716380900969 ], [ -73.231777904313162, 5.62660789778726 ], [ -73.216654872044671, 5.624958982836689 ], [ -73.213131058700554, 5.626457996428118 ] ] ] } },
{ "type": "Feature", "properties": { "Código departamento": "15", "Departamento": "Boyacá", "Código municipio": "189", "Municipio": "CIÉNEGA", "DIVIPOLA": "15189" }, "geometry": { "type": "Polygon", "coordinates": [ [ [ -73.221940592060847, 5.406852505283712 ], [ -73.242936646569532, 5.376722332095981 ], [ -73.252627133265847, 5.368177954624834 ], [ -73.259381108842078, 5.367428447829119 ], [ -73.275385094446591, 5.354986635020256 ], [ -73.285662883366939, 5.349740087450253 ], [ -73.290508126715096, 5.358884070357973 ], [ -73.298436706739352, 5.362181900259116 ], [ -73.301960520083469, 5.369527066857121 ], [ -73.309301797883705, 5.374323910349694 ], [ -73.316936726795959, 5.387215427235987 ], [ -73.322516097924137, 5.392012270728562 ], [ -73.31899228458002, 5.406552702565427 ], [ -73.323103400148156, 5.413448165086002 ], [ -73.330004201280389, 5.414347573240859 ], [ -73.322516097924137, 5.426039879254009 ], [ -73.321488319032113, 5.431436328183154 ], [ -73.3151748201239, 5.443278535555446 ], [ -73.314293866787864, 5.450024096716878 ], [ -73.306218461207607, 5.440580311090874 ], [ -73.318258156799999, 5.425290372458293 ], [ -73.302254171195472, 5.422292345275435 ], [ -73.297262102291313, 5.418694712656005 ], [ -73.287571615594999, 5.417195699064576 ], [ -73.282726372246842, 5.419144416733434 ], [ -73.276266047782627, 5.416895896346289 ], [ -73.273623187774533, 5.412099052853715 ], [ -73.268043816646355, 5.412548756931144 ], [ -73.256885074389984, 5.406852505283712 ], [ -73.251305703261806, 5.408501420234285 ], [ -73.221940592060847, 5.406852505283712 ] ] ] } },
{ "type": "Feature", "properties": { "Código departamento": "15", "Departamento": "Boyacá", "Código municipio": "204", "Municipio": "CÓMBITA", "DIVIPOLA": "15204" }, "geometry": { "type": "Polygon", "coordinates": [ [ [ -73.26407952663422, 5.703807097745874 ], [ -73.270833502210451, 5.685968836007864 ], [ -73.260996189958121, 5.684919526493863 ], [ -73.267309688866334, 5.664532941650424 ], [ -73.270246199986431, 5.658536887284707 ], [ -73.288158917819018, 5.644745962243555 ], [ -73.300492264523413, 5.629755826329263 ], [ -73.305190682315569, 5.627357404582976 ], [ -73.316936726795959, 5.614765690414969 ], [ -73.321781970144116, 5.597826836831817 ], [ -73.326186736824269, 5.589432360719813 ], [ -73.327361341272294, 5.580288377812093 ], [ -73.33205975906445, 5.575941238396948 ], [ -73.34130976909276, 5.584035911790665 ], [ -73.34453993132486, 5.604722299352392 ], [ -73.355405022469213, 5.613716380900969 ], [ -73.363186776937468, 5.629306122251834 ], [ -73.364948683609526, 5.643097047292984 ], [ -73.362452649157447, 5.6448958636027 ], [ -73.360837568041404, 5.660485604953565 ], [ -73.363186776937468, 5.664532941650424 ], [ -73.347329616888956, 5.670379094656998 ], [ -73.343952629100841, 5.675775543586144 ], [ -73.347916919112976, 5.685069427853008 ], [ -73.350412953565055, 5.697211437943586 ], [ -73.355992324693233, 5.70410690046416 ], [ -73.365095509165542, 5.703657196386732 ], [ -73.367738369173622, 5.714899798322452 ], [ -73.375960600309895, 5.72044614861074 ], [ -73.378309809205973, 5.7255427948216 ], [ -73.374492344749839, 5.743231155200466 ], [ -73.379778064766015, 5.746079281024183 ], [ -73.381686796994074, 5.760469811501905 ], [ -73.371555833629742, 5.786402746633633 ], [ -73.365829636945563, 5.789550675175636 ], [ -73.359369312481348, 5.798394855365069 ], [ -73.35702010358527, 5.806189726040501 ], [ -73.355111371357211, 5.79899446080164 ], [ -73.348944698005013, 5.792998406435923 ], [ -73.347476442444957, 5.78415422624649 ], [ -73.343512152432822, 5.774260736543055 ], [ -73.343365326876821, 5.768264682177338 ], [ -73.334555793516529, 5.76736527402248 ], [ -73.336170874632586, 5.762568430529906 ], [ -73.330444677948407, 5.755223263931902 ], [ -73.32501213237623, 5.741432338890752 ], [ -73.311797832335785, 5.724943189385029 ], [ -73.301079566747433, 5.70920354667502 ], [ -73.289920824491077, 5.700209465126444 ], [ -73.281404942242801, 5.70305759095016 ], [ -73.271714455546473, 5.708753842597591 ], [ -73.26407952663422, 5.703807097745874 ] ] ] } },
{ "type": "Feature", "properties": { "Código departamento": "15", "Departamento": "Boyacá", "Código municipio": "212", "Municipio": "COPER", "DIVIPOLA": "15212" }, "geometry": { "type": "Polygon", "coordinates": [ [ [ -73.990278726634031, 5.525124677647491 ], [ -73.993949365534149, 5.513132568916055 ], [ -73.999969213330345, 5.508635528141768 ], [ -74.001143817778384, 5.503988586008336 ], [ -74.008044618910603, 5.497692728924334 ], [ -74.014798594486834, 5.477605946799179 ], [ -74.019203361166973, 5.472359399229176 ], [ -74.009366048914657, 5.465164133990316 ], [ -73.999088259994309, 5.463065514962314 ], [ -73.989397773297995, 5.45826867146974 ], [ -73.981028716605721, 5.451523110308307 ], [ -73.969282672125331, 5.455570447005168 ], [ -73.961647743213092, 5.454970841568596 ], [ -73.950342175400721, 5.449574392639449 ], [ -73.95548106986088, 5.439081297499444 ], [ -73.952985035408801, 5.429487610514296 ], [ -73.947112013168606, 5.42409116158515 ], [ -73.947552489836625, 5.418095107219433 ], [ -73.964731079889191, 5.422142443916292 ], [ -73.972953311025464, 5.419294318092576 ], [ -73.981469193273739, 5.403554675382568 ], [ -73.990572377746034, 5.375523121222838 ], [ -73.999088259994309, 5.367428447829119 ], [ -74.00965970002666, 5.368327855983977 ], [ -74.019937488946994, 5.366079335596832 ], [ -74.023608127847112, 5.370426475011977 ], [ -74.023754953403127, 5.381519175588555 ], [ -74.021993046731069, 5.386465920440272 ], [ -74.031683533427383, 5.387515229954274 ], [ -74.040493066787676, 5.393061580242562 ], [ -74.044897833467815, 5.404304182178282 ], [ -74.055616099056166, 5.401456056354566 ], [ -74.061929597964379, 5.405353491692282 ], [ -74.073528816888754, 5.408201617515998 ], [ -74.087036768041202, 5.428138498282009 ], [ -74.094818522509456, 5.436383073034871 ], [ -74.097608208073538, 5.440130607013445 ], [ -74.094084394729435, 5.449874195357736 ], [ -74.097020905849519, 5.459617783702027 ], [ -74.096874080293517, 5.470560582919462 ], [ -74.094084394729435, 5.479254861749753 ], [ -74.07763993245689, 5.485550718833756 ], [ -74.065012934640478, 5.499041841156619 ], [ -74.059139912400283, 5.50159016426205 ], [ -74.052239111268051, 5.495444208537189 ], [ -74.04695339125189, 5.500241052029764 ], [ -74.031977184539386, 5.500540854748048 ], [ -74.026544638967209, 5.50308917785348 ], [ -74.021993046731069, 5.509235133578339 ], [ -74.020965267839031, 5.520028031436632 ], [ -74.013330338926778, 5.526773592598063 ], [ -74.003346201118461, 5.528722310266921 ], [ -73.990278726634031, 5.525124677647491 ] ] ] } },
{ "type": "Feature", "properties": { "Código departamento": "15", "Departamento": "Boyacá", "Código municipio": "215", "Municipio": "CORRALES", "DIVIPOLA": "15215" }, "geometry": { "type": "Polygon", "coordinates": [ [ [ -72.798055211874953, 5.853858358247956 ], [ -72.803781408559132, 5.833022069327087 ], [ -72.808920303019306, 5.832272562531373 ], [ -72.821253649723715, 5.820880059236509 ], [ -72.82580524195987, 5.807988542350217 ], [ -72.834614775320148, 5.805740021963072 ], [ -72.832118740868069, 5.797645348569353 ], [ -72.836817158660224, 5.78775185886592 ], [ -72.843864785348458, 5.780856396345345 ], [ -72.85781321316891, 5.775160144697913 ], [ -72.867503699865225, 5.76841458353648 ], [ -72.875138628777478, 5.770513202564483 ], [ -72.872642594325399, 5.773361328388197 ], [ -72.877781488785558, 5.785503338478775 ], [ -72.876753709893535, 5.793897814590781 ], [ -72.896281508842179, 5.795246926823066 ], [ -72.896281508842179, 5.812035879047076 ], [ -72.886737847701852, 5.817582229335364 ], [ -72.876606884337519, 5.81578341302565 ], [ -72.867356874309223, 5.816682821180508 ], [ -72.858694166504932, 5.826276508165654 ], [ -72.858106864280927, 5.836469800587374 ], [ -72.850912412036678, 5.852509246015669 ], [ -72.850912412036678, 5.857156188149101 ], [ -72.857519562056893, 5.866150269697678 ], [ -72.851059237592693, 5.87649346347854 ], [ -72.842249704232401, 5.878741983865683 ], [ -72.836817158660224, 5.875144351246253 ], [ -72.826539369739891, 5.878891885224827 ], [ -72.823602858619793, 5.877992477069969 ], [ -72.810241733023346, 5.859554609895388 ], [ -72.801432199663068, 5.851909640579097 ], [ -72.798055211874953, 5.853858358247956 ] ] ] } },
{ "type": "Feature", "properties": { "Código departamento": "15", "Departamento": "Boyacá", "Código municipio": "377", "Municipio": "LABRANZAGRANDE", "DIVIPOLA": "15377" }, "geometry": { "type": "Polygon", "coordinates": [ [ [ -72.514535063229658, 5.608619734690108 ], [ -72.517765225461773, 5.602024074887818 ], [ -72.516590621013734, 5.595878119162959 ], [ -72.507781087653441, 5.592280486543527 ], [ -72.500292984297189, 5.592430387902671 ], [ -72.493685834276974, 5.584785418586381 ], [ -72.489721544264853, 5.57609113975609 ], [ -72.481058836460562, 5.57249350713666 ], [ -72.476507244224422, 5.567846565003228 ], [ -72.462118339735937, 5.565598044616084 ], [ -72.457566747499797, 5.557503371222366 ], [ -72.463880246407996, 5.54910889511036 ], [ -72.463146118627975, 5.542962939385501 ], [ -72.455658015271723, 5.538915602688641 ], [ -72.444499273015367, 5.520627636873203 ], [ -72.447435784135465, 5.5164303988172 ], [ -72.460062781951876, 5.50878542950091 ], [ -72.47092787309623, 5.495594109896332 ], [ -72.477241372004443, 5.492296279995187 ], [ -72.489868369820854, 5.481803184855182 ], [ -72.492070753160931, 5.468312062532317 ], [ -72.501908065413247, 5.444927450506019 ], [ -72.508515215433462, 5.437582283908015 ], [ -72.515709667677697, 5.436233171675728 ], [ -72.528923967718129, 5.427538892845438 ], [ -72.536852547742399, 5.414347573240859 ], [ -72.546543034438713, 5.407602012079427 ], [ -72.553590661126947, 5.405353491692282 ], [ -72.565336705607322, 5.396809114221136 ], [ -72.571943855627538, 5.390213454418846 ], [ -72.583983551219944, 5.381968879665984 ], [ -72.589562922348122, 5.383467893257413 ], [ -72.598372455708414, 5.395310100629707 ], [ -72.593967689028261, 5.409101025670856 ], [ -72.590884352352163, 5.423491556148579 ], [ -72.598372455708414, 5.427838695563724 ], [ -72.61011850018879, 5.429937314591725 ], [ -72.622011370225181, 5.421243035761434 ], [ -72.643154250289882, 5.425440273817437 ], [ -72.654019341434235, 5.432035933619725 ], [ -72.667086815918665, 5.436083270316586 ], [ -72.652404260318178, 5.449274589921164 ], [ -72.666059037026628, 5.459018178265455 ], [ -72.678245558175021, 5.478955059031466 ], [ -72.682503499299173, 5.489448154171472 ], [ -72.675309047054924, 5.494544800382331 ], [ -72.656662201442316, 5.500390953388906 ], [ -72.656074899218297, 5.520627636873203 ], [ -72.662535223682511, 5.538765701329498 ], [ -72.668995548146725, 5.536517180942355 ], [ -72.683971754859215, 5.546260769286646 ], [ -72.689551125987393, 5.559601990250367 ], [ -72.699094787127706, 5.556454061708366 ], [ -72.705995588259938, 5.560201595686938 ], [ -72.714217819396211, 5.557653272581509 ], [ -72.725229736096566, 5.558552680736367 ], [ -72.745051186157212, 5.564698636461228 ], [ -72.744317058377192, 5.570544789467802 ], [ -72.738590861692998, 5.574442224805519 ], [ -72.731396409448763, 5.585085221304667 ], [ -72.730662281668742, 5.593179894698385 ], [ -72.719797190524389, 5.605621707507249 ], [ -72.712896389392156, 5.609369241485823 ], [ -72.708638448268019, 5.616264704006398 ], [ -72.713336866060175, 5.624958982836689 ], [ -72.700709868243763, 5.63830020380041 ], [ -72.699535263795724, 5.650891917968417 ], [ -72.695717799339604, 5.662884026699852 ], [ -72.699094787127706, 5.674576332713001 ], [ -72.679860639291078, 5.673527023199001 ], [ -72.673400314826864, 5.668280475628998 ], [ -72.66047966589845, 5.666631560678426 ], [ -72.656662201442316, 5.66078540767185 ], [ -72.650348702534117, 5.657787380488991 ], [ -72.636106623601648, 5.645795271757557 ], [ -72.624213753565257, 5.629006319533548 ], [ -72.60556690795265, 5.63020553040669 ], [ -72.601896269052531, 5.626158193709832 ], [ -72.5951422934763, 5.640998428264983 ], [ -72.594261340140278, 5.649842608454416 ], [ -72.583983551219944, 5.66078540767185 ], [ -72.584717678999965, 5.665732152523568 ], [ -72.580166086763811, 5.680572387078718 ], [ -72.573999413411613, 5.686418540085293 ], [ -72.570328774511495, 5.709353448034164 ], [ -72.563868450047281, 5.702008281436158 ], [ -72.562253368931223, 5.695712424352155 ], [ -72.554765265574986, 5.691814989014438 ], [ -72.552562882234909, 5.68521932921215 ], [ -72.540082709974499, 5.677274557177573 ], [ -72.542285093314575, 5.667680870192426 ], [ -72.550507324450834, 5.655538860101848 ], [ -72.549773196670813, 5.6459451731167 ], [ -72.544927953322656, 5.637250894286409 ], [ -72.545662081102677, 5.624359377400116 ], [ -72.530245397722183, 5.618363323034399 ], [ -72.519233481021814, 5.609968846922395 ], [ -72.514535063229658, 5.608619734690108 ] ] ] } },
{ "type": "Feature", "properties": { "Código departamento": "15", "Departamento": "Boyacá", "Código municipio": "380", "Municipio": "LA CAPILLA", "DIVIPOLA": "15380" }, "geometry": { "type": "Polygon", "coordinates": [ [ [ -73.419714615999325, 5.121890021552985 ], [ -73.424413033791481, 5.117692783496984 ], [ -73.422797952675424, 5.108248997870978 ], [ -73.433956694931794, 5.087862413027538 ], [ -73.439242414947969, 5.086513300795253 ], [ -73.453484493880438, 5.071373263521815 ], [ -73.465230538360814, 5.069874249930385 ], [ -73.474774199501127, 5.065976814592669 ], [ -73.479619442849284, 5.061629675177524 ], [ -73.480059919517302, 5.062529083332381 ], [ -73.482262302857379, 5.083215470894108 ], [ -73.488428976209576, 5.09250935516097 ], [ -73.494595649561774, 5.106300280202119 ], [ -73.491071836217671, 5.120391007961556 ], [ -73.49165913844169, 5.128935385432704 ], [ -73.484758337309458, 5.142876211832998 ], [ -73.47727023395322, 5.148122759402999 ], [ -73.465964666140849, 5.15321940561386 ], [ -73.462147201684715, 5.15217009609986 ], [ -73.447317820528227, 5.158166150465576 ], [ -73.436893206051892, 5.159365361338721 ], [ -73.439536066059972, 5.155467926001005 ], [ -73.43865511272395, 5.148122759402999 ], [ -73.431313834923714, 5.135680946594136 ], [ -73.419714615999325, 5.121890021552985 ] ] ] } },
{ "type": "Feature", "properties": { "Código departamento": "15", "Departamento": "Boyacá", "Código municipio": "401", "Municipio": "LA VICTORIA", "DIVIPOLA": "15401" }, "geometry": { "type": "Polygon", "coordinates": [ [ [ -74.215362303989409, 5.497692728924334 ], [ -74.225786918465744, 5.490347562326328 ], [ -74.232540894041961, 5.480154269904609 ], [ -74.244580589634353, 5.476256834566892 ], [ -74.25412425077468, 5.489148351453186 ], [ -74.254417901886683, 5.497992531642619 ], [ -74.245608368526391, 5.522576354542061 ], [ -74.245902019638407, 5.53217004152721 ], [ -74.240322648510215, 5.539215405406927 ], [ -74.227548825137802, 5.54446195297693 ], [ -74.219326594001529, 5.545361361131788 ], [ -74.212866269537315, 5.555254850835222 ], [ -74.19921149282888, 5.553156231807221 ], [ -74.2062591195171, 5.545661163850073 ], [ -74.205965468405097, 5.541463925794072 ], [ -74.198917841716863, 5.534118759196068 ], [ -74.200092446164902, 5.527373198034636 ], [ -74.204056736177037, 5.522726255901204 ], [ -74.216977385105452, 5.522576354542061 ], [ -74.224025011793685, 5.515830793380629 ], [ -74.215362303989409, 5.497692728924334 ] ] ] } },
{ "type": "Feature", "properties": { "Código departamento": "15", "Departamento": "Boyacá", "Código municipio": "403", "Municipio": "LA UVITA", "DIVIPOLA": "15403" }, "geometry": { "type": "Polygon", "coordinates": [ [ [ -72.517765225461773, 6.349282350215369 ], [ -72.513066807669617, 6.335341523815075 ], [ -72.510570773217523, 6.332643299350502 ], [ -72.510570773217523, 6.311207404993062 ], [ -72.500733460965208, 6.305810956063916 ], [ -72.498824728737148, 6.292469735100195 ], [ -72.496035043173052, 6.28707328617105 ], [ -72.495447740949032, 6.280927330446189 ], [ -72.498090600957127, 6.272682755693327 ], [ -72.496622345397071, 6.265037786377037 ], [ -72.498237426513128, 6.254394789877888 ], [ -72.51145172655356, 6.247349425998171 ], [ -72.519967608801835, 6.235657119985022 ], [ -72.519527132133817, 6.230710375133303 ], [ -72.524959677706008, 6.227862249309589 ], [ -72.531713653282225, 6.209874086212436 ], [ -72.541110488866536, 6.199530892431572 ], [ -72.552562882234909, 6.177045688560132 ], [ -72.559757334479144, 6.188438191854995 ], [ -72.564162101159283, 6.187838586418423 ], [ -72.595289119032302, 6.20402793320586 ], [ -72.605713733508651, 6.201029906023002 ], [ -72.615551045760967, 6.206126552233862 ], [ -72.63302328692555, 6.204477637283289 ], [ -72.635519321377629, 6.208824776698434 ], [ -72.635519321377629, 6.219917477275012 ], [ -72.621570893557163, 6.2244145180493 ], [ -72.610705802412809, 6.247499327357313 ], [ -72.607328814624708, 6.260540745602749 ], [ -72.602336745720535, 6.271483544820183 ], [ -72.598225630152399, 6.272982558411614 ], [ -72.587360539008046, 6.266087095891037 ], [ -72.579725610095792, 6.278828711418188 ], [ -72.585451806779986, 6.291420425586195 ], [ -72.582955772327907, 6.298165986747626 ], [ -72.587801015676064, 6.3040121397542 ], [ -72.576348622307691, 6.310457898197348 ], [ -72.570916076735514, 6.309858292760775 ], [ -72.570035123399478, 6.316304051203923 ], [ -72.564602577827301, 6.325298132752498 ], [ -72.570181948955479, 6.338039748279649 ], [ -72.576495447863692, 6.347333632546511 ], [ -72.575761320083672, 6.350631462447654 ], [ -72.566658135611362, 6.349282350215369 ], [ -72.547423987774735, 6.351081166525083 ], [ -72.5402295355305, 6.353179785553086 ], [ -72.532007304394227, 6.350031857011083 ], [ -72.517765225461773, 6.349282350215369 ] ] ] } },
{ "type": "Feature", "properties": { "Código departamento": "15", "Departamento": "Boyacá", "Código municipio": "542", "Municipio": "PESCA", "DIVIPOLA": "15542" }, "geometry": { "type": "Polygon", "coordinates": [ [ [ -72.998325270265511, 5.629605924970119 ], [ -72.998178444709509, 5.619562533907543 ], [ -73.003757815837702, 5.612367268668682 ], [ -73.001555432497625, 5.599325850423246 ], [ -73.003610990281686, 5.5928800919801 ], [ -73.012714174753995, 5.590031966156384 ], [ -73.011099093637938, 5.575641435678661 ], [ -73.025781649238411, 5.55930218753208 ], [ -73.031361020366603, 5.550607908701791 ], [ -73.044134843739016, 5.523325861337775 ], [ -73.043547541514997, 5.513732174352628 ], [ -73.051476121539253, 5.495744011255476 ], [ -73.058523748227486, 5.484651310678898 ], [ -73.059257876007507, 5.47610693320775 ], [ -73.06366264268766, 5.471160188356033 ], [ -73.060579306011562, 5.466513246222601 ], [ -73.065865026027723, 5.458868276906313 ], [ -73.067920583811798, 5.44447774642859 ], [ -73.071884873823933, 5.436383073034871 ], [ -73.06615867713974, 5.434584256725157 ], [ -73.064984072691701, 5.426189780613151 ], [ -73.061313433791582, 5.423191753430292 ], [ -73.056174539331408, 5.428288399641153 ], [ -73.039876902614878, 5.43218583497887 ], [ -73.039142774834858, 5.427988596922867 ], [ -73.051035644871249, 5.414197671881717 ], [ -73.054999934883369, 5.404753886255711 ], [ -73.054265807103349, 5.394560593833991 ], [ -73.045749924855073, 5.3848170054897 ], [ -73.04986104042321, 5.373274600835694 ], [ -73.061753910459601, 5.366529039674261 ], [ -73.066452328251756, 5.369227264138835 ], [ -73.074380908276012, 5.369077362779692 ], [ -73.090238068324524, 5.361582294822544 ], [ -73.102571415028933, 5.351389002400825 ], [ -73.111234122833224, 5.34809117249968 ], [ -73.118869051745463, 5.350339692886824 ], [ -73.126357155101715, 5.357385056766543 ], [ -73.132083351785894, 5.368327855983977 ], [ -73.121511911753558, 5.385266709567129 ], [ -73.126797631769733, 5.389913651700561 ], [ -73.130615096225853, 5.401006352277137 ], [ -73.141480187370206, 5.412099052853715 ], [ -73.137662722914087, 5.424690767021722 ], [ -73.132523828453913, 5.430836722746583 ], [ -73.124154771761638, 5.456319953800882 ], [ -73.129000015109796, 5.458568474188026 ], [ -73.130908747337855, 5.464714429912887 ], [ -73.147353209610401, 5.482102987573467 ], [ -73.140892885146187, 5.484201606601469 ], [ -73.140599234034184, 5.499491545234048 ], [ -73.135019862905992, 5.505637500958909 ], [ -73.129000015109796, 5.514931385225771 ], [ -73.121952388421562, 5.518678919204345 ], [ -73.115638889513363, 5.525424480365777 ], [ -73.115492063957362, 5.531870238808923 ], [ -73.105507926149031, 5.548509289673789 ], [ -73.104039670588975, 5.55930218753208 ], [ -73.089357114988502, 5.588083248487526 ], [ -73.084071394972327, 5.60772032653525 ], [ -73.079372977180171, 5.618063520316112 ], [ -73.076289640504072, 5.620162139344115 ], [ -73.075995989392055, 5.628406714096976 ], [ -73.070269792707876, 5.638899809236981 ], [ -73.063368991575643, 5.645495469039271 ], [ -73.05573406266339, 5.631854445357264 ], [ -73.041638809286937, 5.631854445357264 ], [ -73.027543555910469, 5.627657207301261 ], [ -73.017559418102152, 5.638749907877838 ], [ -73.00933718696588, 5.64339685001127 ], [ -73.003904641393703, 5.639649316032696 ], [ -73.004638769173724, 5.630655234484119 ], [ -72.998325270265511, 5.629605924970119 ] ] ] } },
{ "type": "Feature", "properties": { "Código departamento": "15", "Departamento": "Boyacá", "Código municipio": "550", "Municipio": "PISBA", "DIVIPOLA": "15550" }, "geometry": { "type": "Polygon", "coordinates": [ [ [ -72.297233240342536, 5.754473757136187 ], [ -72.297526891454552, 5.745779478305898 ], [ -72.303253088138732, 5.728990526081888 ], [ -72.311181668163002, 5.714150291526736 ], [ -72.316614213735178, 5.700509267844729 ], [ -72.321606282639337, 5.697061536584441 ], [ -72.324249142647432, 5.690016172704724 ], [ -72.32924121155159, 5.688067455035866 ], [ -72.341427732699984, 5.690016172704724 ], [ -72.350237266060276, 5.689116764549866 ], [ -72.35728489274851, 5.697211437943586 ], [ -72.362864263876688, 5.68881696183158 ], [ -72.370058716120923, 5.682820907465863 ], [ -72.386943655061486, 5.681471795233576 ], [ -72.394578583973725, 5.690465876782153 ], [ -72.40236033844198, 5.692714397169296 ], [ -72.410142092910235, 5.691365284937009 ], [ -72.416896068486466, 5.687168046881008 ], [ -72.424384171842703, 5.690615778141296 ], [ -72.444939749683385, 5.685818934648721 ], [ -72.451400074147585, 5.694663114838154 ], [ -72.460796909731897, 5.700659169203873 ], [ -72.466816757528093, 5.690315975423009 ], [ -72.470634221984227, 5.678773570769004 ], [ -72.478122325340465, 5.671578305530143 ], [ -72.475038988664366, 5.665732152523568 ], [ -72.484142173136661, 5.663033928058995 ], [ -72.488840590928817, 5.655239057383562 ], [ -72.492364404272934, 5.638600006518696 ], [ -72.500292984297189, 5.62660789778726 ], [ -72.5127731565576, 5.615515197210683 ], [ -72.514535063229658, 5.608619734690108 ], [ -72.519233481021814, 5.609968846922395 ], [ -72.530245397722183, 5.618363323034399 ], [ -72.545662081102677, 5.624359377400116 ], [ -72.544927953322656, 5.637250894286409 ], [ -72.549773196670813, 5.6459451731167 ], [ -72.550507324450834, 5.655538860101848 ], [ -72.542285093314575, 5.667680870192426 ], [ -72.540082709974499, 5.677274557177573 ], [ -72.552562882234909, 5.68521932921215 ], [ -72.554765265574986, 5.691814989014438 ], [ -72.562253368931223, 5.695712424352155 ], [ -72.563868450047281, 5.702008281436158 ], [ -72.570328774511495, 5.709353448034164 ], [ -72.578551005647753, 5.707854434442733 ], [ -72.580606563431829, 5.713700587449307 ], [ -72.578551005647753, 5.72044614861074 ], [ -72.576789098975695, 5.737085199475607 ], [ -72.581047040099833, 5.741732141609037 ], [ -72.582515295659888, 5.749826815002756 ], [ -72.580166086763811, 5.754323855777044 ], [ -72.583543074551926, 5.771112808001054 ], [ -72.575467668971655, 5.775459947416199 ], [ -72.566217658943359, 5.775759750134484 ], [ -72.549332720002795, 5.788201562943349 ], [ -72.541257314422538, 5.784753831683061 ], [ -72.525987456598031, 5.788651267020778 ], [ -72.505431878757364, 5.798095052646782 ], [ -72.505578704313365, 5.801842586625356 ], [ -72.486785033144756, 5.818031933412793 ], [ -72.48399534758066, 5.829724239425942 ], [ -72.479590580900521, 5.833171970686231 ], [ -72.477388197560444, 5.839917531847662 ], [ -72.472396128656285, 5.843515164467093 ], [ -72.461824688623935, 5.847112797086523 ], [ -72.458594526391835, 5.850860331065097 ], [ -72.434955611875054, 5.848611810677952 ], [ -72.429229415190861, 5.842915559030522 ], [ -72.421888137390624, 5.843515164467093 ], [ -72.401332559549957, 5.836619701946518 ], [ -72.394284932861723, 5.826576310883941 ], [ -72.392963502857668, 5.820280453799938 ], [ -72.377987296145193, 5.81578341302565 ], [ -72.373288878353037, 5.812185780406218 ], [ -72.364185693880728, 5.81023706273736 ], [ -72.350677742728294, 5.811136470892218 ], [ -72.348622184944219, 5.805740021963072 ], [ -72.331003118223649, 5.802292290702785 ], [ -72.328653909327571, 5.795246926823066 ], [ -72.323808665979413, 5.793298209154208 ], [ -72.316320562623162, 5.795996433618781 ], [ -72.309566587046945, 5.793747913231637 ], [ -72.305749122590811, 5.786852450711062 ], [ -72.305161820366806, 5.779207481394772 ], [ -72.297086414786534, 5.771112808001054 ], [ -72.300757053686652, 5.759420501987905 ], [ -72.297233240342536, 5.754473757136187 ] ] ] } },
{ "type": "Feature", "properties": { "Código departamento": "15", "Departamento": "Boyacá", "Código municipio": "572", "Municipio": "PUERTO BOYACÁ", "DIVIPOLA": "15572" }, "geometry": { "type": "Polygon", "coordinates": [ [ [ -74.266017120811057, 5.834521082918516 ], [ -74.26249330746694, 5.825227198651654 ], [ -74.261759179686919, 5.817132525257937 ], [ -74.264989341919033, 5.807538838272788 ], [ -74.270275061935209, 5.804241008371643 ], [ -74.272183794163269, 5.792098998281065 ], [ -74.286425873095737, 5.775310046057055 ], [ -74.291711593111899, 5.763317937325621 ], [ -74.296997313128074, 5.764067444121335 ], [ -74.307128276492406, 5.771862314796768 ], [ -74.311679868728561, 5.785053634401346 ], [ -74.301402079808227, 5.791499392844494 ], [ -74.302870335368269, 5.799893868956498 ], [ -74.310358438724521, 5.798844559442498 ], [ -74.315350507628679, 5.801692685266214 ], [ -74.317846542080758, 5.813834695356792 ], [ -74.327096552109069, 5.823728185060225 ], [ -74.333997353241287, 5.827325817679657 ], [ -74.335025132133325, 5.83721930738309 ], [ -74.346330699945696, 5.8306236475808 ], [ -74.345890223277678, 5.82342838234194 ], [ -74.354259279969952, 5.813534892638505 ], [ -74.359544999986127, 5.811885977687933 ], [ -74.372171997802539, 5.800793277111356 ], [ -74.388322808963068, 5.781605903141059 ], [ -74.394195831203263, 5.784304127605632 ], [ -74.418568873500064, 5.770063498487054 ], [ -74.431783173540495, 5.758521093833047 ], [ -74.440592706900787, 5.765416556353622 ], [ -74.461735586965474, 5.766465865867622 ], [ -74.462029238077491, 5.77396093382477 ], [ -74.471279248105787, 5.776659158289342 ], [ -74.481263385914119, 5.775909651493628 ], [ -74.485668152594258, 5.770813005282768 ], [ -74.490366570386414, 5.780256790908774 ], [ -74.500938010418764, 5.779207481394772 ], [ -74.505489602654905, 5.785653239837919 ], [ -74.510922148227095, 5.783704522169061 ], [ -74.517235647135294, 5.791199590126207 ], [ -74.523989622711511, 5.786102943915348 ], [ -74.530156296063723, 5.790599984689636 ], [ -74.539406306092019, 5.78520353576049 ], [ -74.541755514988097, 5.778457974599058 ], [ -74.55071187390439, 5.773061525669912 ], [ -74.551005525016407, 5.764966852276193 ], [ -74.564072999500837, 5.757771587037332 ], [ -74.567303161732937, 5.758221291114761 ], [ -74.578608729545309, 5.751625631312472 ], [ -74.584922228453507, 5.758970797910476 ], [ -74.591529378473737, 5.754773559854473 ], [ -74.592703982921762, 5.747128590538183 ], [ -74.598723830717972, 5.743680859277895 ], [ -74.601513516282054, 5.747728195974756 ], [ -74.611204002978383, 5.751775532671615 ], [ -74.611350828534384, 5.757022080241618 ], [ -74.620013536338661, 5.758820896551332 ], [ -74.626033384134857, 5.756872178882474 ], [ -74.627795290806915, 5.762118726452477 ], [ -74.638513556395267, 5.754923461213616 ], [ -74.639688160843306, 5.741282437531608 ], [ -74.643946101967444, 5.735136481806749 ], [ -74.652021507547715, 5.740532930735895 ], [ -74.651140554211679, 5.749077308207041 ], [ -74.654077065331776, 5.753724250340473 ], [ -74.660977866464009, 5.752375138108186 ], [ -74.664942156476144, 5.768564484895623 ], [ -74.660831040908008, 5.778457974599058 ], [ -74.653342937551756, 5.786552647992777 ], [ -74.650406426431658, 5.792998406435923 ], [ -74.647176264199558, 5.808438246427646 ], [ -74.651434205323696, 5.824027987778511 ], [ -74.650993728655678, 5.833022069327087 ], [ -74.640422288623327, 5.859104905817959 ], [ -74.633815138603111, 5.872895830859108 ], [ -74.624124651906797, 5.882339616485114 ], [ -74.612378607426422, 5.889534881723976 ], [ -74.590354774025698, 5.894631527934835 ], [ -74.585362705121526, 5.903026004046839 ], [ -74.584041275117485, 5.913369197827703 ], [ -74.585656356233542, 5.925061503840852 ], [ -74.590354774025698, 5.929108840537711 ], [ -74.596815098489898, 5.929708445974282 ], [ -74.608267491858285, 5.945448088684292 ], [ -74.60753336407825, 5.95504177566944 ], [ -74.612819084094426, 5.965834673527731 ], [ -74.610469875198348, 5.973329741484878 ], [ -74.603422248510128, 5.98112461216031 ], [ -74.594172238481818, 5.985921455652885 ], [ -74.585950007345545, 5.982773527110884 ], [ -74.578608729545309, 5.983073329829169 ], [ -74.568918242848994, 5.986970765166885 ], [ -74.564219825056838, 5.993716326328317 ], [ -74.562751569496783, 6.001960901081179 ], [ -74.567303161732937, 6.016501332918044 ], [ -74.571561102857075, 6.034489496015197 ], [ -74.571267451745072, 6.042883972127203 ], [ -74.567303161732937, 6.05757430532321 ], [ -74.561430139492742, 6.073463849392362 ], [ -74.566715859508918, 6.081258720067795 ], [ -74.576259520649231, 6.08260783230008 ], [ -74.584481751785503, 6.08815418258837 ], [ -74.597842877381936, 6.106142345685522 ], [ -74.603862725178132, 6.111538794614668 ], [ -74.611644479646387, 6.126678831888104 ], [ -74.608414317414287, 6.13867094061954 ], [ -74.602394469618091, 6.145116699062686 ], [ -74.596961924045914, 6.159956933617837 ], [ -74.588886518465642, 6.166102889342697 ], [ -74.579342857325329, 6.18708907962271 ], [ -74.57493809064519, 6.192035824474426 ], [ -74.571120626189057, 6.20702596038872 ], [ -74.573469835085135, 6.215720239219011 ], [ -74.561576965048744, 6.230260671055876 ], [ -74.552326955020447, 6.237755739013022 ], [ -74.543811072772172, 6.250347453181029 ], [ -74.539553131648034, 6.264288279581323 ], [ -74.534267411631859, 6.269384925792182 ], [ -74.526632482719606, 6.273582163848185 ], [ -74.528834866059682, 6.262789265989894 ], [ -74.524723750491546, 6.26009104152532 ], [ -74.52061263492341, 6.250497354540172 ], [ -74.522521367151469, 6.243751793378739 ], [ -74.511215799339098, 6.230410572415018 ], [ -74.513124531567158, 6.223964813971873 ], [ -74.505489602654905, 6.213621620191009 ], [ -74.499322929302707, 6.21317191611358 ], [ -74.487283233710315, 6.204927341360718 ], [ -74.482878467030176, 6.199830695149859 ], [ -74.475390363673924, 6.20402793320586 ], [ -74.469810992545746, 6.196982569326143 ], [ -74.473334805889863, 6.194584147579856 ], [ -74.474656235893903, 6.186339572826994 ], [ -74.472894329221845, 6.179893814383848 ], [ -74.477739572570002, 6.156659103716692 ], [ -74.46966416698973, 6.154410583329548 ], [ -74.461148284741455, 6.143167981393828 ], [ -74.45263240249318, 6.135672913436681 ], [ -74.455422088057276, 6.126379029169819 ], [ -74.449842716929084, 6.104793233453235 ], [ -74.451751449157143, 6.099246883164947 ], [ -74.442207788016844, 6.092651223362657 ], [ -74.432810952432533, 6.090552604334657 ], [ -74.431049045760474, 6.087254774433512 ], [ -74.419890303504104, 6.086805070356083 ], [ -74.411814897923847, 6.088453985306654 ], [ -74.400802981223478, 6.079160101039792 ], [ -74.400949806779479, 6.06776759774493 ], [ -74.397866470103381, 6.060872135224355 ], [ -74.389497413411107, 6.056225193090923 ], [ -74.384211693394931, 6.049329730570348 ], [ -74.383037088946892, 6.040335649021771 ], [ -74.378779147822755, 6.039586142226057 ], [ -74.368941835570439, 6.046631506105775 ], [ -74.361894208882205, 6.0397360435852 ], [ -74.347358478837734, 6.038986536789486 ], [ -74.344128316605619, 6.05202795503492 ], [ -74.337961643253422, 6.058323812118924 ], [ -74.337814817697421, 6.062521050174927 ], [ -74.329445761005147, 6.064469767843785 ], [ -74.319755274308818, 6.070615723568646 ], [ -74.303457637592288, 6.074363257547218 ], [ -74.302136207588248, 6.081708424145224 ], [ -74.298025092020112, 6.084106845891509 ], [ -74.288481430879798, 6.079609805117221 ], [ -74.286866349763741, 6.082457930940937 ], [ -74.25867584301082, 6.065519077357785 ], [ -74.2579417152308, 6.060422431146926 ], [ -74.263374260802976, 6.044382985718632 ], [ -74.263814737470994, 6.030292257959196 ], [ -74.258969494122837, 6.017400741072902 ], [ -74.260731400794896, 6.015452023404044 ], [ -74.246636147418428, 5.994016129046604 ], [ -74.238707567394172, 5.988020074680887 ], [ -74.226374220689763, 5.974678853717164 ], [ -74.222263105121627, 5.967933292555732 ], [ -74.236798835166098, 5.945148285966005 ], [ -74.237679788502135, 5.935704500340001 ], [ -74.2272551740258, 5.930907656847427 ], [ -74.224612314017705, 5.923712391608565 ], [ -74.22798930180582, 5.912319888313703 ], [ -74.238854392950174, 5.897179851040264 ], [ -74.243112334074311, 5.897629555117693 ], [ -74.252655995214624, 5.891933303470263 ], [ -74.258235366342802, 5.883239024639972 ], [ -74.272917921943289, 5.872146324063395 ], [ -74.27423935194733, 5.864201552028818 ], [ -74.269834585267191, 5.860603919409388 ], [ -74.270275061935209, 5.854457963684527 ], [ -74.266017120811057, 5.834521082918516 ] ] ] } },
{ "type": "Feature", "properties": { "Código departamento": "15", "Departamento": "Boyacá", "Código municipio": "580", "Municipio": "QUÍPAMA", "DIVIPOLA": "15580" }, "geometry": { "type": "Polygon", "coordinates": [ [ [ -74.161624150491647, 5.597976738190959 ], [ -74.16059637159961, 5.588982656642384 ], [ -74.164560661611745, 5.583286404994952 ], [ -74.162651929383671, 5.574292323446374 ], [ -74.163679708275708, 5.567846565003228 ], [ -74.16059637159961, 5.563499425588083 ], [ -74.155310651583434, 5.547909684237218 ], [ -74.142536828211021, 5.533519153759495 ], [ -74.129175702614575, 5.526773592598063 ], [ -74.13387412040673, 5.507436317268625 ], [ -74.138866189310903, 5.500690756107192 ], [ -74.14371143265906, 5.499641446593192 ], [ -74.151640012683316, 5.483002395728325 ], [ -74.157072558255493, 5.47820555223575 ], [ -74.173223369416021, 5.473408708743178 ], [ -74.175866229424102, 5.470710484278604 ], [ -74.175278927200083, 5.462166106807456 ], [ -74.17762813609616, 5.459617783702027 ], [ -74.182326553888316, 5.463665120398885 ], [ -74.186584495012454, 5.47355861010232 ], [ -74.194219423924707, 5.486600028347756 ], [ -74.201854352836961, 5.496943222128619 ], [ -74.215362303989409, 5.497692728924334 ], [ -74.224025011793685, 5.515830793380629 ], [ -74.216977385105452, 5.522576354542061 ], [ -74.204056736177037, 5.522726255901204 ], [ -74.200092446164902, 5.527373198034636 ], [ -74.198917841716863, 5.534118759196068 ], [ -74.205965468405097, 5.541463925794072 ], [ -74.2062591195171, 5.545661163850073 ], [ -74.19921149282888, 5.553156231807221 ], [ -74.212866269537315, 5.555254850835222 ], [ -74.219326594001529, 5.545361361131788 ], [ -74.227548825137802, 5.54446195297693 ], [ -74.240322648510215, 5.539215405406927 ], [ -74.24296550851831, 5.544761755695215 ], [ -74.259556796346857, 5.559751891609509 ], [ -74.272477445275271, 5.560501398405225 ], [ -74.283048885307622, 5.566347551411799 ], [ -74.291711593111899, 5.569195677235515 ], [ -74.297731440908109, 5.57504183024209 ], [ -74.302136207588248, 5.585385024022952 ], [ -74.305806846488366, 5.604872200711534 ], [ -74.310211613168505, 5.618813027111828 ], [ -74.315056856516676, 5.623010265167831 ], [ -74.309477485388484, 5.628706516815261 ], [ -74.306100497600383, 5.638450105159552 ], [ -74.299640173136169, 5.638450105159552 ], [ -74.282755234195605, 5.632004346716406 ], [ -74.269834585267191, 5.63020553040669 ], [ -74.268072678595132, 5.634552669821836 ], [ -74.256473459670744, 5.638749907877838 ], [ -74.246342496306411, 5.625258785554974 ], [ -74.235330579606057, 5.62450927875926 ], [ -74.223437709569666, 5.61791361895697 ], [ -74.220794849561585, 5.609369241485823 ], [ -74.206552770629116, 5.607570425176108 ], [ -74.202735306172983, 5.59857634362753 ], [ -74.20376308506502, 5.590931374311242 ], [ -74.198771016160862, 5.577740054706662 ], [ -74.193778947256689, 5.576690745192662 ], [ -74.182179728332315, 5.588233149846668 ], [ -74.179830519436237, 5.594379105571529 ], [ -74.171461462743963, 5.598276540909246 ], [ -74.161624150491647, 5.597976738190959 ] ] ] } },
{ "type": "Feature", "properties": { "Código departamento": "15", "Departamento": "Boyacá", "Código municipio": "755", "Municipio": "SOCOTÁ", "DIVIPOLA": "15755" }, "geometry": { "type": "Polygon", "coordinates": [ [ [ -72.542285093314575, 6.06986621677293 ], [ -72.539348582194478, 6.059972727069497 ], [ -72.530539048834186, 6.051728152316636 ], [ -72.535237466626342, 6.044382985718632 ], [ -72.539054931082461, 6.032690679705483 ], [ -72.527455712158087, 6.009455969038327 ], [ -72.510423947661522, 6.005108829623182 ], [ -72.507046959873421, 5.995964846715462 ], [ -72.49838425206913, 5.995964846715462 ], [ -72.49647551984107, 5.990868200504601 ], [ -72.488987416484818, 5.983672935265742 ], [ -72.483114394244637, 5.974229149639736 ], [ -72.466816757528093, 5.961937238190015 ], [ -72.450519120811563, 5.958039802852299 ], [ -72.446848481911445, 5.943799173733718 ], [ -72.435836565211076, 5.937803119368001 ], [ -72.423503218506681, 5.922513180735423 ], [ -72.420419881830583, 5.912469789672845 ], [ -72.415574638482411, 5.904075313560841 ], [ -72.418657975158524, 5.899728174145696 ], [ -72.426880206294783, 5.895980640167122 ], [ -72.443177843011327, 5.882189715125972 ], [ -72.450959597479581, 5.878442181147398 ], [ -72.45272150415164, 5.87094711319025 ], [ -72.461237386399915, 5.85970451125453 ], [ -72.461824688623935, 5.847112797086523 ], [ -72.472396128656285, 5.843515164467093 ], [ -72.477388197560444, 5.839917531847662 ], [ -72.479590580900521, 5.833171970686231 ], [ -72.48399534758066, 5.829724239425942 ], [ -72.486785033144756, 5.818031933412793 ], [ -72.505578704313365, 5.801842586625356 ], [ -72.505431878757364, 5.798095052646782 ], [ -72.525987456598031, 5.788651267020778 ], [ -72.541257314422538, 5.784753831683061 ], [ -72.549332720002795, 5.788201562943349 ], [ -72.566217658943359, 5.775759750134484 ], [ -72.575467668971655, 5.775459947416199 ], [ -72.583543074551926, 5.771112808001054 ], [ -72.604685954616613, 5.775759750134484 ], [ -72.609384372408769, 5.772012216155912 ], [ -72.62186454466918, 5.771412610719339 ], [ -72.625975660237316, 5.776958961007629 ], [ -72.624801055789277, 5.81023706273736 ], [ -72.623626451341238, 5.81683272253965 ], [ -72.631701856921495, 5.829124633989371 ], [ -72.627003439129339, 5.849211416114525 ], [ -72.630086775805452, 5.85970451125453 ], [ -72.628618520245396, 5.862402735719104 ], [ -72.62186454466918, 5.894481626575693 ], [ -72.616285173541002, 5.904674918997412 ], [ -72.620249463553122, 5.912919493750274 ], [ -72.642566948065863, 5.906623636666271 ], [ -72.65064235364612, 5.906923439384555 ], [ -72.650789179202121, 5.919065449475135 ], [ -72.643888378069903, 5.928209432382853 ], [ -72.640511390281787, 5.948296214508008 ], [ -72.639630436945765, 5.963885955858873 ], [ -72.632582810257531, 5.973629544203164 ], [ -72.633316938037552, 5.980974710801168 ], [ -72.643007424733867, 5.989818890990601 ], [ -72.653725690322219, 5.991767608659459 ], [ -72.657396329222337, 6.003759717390895 ], [ -72.652404260318178, 6.018000346509473 ], [ -72.646971714746002, 6.023546696797763 ], [ -72.641245518061808, 6.034939200092626 ], [ -72.644035203625904, 6.040485550380915 ], [ -72.646531238077984, 6.053676869985494 ], [ -72.650495528090119, 6.059972727069497 ], [ -72.656955852554333, 6.063120655611498 ], [ -72.653285213654215, 6.076311975216076 ], [ -72.654459818102254, 6.08260783230008 ], [ -72.653578864766217, 6.096548658700374 ], [ -72.656221724774298, 6.116485539466384 ], [ -72.639043134721746, 6.111988498692097 ], [ -72.637134402493672, 6.107791260636094 ], [ -72.627443915797357, 6.110489485100667 ], [ -72.617753429101043, 6.102394811706948 ], [ -72.60688833795669, 6.102694614425235 ], [ -72.601602617940515, 6.10959007694581 ], [ -72.591618480132183, 6.108240964713523 ], [ -72.580312912319812, 6.116935243543813 ], [ -72.56577718227534, 6.118883961212672 ], [ -72.562106543375222, 6.111388893255525 ], [ -72.563721624491279, 6.104193628016664 ], [ -72.560050985591147, 6.095049645108944 ], [ -72.560638287815166, 6.088453985306654 ], [ -72.551681928898873, 6.084556549968938 ], [ -72.545955732214694, 6.078110791525792 ], [ -72.542285093314575, 6.06986621677293 ] ] ] } },
{ "type": "Feature", "properties": { "Código departamento": "15", "Departamento": "Boyacá", "Código municipio": "757", "Municipio": "SOCHA", "DIVIPOLA": "15757" }, "geometry": { "type": "Polygon", "coordinates": [ [ [ -72.65064235364612, 5.906923439384555 ], [ -72.656809026998317, 5.892383007547692 ], [ -72.652844736986196, 5.890134487160547 ], [ -72.655340771438276, 5.881889912407686 ], [ -72.674428093718902, 5.867799184648249 ], [ -72.683237627079194, 5.866000368338534 ], [ -72.695130497115585, 5.871097014549394 ], [ -72.701297170467782, 5.879641392020541 ], [ -72.704086856031878, 5.888185769491689 ], [ -72.710253529384076, 5.890883993956261 ], [ -72.711134482720098, 5.905124623074841 ], [ -72.716860679404292, 5.912919493750274 ], [ -72.718916237188353, 5.920114758989135 ], [ -72.726551166100606, 5.930008248692569 ], [ -72.721705922752449, 5.93510489490343 ], [ -72.713336866060175, 5.938102922086288 ], [ -72.714364644952212, 5.944548680529434 ], [ -72.721412271640446, 5.948745918585437 ], [ -72.728606723884681, 5.946647299557434 ], [ -72.733451967232838, 5.951144340331724 ], [ -72.736388478352936, 5.962836646344873 ], [ -72.741821023925112, 5.97647767002688 ], [ -72.742995628373151, 5.987870173321743 ], [ -72.737416257244959, 5.991767608659459 ], [ -72.726844817212623, 5.993416523610033 ], [ -72.717888458296329, 5.99686425487032 ], [ -72.704527332699882, 6.008706462242611 ], [ -72.701590821579785, 6.01830014922776 ], [ -72.697773357123666, 6.025195611748335 ], [ -72.683237627079194, 6.037637424557199 ], [ -72.677070953726982, 6.049779434647777 ], [ -72.666646339250647, 6.055475686295208 ], [ -72.660626491454451, 6.056075291731781 ], [ -72.656955852554333, 6.063120655611498 ], [ -72.650495528090119, 6.059972727069497 ], [ -72.646531238077984, 6.053676869985494 ], [ -72.644035203625904, 6.040485550380915 ], [ -72.641245518061808, 6.034939200092626 ], [ -72.646971714746002, 6.023546696797763 ], [ -72.652404260318178, 6.018000346509473 ], [ -72.657396329222337, 6.003759717390895 ], [ -72.653725690322219, 5.991767608659459 ], [ -72.643007424733867, 5.989818890990601 ], [ -72.633316938037552, 5.980974710801168 ], [ -72.632582810257531, 5.973629544203164 ], [ -72.639630436945765, 5.963885955858873 ], [ -72.640511390281787, 5.948296214508008 ], [ -72.643888378069903, 5.928209432382853 ], [ -72.650789179202121, 5.919065449475135 ], [ -72.65064235364612, 5.906923439384555 ] ] ] } },
{ "type": "Feature", "properties": { "Código departamento": "15", "Departamento": "Boyacá", "Código municipio": "759", "Municipio": "SOGAMOSO", "DIVIPOLA": "15759" }, "geometry": { "type": "Polygon", "coordinates": [ [ [ -72.871027513209341, 5.742031944327324 ], [ -72.872642594325399, 5.732438257342175 ], [ -72.878515616565593, 5.726142400258172 ], [ -72.871174338765343, 5.721795260843026 ], [ -72.875285454333479, 5.705306111337303 ], [ -72.870587036541338, 5.688966863190724 ], [ -72.861777503181045, 5.683720315620721 ], [ -72.853408446488771, 5.68417001969815 ], [ -72.852087016484717, 5.674426431353859 ], [ -72.843717959792457, 5.667530968833282 ], [ -72.842396529788402, 5.663633533495566 ], [ -72.833880647540127, 5.654189747869562 ], [ -72.824336986399814, 5.653889945151275 ], [ -72.824777463067832, 5.6459451731167 ], [ -72.818463964159619, 5.643246948652126 ], [ -72.803194106335127, 5.650142411172703 ], [ -72.79115441074272, 5.659286394080421 ], [ -72.7871901207306, 5.657787380488991 ], [ -72.773241692910133, 5.647444186708129 ], [ -72.77089248401407, 5.643546751370413 ], [ -72.777646459590287, 5.639499414673554 ], [ -72.788658376290641, 5.627957010019547 ], [ -72.797027432982915, 5.609219340126679 ], [ -72.807158396347248, 5.5939294014941 ], [ -72.811709988583402, 5.584935319945523 ], [ -72.836229856436205, 5.595878119162959 ], [ -72.843571134236441, 5.596177921881243 ], [ -72.847388598692575, 5.600225258578104 ], [ -72.860456073177005, 5.60007535721896 ], [ -72.873376722105419, 5.605022102070678 ], [ -72.882773557689731, 5.606521115662107 ], [ -72.892757695498062, 5.614016183619253 ], [ -72.895547381062144, 5.613716380900969 ], [ -72.897456113290218, 5.616564506724683 ], [ -72.923003760035044, 5.620162139344115 ], [ -72.927555352271199, 5.629605924970119 ], [ -72.932106944507353, 5.631254839920692 ], [ -72.940476001199613, 5.627207503223832 ], [ -72.961765706820316, 5.642947145933841 ], [ -72.963527613492374, 5.649093101658701 ], [ -72.967491903504509, 5.654189747869562 ], [ -72.971015716848626, 5.66483274436871 ], [ -72.965729996832451, 5.672477713685001 ], [ -72.963674439048376, 5.681621696592718 ], [ -72.947376802331846, 5.714450094245023 ], [ -72.94399981454373, 5.724793288025885 ], [ -72.945614895659787, 5.729590131518459 ], [ -72.944733942323765, 5.746079281024183 ], [ -72.935337106739453, 5.750876124516757 ], [ -72.924765666707103, 5.758970797910476 ], [ -72.912285494446692, 5.757471784319047 ], [ -72.891729916606025, 5.763317937325621 ], [ -72.88585689436583, 5.762718331889048 ], [ -72.88203942990971, 5.767515175381623 ], [ -72.877487837673556, 5.764667049557906 ], [ -72.876900535449536, 5.752075335389901 ], [ -72.871027513209341, 5.742031944327324 ] ] ] } },
{ "type": "Feature", "properties": { "Código departamento": "15", "Departamento": "Boyacá", "Código municipio": "761", "Municipio": "SOMONDOCO", "DIVIPOLA": "15761" }, "geometry": { "type": "Polygon", "coordinates": [ [ [ -73.376988379201919, 5.015909760638928 ], [ -73.377428855869937, 5.008564594040924 ], [ -73.385944738118212, 4.997621794823488 ], [ -73.390936807022385, 4.98083284259948 ], [ -73.396516178150563, 4.972888070564905 ], [ -73.404591583730834, 4.957897934650611 ], [ -73.422944778231425, 4.944856516405175 ], [ -73.428377323803616, 4.934363421265169 ], [ -73.433075741595758, 4.929416676413452 ], [ -73.438214636055932, 4.918623778555161 ], [ -73.439242414947969, 4.907231275260297 ], [ -73.447611471640244, 4.909779598365728 ], [ -73.449813854980306, 4.915176047294874 ], [ -73.447758297196245, 4.921471904378877 ], [ -73.450694808316342, 4.934663223983455 ], [ -73.46669879392087, 4.943957108250317 ], [ -73.462000376128714, 4.956249019700038 ], [ -73.465817840584833, 4.964793397171186 ], [ -73.471690862825028, 4.96959024066376 ], [ -73.46992895615297, 4.980383138522051 ], [ -73.465964666140849, 4.982931461627481 ], [ -73.453337668324423, 4.9920754445352 ], [ -73.447170994972225, 4.99462376764063 ], [ -73.438508287167934, 4.998821005696633 ], [ -73.437627333831912, 5.002568539675207 ], [ -73.425734463795521, 5.009763804914066 ], [ -73.40003999149468, 5.007065580449495 ], [ -73.388587598126307, 5.015310155202356 ], [ -73.376988379201919, 5.015909760638928 ] ] ] } },
{ "type": "Feature", "properties": { "Código departamento": "15", "Departamento": "Boyacá", "Código municipio": "842", "Municipio": "ÚMBITA", "DIVIPOLA": "15842" }, "geometry": { "type": "Polygon", "coordinates": [ [ [ -73.40136142149872, 5.242710517022194 ], [ -73.404151107062816, 5.231168112368189 ], [ -73.397984433710619, 5.226371268875615 ], [ -73.392405062582426, 5.216777581890466 ], [ -73.401067770386717, 5.209582316651605 ], [ -73.406793967070911, 5.198339714715885 ], [ -73.411932861531071, 5.196390997047026 ], [ -73.416484453767225, 5.189045830449023 ], [ -73.42558763823952, 5.181700663851019 ], [ -73.428083672691599, 5.174355497253013 ], [ -73.435278124935834, 5.165211514345295 ], [ -73.436893206051892, 5.159365361338721 ], [ -73.447317820528227, 5.158166150465576 ], [ -73.462147201684715, 5.15217009609986 ], [ -73.465964666140849, 5.15321940561386 ], [ -73.47727023395322, 5.148122759402999 ], [ -73.481675000633359, 5.153968912409575 ], [ -73.492980568445731, 5.154118813768718 ], [ -73.503698834034083, 5.151720392022431 ], [ -73.511921065170355, 5.162363388521579 ], [ -73.50986550738628, 5.171657272788441 ], [ -73.511921065170355, 5.177953129872445 ], [ -73.510305984054298, 5.187996520935022 ], [ -73.521905202978672, 5.192193758991023 ], [ -73.52352028409473, 5.200438333743885 ], [ -73.521905202978672, 5.210631626165605 ], [ -73.52352028409473, 5.22052511586904 ], [ -73.514857576290439, 5.232667125959618 ], [ -73.515151227402455, 5.237314068093048 ], [ -73.507516298490202, 5.244659234691052 ], [ -73.506194868486162, 5.250055683620197 ], [ -73.500615497357984, 5.252304204007342 ], [ -73.491512312885675, 5.26339690458392 ], [ -73.484464686197441, 5.274939309237927 ], [ -73.484171035085438, 5.280185856807928 ], [ -73.478004361733241, 5.289479741074792 ], [ -73.471397211713025, 5.294126683208222 ], [ -73.466551968364854, 5.291878162821079 ], [ -73.458476562784597, 5.295175992722222 ], [ -73.451869412764381, 5.303570468834228 ], [ -73.442032100512051, 5.299073428059939 ], [ -73.433809869375793, 5.300872244369654 ], [ -73.433956694931794, 5.294726288644793 ], [ -73.447905122752246, 5.278686843216499 ], [ -73.445996390524186, 5.269992564386208 ], [ -73.446730518304207, 5.260398877401061 ], [ -73.450694808316342, 5.253503414880487 ], [ -73.449373378312302, 5.246757853719054 ], [ -73.442766228292086, 5.244059629254481 ], [ -73.433075741595758, 5.250805190415913 ], [ -73.416190802655208, 5.254702625753629 ], [ -73.406206664846877, 5.254552724394487 ], [ -73.40136142149872, 5.242710517022194 ] ] ] } },
{ "type": "Feature", "properties": { "Código departamento": "15", "Departamento": "Boyacá", "Código municipio": "861", "Municipio": "VENTAQUEMADA", "DIVIPOLA": "15861" }, "geometry": { "type": "Polygon", "coordinates": [ [ [ -73.415750325987204, 5.448525083125449 ], [ -73.417512232659249, 5.441479719245732 ], [ -73.425293987127503, 5.437432382548871 ], [ -73.433369392707775, 5.424390964303437 ], [ -73.440857496064012, 5.415097080036573 ], [ -73.442032100512051, 5.397858423735136 ], [ -73.447170994972225, 5.38736532859513 ], [ -73.454659098328477, 5.385566512285416 ], [ -73.460678946124673, 5.377621740250839 ], [ -73.466551968364854, 5.378970852483126 ], [ -73.477710710621224, 5.370126672293693 ], [ -73.485051988421475, 5.368777560061406 ], [ -73.494742475117789, 5.359783478512829 ], [ -73.504579787370105, 5.352738114633111 ], [ -73.512948844062379, 5.339546795028533 ], [ -73.522052028534688, 5.345692750753392 ], [ -73.525869492990807, 5.342394920852249 ], [ -73.539083793031239, 5.341195709979105 ], [ -73.549361581951572, 5.332501431148814 ], [ -73.548774279727553, 5.324406757755097 ], [ -73.553032220851691, 5.313763761255948 ], [ -73.548040151947532, 5.299673033496512 ], [ -73.55420682529973, 5.296824907672796 ], [ -73.56727429978416, 5.304619778348228 ], [ -73.577258437592491, 5.301471849806226 ], [ -73.589151307628882, 5.307467904171944 ], [ -73.599429096549216, 5.318860407466807 ], [ -73.593996550977039, 5.329203601247669 ], [ -73.593262423197018, 5.346891961626537 ], [ -73.5960521087611, 5.364580322005403 ], [ -73.599429096549216, 5.370276573652835 ], [ -73.598694968769195, 5.378371247046554 ], [ -73.590032260964904, 5.389913651700561 ], [ -73.592528295416997, 5.398458029171707 ], [ -73.575643356476434, 5.406852505283712 ], [ -73.56154810309998, 5.404454083537424 ], [ -73.553913174187727, 5.406852505283712 ], [ -73.541433001927317, 5.420643430324863 ], [ -73.537615537471197, 5.419294318092576 ], [ -73.530861561894966, 5.424390964303437 ], [ -73.522786156314709, 5.421842641198006 ], [ -73.512802018506378, 5.429637511873438 ], [ -73.508250426270223, 5.429187807796009 ], [ -73.496357556233846, 5.438781494781158 ], [ -73.488135325097574, 5.435783467598299 ], [ -73.478151187289242, 5.42663948469058 ], [ -73.470222607264986, 5.436682875753157 ], [ -73.465817840584833, 5.439081297499444 ], [ -73.455833702776516, 5.450173998076022 ], [ -73.454512272772462, 5.456020151082597 ], [ -73.447317820528227, 5.469061569328033 ], [ -73.437774159387914, 5.456170052441739 ], [ -73.430873358255695, 5.450773603512594 ], [ -73.415750325987204, 5.448525083125449 ] ] ] } },
{ "type": "Feature", "properties": { "Código departamento": "15", "Departamento": "Boyacá", "Código municipio": "879", "Municipio": "VIRACACHÁ", "DIVIPOLA": "15879" }, "geometry": { "type": "Polygon", "coordinates": [ [ [ -73.215627093152634, 5.440280508372587 ], [ -73.212103279808517, 5.426189780613151 ], [ -73.221940592060847, 5.406852505283712 ], [ -73.251305703261806, 5.408501420234285 ], [ -73.256885074389984, 5.406852505283712 ], [ -73.268043816646355, 5.412548756931144 ], [ -73.273623187774533, 5.412099052853715 ], [ -73.276266047782627, 5.416895896346289 ], [ -73.282726372246842, 5.419144416733434 ], [ -73.287571615594999, 5.417195699064576 ], [ -73.297262102291313, 5.418694712656005 ], [ -73.302254171195472, 5.422292345275435 ], [ -73.318258156799999, 5.425290372458293 ], [ -73.306218461207607, 5.440580311090874 ], [ -73.314293866787864, 5.450024096716878 ], [ -73.309595448995722, 5.462166106807456 ], [ -73.310035925663726, 5.465763739426888 ], [ -73.303869252311529, 5.472059596510891 ], [ -73.296234323399275, 5.475807130489463 ], [ -73.285956534478942, 5.485400817474612 ], [ -73.283166848914846, 5.487799239220899 ], [ -73.275825571114609, 5.48375190252404 ], [ -73.275825571114609, 5.474458018257178 ], [ -73.266722386642314, 5.474158215538892 ], [ -73.261877143294157, 5.466213443504317 ], [ -73.262023968850158, 5.461716402730027 ], [ -73.244845378797592, 5.457369263314882 ], [ -73.233539810985221, 5.456170052441739 ], [ -73.21841677871673, 5.444627647787732 ], [ -73.215627093152634, 5.440280508372587 ] ] ] } },
{ "type": "Feature", "properties": { "Código departamento": "15", "Departamento": "Boyacá", "Código municipio": "897", "Municipio": "ZETAQUIRA", "DIVIPOLA": "15897" }, "geometry": { "type": "Polygon", "coordinates": [ [ [ -73.04986104042321, 5.373274600835694 ], [ -73.043107064846978, 5.360083281231115 ], [ -73.046484052635094, 5.353787424147112 ], [ -73.044868971519037, 5.34089590726082 ], [ -73.040611030394899, 5.325755869987382 ], [ -73.046043575967076, 5.320359421058236 ], [ -73.041638809286937, 5.312414649023661 ], [ -73.047071354859114, 5.308367312326802 ], [ -73.058083271559468, 5.308067509608516 ], [ -73.063956293799663, 5.300572441651368 ], [ -73.081722186076249, 5.290079346511363 ], [ -73.094789660560679, 5.284982700300502 ], [ -73.107857135045109, 5.27718782962507 ], [ -73.111234122833224, 5.27104187390021 ], [ -73.116519842849385, 5.270592169822781 ], [ -73.124007946205637, 5.261148384196775 ], [ -73.126650806213718, 5.253953118957914 ], [ -73.136488118466048, 5.246158248282481 ], [ -73.145444477382341, 5.235815054501619 ], [ -73.148234162946423, 5.229069493340186 ], [ -73.161154811874852, 5.238813081684477 ], [ -73.170404821903162, 5.239862391198478 ], [ -73.173781809691263, 5.236564561297334 ], [ -73.191547701967849, 5.240012292557622 ], [ -73.196539770872008, 5.236114857219905 ], [ -73.20725803646036, 5.235964955860761 ], [ -73.215333442040631, 5.23176771780476 ], [ -73.217682650936709, 5.223223340333612 ], [ -73.21782947649271, 5.211081330243034 ], [ -73.225023928736945, 5.201487643257885 ], [ -73.235301717657279, 5.192343660350168 ], [ -73.24205569323351, 5.188895929089878 ], [ -73.251746179929825, 5.188895929089878 ], [ -73.257766027726021, 5.184998493752162 ], [ -73.263932701078218, 5.190245041322165 ], [ -73.27332953666253, 5.192943265786739 ], [ -73.279055733346723, 5.191744054913594 ], [ -73.290067650047078, 5.197590207920169 ], [ -73.295647021175256, 5.198339714715885 ], [ -73.283460500026862, 5.206734190827889 ], [ -73.275678745558608, 5.213779554707608 ], [ -73.256297772165965, 5.219625707714182 ], [ -73.254242214381904, 5.226820972953043 ], [ -73.247341413249671, 5.230568506931616 ], [ -73.257472376614004, 5.236564561297334 ], [ -73.269658897762412, 5.239262785761906 ], [ -73.279349384458726, 5.245408741486767 ], [ -73.277734303342669, 5.256951146140774 ], [ -73.28507558114292, 5.265795326330207 ], [ -73.288012092263017, 5.277037928265927 ], [ -73.28580970892294, 5.287381122046789 ], [ -73.279349384458726, 5.291128656025363 ], [ -73.27274223443851, 5.299073428059939 ], [ -73.259527934398079, 5.291578360102792 ], [ -73.260702538846118, 5.287680924765076 ], [ -73.243230297681549, 5.287980727483363 ], [ -73.233686636541222, 5.285132601659646 ], [ -73.219885034276771, 5.300722343010512 ], [ -73.200357235328141, 5.316611887079664 ], [ -73.191107225299831, 5.317211492516235 ], [ -73.188317539735749, 5.325306165909953 ], [ -73.157924649642752, 5.350789396964253 ], [ -73.146325430718363, 5.349590186091109 ], [ -73.143095268486263, 5.346292356189966 ], [ -73.133111130677932, 5.350639495605111 ], [ -73.126357155101715, 5.357385056766543 ], [ -73.118869051745463, 5.350339692886824 ], [ -73.111234122833224, 5.34809117249968 ], [ -73.102571415028933, 5.351389002400825 ], [ -73.090238068324524, 5.361582294822544 ], [ -73.074380908276012, 5.369077362779692 ], [ -73.066452328251756, 5.369227264138835 ], [ -73.061753910459601, 5.366529039674261 ], [ -73.04986104042321, 5.373274600835694 ] ] ] } },
{ "type": "Feature", "properties": { "Código departamento": "15", "Departamento": "Boyacá", "Código municipio": "218", "Municipio": "COVARACHÍA", "DIVIPOLA": "15218" }, "geometry": { "type": "Polygon", "coordinates": [ [ [ -72.743289279485154, 6.565739912817773 ], [ -72.743436105041155, 6.558994351656341 ], [ -72.729928153888721, 6.551499283699193 ], [ -72.721118620528429, 6.55389770544548 ], [ -72.712015436056134, 6.543104807587189 ], [ -72.70423368158788, 6.539806977686044 ], [ -72.70041621713176, 6.527515066236323 ], [ -72.696598752675627, 6.526315855363179 ], [ -72.694102718223547, 6.513874042554316 ], [ -72.686761440423311, 6.508327692266026 ], [ -72.679273337067059, 6.48959002237316 ], [ -72.679566988179062, 6.482694559852585 ], [ -72.685586835975272, 6.480895743542869 ], [ -72.696598752675627, 6.469503240248005 ], [ -72.706289239371941, 6.455112709770284 ], [ -72.713630517172192, 6.450165964918566 ], [ -72.71671385384829, 6.442371094243133 ], [ -72.724936084984563, 6.442970699679706 ], [ -72.738003559468979, 6.440272475215132 ], [ -72.725229736096566, 6.456012117925142 ], [ -72.728166247216663, 6.464106791318859 ], [ -72.73682895502094, 6.473100872867437 ], [ -72.738297210580996, 6.483144263930012 ], [ -72.735948001684918, 6.49063933188716 ], [ -72.747840871721309, 6.494536767224877 ], [ -72.756209928413583, 6.493787260429161 ], [ -72.765753589553896, 6.499483512076593 ], [ -72.772507565130113, 6.50847759362517 ], [ -72.773828995134153, 6.520619603715748 ], [ -72.779261540706329, 6.529313882546039 ], [ -72.78792424851062, 6.531712304292324 ], [ -72.794531398530836, 6.52991348798261 ], [ -72.810975860803381, 6.542355300791473 ], [ -72.805983791899209, 6.54625273612919 ], [ -72.80422188522715, 6.56049336524777 ], [ -72.795412351866872, 6.568737940000632 ], [ -72.783079005162463, 6.573984487570635 ], [ -72.779114715150328, 6.580430246013781 ], [ -72.770011530678033, 6.579980541936352 ], [ -72.766781368445933, 6.582828667760068 ], [ -72.759586916201698, 6.581179752809494 ], [ -72.743289279485154, 6.565739912817773 ] ] ] } },
{ "type": "Feature", "properties": { "Código departamento": "15", "Departamento": "Boyacá", "Código municipio": "224", "Municipio": "CUCAITA", "DIVIPOLA": "15224" }, "geometry": { "type": "Polygon", "coordinates": [ [ [ -73.422504301563421, 5.560801201123511 ], [ -73.426615417131558, 5.554505344039508 ], [ -73.422504301563421, 5.540114813561785 ], [ -73.425147161571502, 5.529771619780923 ], [ -73.415163023763171, 5.522426453182917 ], [ -73.412666989311091, 5.5153810893032 ], [ -73.407674920406933, 5.510434344451483 ], [ -73.416190802655208, 5.503838684649193 ], [ -73.420448743779346, 5.49394519494576 ], [ -73.432341613815737, 5.485850521552041 ], [ -73.455246400552497, 5.49859213707919 ], [ -73.45304401721242, 5.502339671057764 ], [ -73.457889260560577, 5.5164303988172 ], [ -73.465230538360814, 5.515830793380629 ], [ -73.483290081749402, 5.530671027935779 ], [ -73.491512312885675, 5.535467871428353 ], [ -73.490778185105654, 5.548958993751218 ], [ -73.481381349521342, 5.548509289673789 ], [ -73.476682931729187, 5.550757810060934 ], [ -73.469194828372949, 5.549558599187789 ], [ -73.460678946124673, 5.555554653553508 ], [ -73.441151147176029, 5.557053667144937 ], [ -73.434690822711815, 5.563499425588083 ], [ -73.42881780047162, 5.565148340538655 ], [ -73.422504301563421, 5.560801201123511 ] ] ] } },
{ "type": "Feature", "properties": { "Código departamento": "15", "Departamento": "Boyacá", "Código municipio": "226", "Municipio": "CUÍTIVA", "DIVIPOLA": "15226" }, "geometry": { "type": "Polygon", "coordinates": [ [ [ -72.895547381062144, 5.613716380900969 ], [ -72.9002457988543, 5.598726244986675 ], [ -72.898483892182242, 5.585834728100381 ], [ -72.902301356638361, 5.579838673734664 ], [ -72.92579344559914, 5.567246959566657 ], [ -72.949138709003904, 5.554505344039508 ], [ -72.961325230152298, 5.559901792968653 ], [ -72.977916517980844, 5.572043803059231 ], [ -72.985257795781081, 5.58268679955838 ], [ -72.987460179121157, 5.577889956065806 ], [ -72.995241933589412, 5.582986602276665 ], [ -73.003610990281686, 5.5928800919801 ], [ -72.992305422469315, 5.589582262078955 ], [ -72.98643240022912, 5.595128612367243 ], [ -72.971309367960629, 5.5928800919801 ], [ -72.96822603128453, 5.595128612367243 ], [ -72.958535544588216, 5.594379105571529 ], [ -72.950606964563946, 5.598276540909246 ], [ -72.949285534559905, 5.607420523816965 ], [ -72.945027593435768, 5.611917564591253 ], [ -72.928142654495218, 5.614765690414969 ], [ -72.923003760035044, 5.620162139344115 ], [ -72.897456113290218, 5.616564506724683 ], [ -72.895547381062144, 5.613716380900969 ] ] ] } },
{ "type": "Feature", "properties": { "Código departamento": "15", "Departamento": "Boyacá", "Código municipio": "232", "Municipio": "CHÍQUIZA", "DIVIPOLA": "15232" }, "geometry": { "type": "Polygon", "coordinates": [ [ [ -73.38183362255009, 5.672627615044143 ], [ -73.383595529222148, 5.656288366897562 ], [ -73.389909028130347, 5.650442213890988 ], [ -73.390055853686349, 5.645795271757557 ], [ -73.399159038158658, 5.638150302441267 ], [ -73.405766188178873, 5.629755826329263 ], [ -73.405325711510855, 5.624958982836689 ], [ -73.41119873375105, 5.617014210802112 ], [ -73.420155092667343, 5.619412632548399 ], [ -73.431313834923714, 5.611917564591253 ], [ -73.443059879404089, 5.606970819739536 ], [ -73.443647181628108, 5.600225258578104 ], [ -73.452309889432399, 5.593629598775814 ], [ -73.472424990605049, 5.589582262078955 ], [ -73.482115477301377, 5.58268679955838 ], [ -73.490337708437636, 5.573243013932374 ], [ -73.498853590685925, 5.559452088891224 ], [ -73.502671055142045, 5.57714044927009 ], [ -73.51177423961434, 5.582836700917523 ], [ -73.513242495174396, 5.590031966156384 ], [ -73.511040111834319, 5.599475751782388 ], [ -73.516325831850494, 5.600974765373818 ], [ -73.5072226473782, 5.613866282260111 ], [ -73.499881369577949, 5.621061547498972 ], [ -73.490484533993651, 5.624359377400116 ], [ -73.483436907305418, 5.635601979335838 ], [ -73.489603580657615, 5.642797244574697 ], [ -73.489603580657615, 5.647294285348987 ], [ -73.482996430637399, 5.658536887284707 ], [ -73.481968651745362, 5.669329785142998 ], [ -73.479032140625264, 5.67757435989586 ], [ -73.461119422792677, 5.682521104747576 ], [ -73.452750366100403, 5.678024063973289 ], [ -73.442766228292086, 5.682970808825005 ], [ -73.433222567151773, 5.693014199887583 ], [ -73.423385254899443, 5.70770453308359 ], [ -73.415163023763171, 5.707254829006161 ], [ -73.411051908195049, 5.712351475217022 ], [ -73.400774119274701, 5.714450094245023 ], [ -73.397690782598602, 5.702607886872731 ], [ -73.385944738118212, 5.693463903965012 ], [ -73.383595529222148, 5.687617750958437 ], [ -73.38183362255009, 5.672627615044143 ] ] ] } },
{ "type": "Feature", "properties": { "Código departamento": "15", "Departamento": "Boyacá", "Código municipio": "236", "Municipio": "CHIVOR", "DIVIPOLA": "15236" }, "geometry": { "type": "Polygon", "coordinates": [ [ [ -73.299024008963372, 4.903034037204296 ], [ -73.30078591563543, 4.898836799148293 ], [ -73.297555753403316, 4.88189794556514 ], [ -73.310476402331744, 4.867657316446562 ], [ -73.319432761248038, 4.854166194123697 ], [ -73.32824229460833, 4.847270731603122 ], [ -73.332500235732468, 4.841124775878261 ], [ -73.339841513532704, 4.822986711421966 ], [ -73.330591503504408, 4.808146476866814 ], [ -73.340135164644721, 4.796753973571952 ], [ -73.341016117980743, 4.791357524642806 ], [ -73.352762162461133, 4.795854565417094 ], [ -73.357754231365291, 4.794955157262236 ], [ -73.371849484741759, 4.800801310268811 ], [ -73.372289961409777, 4.811144504049673 ], [ -73.365682811389561, 4.825385133168253 ], [ -73.375373298085876, 4.831830891611399 ], [ -73.374639170305855, 4.839775663645974 ], [ -73.383301878110132, 4.84817013975798 ], [ -73.391230458134388, 4.848919646553694 ], [ -73.393432841474464, 4.866008401495988 ], [ -73.396075701482545, 4.867657316446562 ], [ -73.401948723722739, 4.879949227896282 ], [ -73.414135244871147, 4.88084863605114 ], [ -73.421036046003366, 4.879349622459711 ], [ -73.431754311591718, 4.881448241487711 ], [ -73.43733368271991, 4.887144493135144 ], [ -73.446436867192205, 4.889842717599715 ], [ -73.439389240503971, 4.895089265169719 ], [ -73.437480508275911, 4.906331867105439 ], [ -73.428964626027636, 4.904083346718296 ], [ -73.409143175966975, 4.905732261668867 ], [ -73.402389200390758, 4.918024173118588 ], [ -73.39680982926258, 4.921771707097162 ], [ -73.387266168122267, 4.920872298942304 ], [ -73.383448703666133, 4.925369339716593 ], [ -73.375520123641877, 4.928667169617737 ], [ -73.369940752513699, 4.922071509815448 ], [ -73.362012172489443, 4.918024173118588 ], [ -73.354230418021174, 4.893440350219147 ], [ -73.340869292424742, 4.894039955655718 ], [ -73.334555793516529, 4.899736207303151 ], [ -73.322956574592155, 4.904982754873154 ], [ -73.324571655708212, 4.911128710598013 ], [ -73.313119262339839, 4.919373285350875 ], [ -73.309889100107725, 4.91907348263259 ], [ -73.300051787855409, 4.908280584774297 ], [ -73.299024008963372, 4.903034037204296 ] ] ] } },
{ "type": "Feature", "properties": { "Código departamento": "15", "Departamento": "Boyacá", "Código municipio": "238", "Municipio": "DUITAMA", "DIVIPOLA": "15238" }, "geometry": { "type": "Polygon", "coordinates": [ [ [ -73.031214194810588, 6.021148275051476 ], [ -73.034738008154704, 6.008706462242611 ], [ -73.041785634842938, 6.000761690208036 ], [ -73.040317379282897, 5.994016129046604 ], [ -73.048686435975171, 5.977676880900023 ], [ -73.035472135934739, 5.959838619162013 ], [ -73.035031659266721, 5.943199568297147 ], [ -73.02372609145435, 5.932406670438856 ], [ -73.021523708114273, 5.92596091199571 ], [ -73.026662602574447, 5.912769592391132 ], [ -73.022991963674329, 5.908272551616842 ], [ -73.016384813654113, 5.894481626575693 ], [ -73.008603059185859, 5.869747902317108 ], [ -73.01256734919798, 5.861653228923388 ], [ -73.011686395861958, 5.852958950093098 ], [ -73.014476081426039, 5.847712402523096 ], [ -73.013007825865998, 5.834820885636803 ], [ -73.010218140301902, 5.824327790496796 ], [ -72.999793525825567, 5.831523055735658 ], [ -72.992158596913313, 5.805140416526501 ], [ -72.994214154697374, 5.807388936913644 ], [ -73.014622906982055, 5.807538838272788 ], [ -73.016237988098098, 5.795097025463924 ], [ -73.022698312562312, 5.784454028964775 ], [ -73.028277683690504, 5.778757777317343 ], [ -73.034003880374684, 5.780706494986203 ], [ -73.040757855950901, 5.775609848775342 ], [ -73.041932460398939, 5.770813005282768 ], [ -73.050741993759232, 5.773811032465626 ], [ -73.056321364887424, 5.775909651493628 ], [ -73.077023768284093, 5.772911624310768 ], [ -73.081281709408231, 5.7765092569302 ], [ -73.077904721620129, 5.78880116837992 ], [ -73.079813453848189, 5.794797222745639 ], [ -73.077464244952111, 5.807838640991073 ], [ -73.078492023844149, 5.822828776905367 ], [ -73.082015837188266, 5.834371181559374 ], [ -73.098753950572814, 5.84951121883281 ], [ -73.103892845032973, 5.857605892226529 ], [ -73.117253970629406, 5.866450072415963 ], [ -73.118722226189462, 5.871097014549394 ], [ -73.110059518385185, 5.872296225422537 ], [ -73.10741665837709, 5.884438235513115 ], [ -73.109472216161151, 5.89133369803369 ], [ -73.119309528413481, 5.895231133371406 ], [ -73.130615096225853, 5.906173932588842 ], [ -73.126650806213718, 5.918765646756849 ], [ -73.131496049561875, 5.927160122868853 ], [ -73.129146840665811, 5.932556571797998 ], [ -73.142654791818245, 5.937353415290572 ], [ -73.145004000714323, 5.942450061501433 ], [ -73.152492104070575, 5.94484848324772 ], [ -73.161154811874852, 5.950844537613437 ], [ -73.160127032982814, 5.95759009877487 ], [ -73.163063544102911, 5.966734081682589 ], [ -73.167615136339066, 5.969282404788019 ], [ -73.171579426351201, 5.980525006723739 ], [ -73.171726251907202, 5.989668989631459 ], [ -73.175543716363322, 5.994465833124033 ], [ -73.162623067434907, 5.982923428470026 ], [ -73.155134964078655, 5.978576289054881 ], [ -73.154254010742619, 5.968382996633161 ], [ -73.142654791818245, 5.961037830035157 ], [ -73.130321445113836, 5.959239013725441 ], [ -73.124888899541659, 5.961937238190015 ], [ -73.115198412845345, 5.960887928676015 ], [ -73.112555552837264, 5.964035857218016 ], [ -73.101690461692897, 5.9622370409083 ], [ -73.096698392788738, 5.965684772168589 ], [ -73.08979759165652, 5.964635462654587 ], [ -73.081134883852229, 5.970181812942877 ], [ -73.082162662744267, 5.977227176822594 ], [ -73.077464244952111, 5.977377078181738 ], [ -73.067626932699781, 5.98262362575174 ], [ -73.062194387127605, 6.011104883988899 ], [ -73.054265807103349, 6.013653207094328 ], [ -73.047071354859114, 6.019499360100903 ], [ -73.034738008154704, 6.023396795438619 ], [ -73.031214194810588, 6.021148275051476 ] ] ] } },
{ "type": "Feature", "properties": { "Código departamento": "15", "Departamento": "Boyacá", "Código municipio": "244", "Municipio": "EL COCUY", "DIVIPOLA": "15244" }, "geometry": { "type": "Polygon", "coordinates": [ [ [ -72.31485230706312, 6.35797662904566 ], [ -72.317054690403182, 6.334741918378504 ], [ -72.333939629343746, 6.337739945561363 ], [ -72.338491221579886, 6.345534816236795 ], [ -72.351852347176333, 6.344635408081937 ], [ -72.363598391656708, 6.325747836829927 ], [ -72.371380146124963, 6.319152177027639 ], [ -72.372407925017001, 6.311357306352206 ], [ -72.378868249481215, 6.293069340536767 ], [ -72.390026991737585, 6.28257624539676 ], [ -72.396487316201785, 6.272233051615898 ], [ -72.412784952918329, 6.274481572003043 ], [ -72.425411950734741, 6.278828711418188 ], [ -72.435689739655075, 6.286173878016192 ], [ -72.444058796347349, 6.286473680734477 ], [ -72.454923887491702, 6.303562435676773 ], [ -72.472836605324289, 6.305810956063916 ], [ -72.483554870912641, 6.302663027521915 ], [ -72.488253288704797, 6.295617663642196 ], [ -72.49588821761705, 6.290820820149622 ], [ -72.496035043173052, 6.28707328617105 ], [ -72.498824728737148, 6.292469735100195 ], [ -72.500733460965208, 6.305810956063916 ], [ -72.510570773217523, 6.311207404993062 ], [ -72.510570773217523, 6.332643299350502 ], [ -72.513066807669617, 6.335341523815075 ], [ -72.517765225461773, 6.349282350215369 ], [ -72.510717598773539, 6.356777418172515 ], [ -72.508074738765444, 6.366221203798522 ], [ -72.490896148712892, 6.36921923098138 ], [ -72.481352487572579, 6.37686420029767 ], [ -72.485463603140715, 6.390805026697962 ], [ -72.474304860884345, 6.392903645725965 ], [ -72.471368349764248, 6.395751771549679 ], [ -72.466669931972092, 6.408193584358544 ], [ -72.45727309638778, 6.415388849597405 ], [ -72.456979445275778, 6.421534805322266 ], [ -72.448023086359484, 6.42333362163198 ], [ -72.447142133023448, 6.426481550173983 ], [ -72.430844496306918, 6.439972672496848 ], [ -72.424090520730701, 6.424832635223409 ], [ -72.411023046246271, 6.417637369984548 ], [ -72.400011129545902, 6.413440131928547 ], [ -72.389586515069567, 6.418087074061977 ], [ -72.38415396949739, 6.41568865231569 ], [ -72.382979365049351, 6.40954269659083 ], [ -72.373142052797022, 6.404146247661685 ], [ -72.362717438320686, 6.402047628633682 ], [ -72.33379280378773, 6.404595951739114 ], [ -72.33114994377965, 6.393803053880821 ], [ -72.324249142647432, 6.376714298938526 ], [ -72.320284852635297, 6.370868145931952 ], [ -72.321018980415317, 6.365471697002806 ], [ -72.31485230706312, 6.35797662904566 ] ] ] } },
{ "type": "Feature", "properties": { "Código departamento": "15", "Departamento": "Boyacá", "Código municipio": "248", "Municipio": "EL ESPINO", "DIVIPOLA": "15248" }, "geometry": { "type": "Polygon", "coordinates": [ [ [ -72.421300835166605, 6.519420392842604 ], [ -72.434661960763037, 6.50083262430888 ], [ -72.436570692991111, 6.494986471302306 ], [ -72.447435784135465, 6.489290219654873 ], [ -72.456832619719762, 6.489739923732302 ], [ -72.462999293071974, 6.48194505305687 ], [ -72.471368349764248, 6.478797124514867 ], [ -72.475919942000388, 6.466205410346862 ], [ -72.485757254252718, 6.464106791318859 ], [ -72.499412030961167, 6.475049590536295 ], [ -72.518939829909812, 6.477597913641724 ], [ -72.531860478838226, 6.486741896549444 ], [ -72.539201756638477, 6.487941107422587 ], [ -72.534356513290305, 6.496035780816306 ], [ -72.533475559954283, 6.502931243336881 ], [ -72.518793004353796, 6.515073253427459 ], [ -72.514535063229658, 6.52226851866632 ], [ -72.506312832093386, 6.529613685264324 ], [ -72.501908065413247, 6.53905747089033 ], [ -72.490015195376856, 6.54370441302376 ], [ -72.480618359792544, 6.549700467389479 ], [ -72.473277081992308, 6.547601848361476 ], [ -72.459622305283858, 6.548501256516334 ], [ -72.454189759711682, 6.539207372249472 ], [ -72.446261179687426, 6.538757668172043 ], [ -72.439947680779213, 6.529313882546039 ], [ -72.421300835166605, 6.519420392842604 ] ] ] } },
{ "type": "Feature", "properties": { "Código departamento": "15", "Departamento": "Boyacá", "Código municipio": "272", "Municipio": "FIRAVITOBA", "DIVIPOLA": "15272" }, "geometry": { "type": "Polygon", "coordinates": [ [ [ -72.947376802331846, 5.714450094245023 ], [ -72.963674439048376, 5.681621696592718 ], [ -72.965729996832451, 5.672477713685001 ], [ -72.971015716848626, 5.66483274436871 ], [ -72.967491903504509, 5.654189747869562 ], [ -72.963527613492374, 5.649093101658701 ], [ -72.967051426836491, 5.644146356806984 ], [ -72.974980006860747, 5.643996455447842 ], [ -72.982321284660998, 5.639949118750983 ], [ -72.989222085793216, 5.643846554088699 ], [ -72.992892724693334, 5.634552669821836 ], [ -72.998325270265511, 5.629605924970119 ], [ -73.004638769173724, 5.630655234484119 ], [ -73.003904641393703, 5.639649316032696 ], [ -73.00933718696588, 5.64339685001127 ], [ -73.017559418102152, 5.638749907877838 ], [ -73.027543555910469, 5.627657207301261 ], [ -73.041638809286937, 5.631854445357264 ], [ -73.05573406266339, 5.631854445357264 ], [ -73.063368991575643, 5.645495469039271 ], [ -73.070269792707876, 5.638899809236981 ], [ -73.075995989392055, 5.628406714096976 ], [ -73.079666628292188, 5.629755826329263 ], [ -73.084658697196346, 5.640698625546697 ], [ -73.095817439452716, 5.647594088067271 ], [ -73.104039670588975, 5.65613846553842 ], [ -73.102424589472932, 5.659136492721278 ], [ -73.085980127200386, 5.669779489220427 ], [ -73.068948362703836, 5.682521104747576 ], [ -73.059404701563523, 5.687018145521866 ], [ -73.044281669295017, 5.695712424352155 ], [ -73.038995949278842, 5.701258774640444 ], [ -73.038555472610838, 5.708454039879306 ], [ -73.029892764806547, 5.720596049969884 ], [ -73.024313393678369, 5.7244934853076 ], [ -73.009043535853863, 5.719696641815026 ], [ -73.000087176937569, 5.721345556765598 ], [ -72.986872876897138, 5.721195655406455 ], [ -72.981146680212959, 5.719246937737597 ], [ -72.972630797964669, 5.720596049969884 ], [ -72.964849043496415, 5.708753842597591 ], [ -72.952809347904022, 5.71430019288588 ], [ -72.947376802331846, 5.714450094245023 ] ] ] } },
{ "type": "Feature", "properties": { "Código departamento": "15", "Departamento": "Boyacá", "Código municipio": "276", "Municipio": "FLORESTA", "DIVIPOLA": "15276" }, "geometry": { "type": "Polygon", "coordinates": [ [ [ -72.872495768769397, 5.874694647168824 ], [ -72.891142614382005, 5.866450072415963 ], [ -72.894813253282123, 5.854158160966242 ], [ -72.893344997722068, 5.845763684854238 ], [ -72.899218019962262, 5.836769603305661 ], [ -72.895841032174161, 5.82342838234194 ], [ -72.896281508842179, 5.812035879047076 ], [ -72.896281508842179, 5.795246926823066 ], [ -72.901860879970357, 5.800943178470498 ], [ -72.912872796670712, 5.797645348569353 ], [ -72.917424388906866, 5.800343573033927 ], [ -72.926821224491178, 5.801093079829641 ], [ -72.933428374511394, 5.798844559442498 ], [ -72.943265686763709, 5.80663943011793 ], [ -72.948257755667868, 5.827325817679657 ], [ -72.959710149036255, 5.839467827770235 ], [ -72.971309367960629, 5.848761712037096 ], [ -72.975714134640782, 5.858505300381387 ], [ -72.960297451260274, 5.877242970274254 ], [ -72.955011731244099, 5.888635473569118 ], [ -72.949726011227924, 5.892383007547692 ], [ -72.950900615675963, 5.89792935783598 ], [ -72.948404581223883, 5.90452501763827 ], [ -72.940182350087611, 5.911870184236274 ], [ -72.930932340059314, 5.911870184236274 ], [ -72.930785514503299, 5.921613772580565 ], [ -72.9277021778272, 5.924461898404281 ], [ -72.925206143375121, 5.928509235101139 ], [ -72.917571214462868, 5.918016139961133 ], [ -72.909202157770594, 5.916517126369704 ], [ -72.906118821094495, 5.912919493750274 ], [ -72.907146599986532, 5.906173932588842 ], [ -72.903769612198417, 5.899278470068267 ], [ -72.897602938846219, 5.893732119779977 ], [ -72.893932299946101, 5.887136459977689 ], [ -72.877487837673556, 5.886087150463688 ], [ -72.872055292101379, 5.883538827358257 ], [ -72.872495768769397, 5.874694647168824 ] ] ] } },
{ "type": "Feature", "properties": { "Código departamento": "15", "Departamento": "Boyacá", "Código municipio": "293", "Municipio": "GACHANTIVÁ", "DIVIPOLA": "15293" }, "geometry": { "type": "Polygon", "coordinates": [ [ [ -73.500321846245967, 5.778907678676487 ], [ -73.503258357366065, 5.76526665499448 ], [ -73.508837728494242, 5.757321882959903 ], [ -73.507663124046204, 5.753274546263044 ], [ -73.499294067353929, 5.74952701228447 ], [ -73.496063905121829, 5.743680859277895 ], [ -73.500762322913985, 5.731988553264746 ], [ -73.5072226473782, 5.724793288025885 ], [ -73.522786156314709, 5.721195655406455 ], [ -73.519115517414576, 5.710102954829877 ], [ -73.521464726310654, 5.701858380077016 ], [ -73.532770294123026, 5.687317948240151 ], [ -73.542313955263339, 5.678024063973289 ], [ -73.552151267515669, 5.679073373487289 ], [ -73.563310009772039, 5.676674951741002 ], [ -73.569036206456218, 5.686718342803579 ], [ -73.574175100916392, 5.691964890373582 ], [ -73.56477826533208, 5.71025285618902 ], [ -73.568448904232199, 5.720146345892455 ], [ -73.573440973136371, 5.725392893462458 ], [ -73.575496530920432, 5.73468677772932 ], [ -73.572853670912338, 5.741882042968181 ], [ -73.57916716982055, 5.745179872869325 ], [ -73.581369553160627, 5.772611821592483 ], [ -73.56727429978416, 5.775310046057055 ], [ -73.575056054252414, 5.783254818091632 ], [ -73.58107590204861, 5.784903733042204 ], [ -73.582397332052665, 5.790000379253065 ], [ -73.582690983164667, 5.794497420027352 ], [ -73.574762403140411, 5.805889923322215 ], [ -73.568302078676197, 5.802142389343643 ], [ -73.56404413755206, 5.795996433618781 ], [ -73.555821906415787, 5.795097025463924 ], [ -73.542607606375356, 5.78670254935192 ], [ -73.527778225218867, 5.788201562943349 ], [ -73.523813935206732, 5.799444164879069 ], [ -73.51970281963861, 5.798694658083355 ], [ -73.511333762946322, 5.790300181971349 ], [ -73.502964706254062, 5.785653239837919 ], [ -73.500321846245967, 5.778907678676487 ] ] ] } },
{ "type": "Feature", "properties": { "Código departamento": "15", "Departamento": "Boyacá", "Código municipio": "296", "Municipio": "GÁMEZA", "DIVIPOLA": "15296" }, "geometry": { "type": "Polygon", "coordinates": [ [ [ -72.631701856921495, 5.829124633989371 ], [ -72.623626451341238, 5.81683272253965 ], [ -72.624801055789277, 5.81023706273736 ], [ -72.625975660237316, 5.776958961007629 ], [ -72.633904240261572, 5.781605903141059 ], [ -72.647559016970021, 5.783554620809917 ], [ -72.654900294770258, 5.78775185886592 ], [ -72.668995548146725, 5.780706494986203 ], [ -72.67619000039096, 5.783854423528203 ], [ -72.684118580415216, 5.783254818091632 ], [ -72.701150344911781, 5.773211427029055 ], [ -72.715098772732233, 5.773061525669912 ], [ -72.719209888300369, 5.771262709360196 ], [ -72.735507525016899, 5.773661131106484 ], [ -72.749015476169347, 5.772012216155912 ], [ -72.765019461773875, 5.766615767226765 ], [ -72.775297250694209, 5.770363301205339 ], [ -72.782491702938444, 5.767215372663338 ], [ -72.791007585186719, 5.773511229747341 ], [ -72.796293305202894, 5.772312018874197 ], [ -72.805983791899209, 5.78670254935192 ], [ -72.819491743051657, 5.793448110513352 ], [ -72.832118740868069, 5.797645348569353 ], [ -72.834614775320148, 5.805740021963072 ], [ -72.82580524195987, 5.807988542350217 ], [ -72.821253649723715, 5.820880059236509 ], [ -72.808920303019306, 5.832272562531373 ], [ -72.803781408559132, 5.833022069327087 ], [ -72.798055211874953, 5.853858358247956 ], [ -72.793356794082797, 5.852809048733955 ], [ -72.785868690726559, 5.84486427669938 ], [ -72.776325029586246, 5.847862303882239 ], [ -72.770011530678033, 5.840517137284235 ], [ -72.752686115069466, 5.825227198651654 ], [ -72.749162301725349, 5.817732130694508 ], [ -72.729194026108701, 5.825227198651654 ], [ -72.716126551624271, 5.82807532447537 ], [ -72.701590821579785, 5.835720293791661 ], [ -72.686761440423311, 5.832122661172229 ], [ -72.685880487087275, 5.822229171468796 ], [ -72.688523347095355, 5.817282426617079 ], [ -72.670316978150765, 5.809037851864217 ], [ -72.664884432578589, 5.808438246427646 ], [ -72.654606643658255, 5.811586174969647 ], [ -72.652404260318178, 5.814584202152505 ], [ -72.639336785833748, 5.816682821180508 ], [ -72.638309006941711, 5.822379072827938 ], [ -72.631701856921495, 5.829124633989371 ] ] ] } },
{ "type": "Feature", "properties": { "Código departamento": "15", "Departamento": "Boyacá", "Código municipio": "299", "Municipio": "GARAGOA", "DIVIPOLA": "15299" }, "geometry": { "type": "Polygon", "coordinates": [ [ [ -73.24851601769771, 5.068974841775527 ], [ -73.252773958821848, 5.05833184527638 ], [ -73.255710469941945, 5.045590229749229 ], [ -73.262758096630179, 5.04049358353837 ], [ -73.267896991090353, 5.032998515581222 ], [ -73.281992244466807, 5.018607985103501 ], [ -73.28639701114696, 5.023254927236931 ], [ -73.283460500026862, 5.029400882961792 ], [ -73.288452568931021, 5.034647430531796 ], [ -73.290214475603079, 5.043341709362086 ], [ -73.29696845117931, 5.047838750136374 ], [ -73.307980367879665, 5.042592202566371 ], [ -73.311651006779783, 5.043191808002942 ], [ -73.32633356238027, 5.038245063151225 ], [ -73.331178805728428, 5.040193780820084 ], [ -73.340135164644721, 5.035097134609225 ], [ -73.342778024652802, 5.026402855778934 ], [ -73.358341533589311, 5.023404828596076 ], [ -73.363039951381467, 5.020406801413215 ], [ -73.364508206941522, 5.014260845688356 ], [ -73.376988379201919, 5.015909760638928 ], [ -73.388587598126307, 5.015310155202356 ], [ -73.391230458134388, 5.027901869370363 ], [ -73.394607445922503, 5.034647430531796 ], [ -73.393726492586467, 5.047988651495516 ], [ -73.388881249238324, 5.064777603719526 ], [ -73.390202679242364, 5.068824940416385 ], [ -73.383889180334151, 5.084864385844679 ], [ -73.374345519193838, 5.098355508167544 ], [ -73.375960600309895, 5.10270264758269 ], [ -73.363920904717503, 5.1205409093207 ], [ -73.365389160277545, 5.127886075918703 ], [ -73.364067730273504, 5.136730256108136 ], [ -73.359662963593365, 5.14047779008671 ], [ -73.348944698005013, 5.139878184650137 ], [ -73.33338118906849, 5.146773647170714 ], [ -73.305190682315569, 5.154718419205289 ], [ -73.298436706739352, 5.154868320564431 ], [ -73.285369232254922, 5.16191368444415 ], [ -73.267750165534352, 5.155467926001005 ], [ -73.252039831041827, 5.152919602895573 ], [ -73.245726332133628, 5.150071477071857 ], [ -73.242789821013531, 5.144974830860998 ], [ -73.230603299865123, 5.143325915910427 ], [ -73.2360358454373, 5.138529072417852 ], [ -73.232512032093197, 5.131483708538133 ], [ -73.238972356557397, 5.120091205243271 ], [ -73.241762042121493, 5.108848603307551 ], [ -73.249837447701765, 5.104051759814976 ], [ -73.256150946609964, 5.096556691857828 ], [ -73.253067609933865, 5.088312117104967 ], [ -73.24851601769771, 5.068974841775527 ] ] ] } },
{ "type": "Feature", "properties": { "Código departamento": "15", "Departamento": "Boyacá", "Código municipio": "317", "Municipio": "GUACAMAYAS", "DIVIPOLA": "15317" }, "geometry": { "type": "Polygon", "coordinates": [ [ [ -72.485757254252718, 6.464106791318859 ], [ -72.471515175320249, 6.452714288023997 ], [ -72.472102477544269, 6.447167937735707 ], [ -72.48149931312858, 6.439373067060274 ], [ -72.486050905364721, 6.429329675997699 ], [ -72.487812812036779, 6.406244866689685 ], [ -72.496769170953073, 6.40084841776054 ], [ -72.502495367637266, 6.397700489218537 ], [ -72.511158075441557, 6.40294703678854 ], [ -72.517324748793754, 6.410292203386544 ], [ -72.52393189881397, 6.410891808823117 ], [ -72.531420002170208, 6.420185693089979 ], [ -72.547864464442753, 6.42588194473741 ], [ -72.552122405566891, 6.44012257385599 ], [ -72.55652717224703, 6.445219220066849 ], [ -72.553150184458929, 6.460659060058572 ], [ -72.553443835570931, 6.469653141607149 ], [ -72.547423987774735, 6.47939672995144 ], [ -72.548304941110771, 6.487041699267729 ], [ -72.539201756638477, 6.487941107422587 ], [ -72.531860478838226, 6.486741896549444 ], [ -72.518939829909812, 6.477597913641724 ], [ -72.499412030961167, 6.475049590536295 ], [ -72.485757254252718, 6.464106791318859 ] ] ] } },
{ "type": "Feature", "properties": { "Código departamento": "15", "Departamento": "Boyacá", "Código municipio": "322", "Municipio": "GUATEQUE", "DIVIPOLA": "15322" }, "geometry": { "type": "Polygon", "coordinates": [ [ [ -73.473599595053088, 5.051436382755804 ], [ -73.478004361733241, 5.049337763727803 ], [ -73.483143256193401, 5.035846641404938 ], [ -73.471690862825028, 5.028201672088648 ], [ -73.46669879392087, 5.02265532180036 ], [ -73.463174980576753, 5.006465975012923 ], [ -73.459210690564618, 4.999870315210633 ], [ -73.449813854980306, 5.000469920647205 ], [ -73.447170994972225, 4.99462376764063 ], [ -73.453337668324423, 4.9920754445352 ], [ -73.465964666140849, 4.982931461627481 ], [ -73.474921025057142, 4.98338116570491 ], [ -73.477857536177225, 4.986678995606055 ], [ -73.488135325097574, 4.98547978473291 ], [ -73.506928996266183, 4.996422583950346 ], [ -73.515738529626475, 5.00376775054835 ], [ -73.521905202978672, 5.017558675589501 ], [ -73.522345679646691, 5.02925098160265 ], [ -73.516032180738478, 5.035396937327509 ], [ -73.502524229586044, 5.039744076742655 ], [ -73.496210730677831, 5.039893978101799 ], [ -73.486226592869514, 5.050836777319232 ], [ -73.487548022873554, 5.058931450712952 ], [ -73.480059919517302, 5.062529083332381 ], [ -73.479619442849284, 5.061629675177524 ], [ -73.474921025057142, 5.057882141198951 ], [ -73.473599595053088, 5.051436382755804 ] ] ] } },
{ "type": "Feature", "properties": { "Código departamento": "15", "Departamento": "Boyacá", "Código municipio": "325", "Municipio": "GUAYATÁ", "DIVIPOLA": "15325" }, "geometry": { "type": "Polygon", "coordinates": [ [ [ -73.465964666140849, 4.982931461627481 ], [ -73.46992895615297, 4.980383138522051 ], [ -73.471690862825028, 4.96959024066376 ], [ -73.465817840584833, 4.964793397171186 ], [ -73.462000376128714, 4.956249019700038 ], [ -73.46669879392087, 4.943957108250317 ], [ -73.450694808316342, 4.934663223983455 ], [ -73.447758297196245, 4.921471904378877 ], [ -73.449813854980306, 4.915176047294874 ], [ -73.447611471640244, 4.909779598365728 ], [ -73.439242414947969, 4.907231275260297 ], [ -73.437480508275911, 4.906331867105439 ], [ -73.439389240503971, 4.895089265169719 ], [ -73.446436867192205, 4.889842717599715 ], [ -73.451575761652379, 4.882947255079141 ], [ -73.469635305040967, 4.892690843423432 ], [ -73.472278165049048, 4.890292421677144 ], [ -73.486667069537518, 4.890892027113718 ], [ -73.49415517289377, 4.883996564593141 ], [ -73.502524229586044, 4.883546860515712 ], [ -73.513829797398415, 4.879349622459711 ], [ -73.520583772974632, 4.878899918382282 ], [ -73.524548062986767, 4.892241139346003 ], [ -73.532770294123026, 4.891191829832002 ], [ -73.53864331636322, 4.896588278761148 ], [ -73.542313955263339, 4.913976836421729 ], [ -73.548774279727553, 4.925219438357449 ], [ -73.544222687491413, 4.945006417764318 ], [ -73.533798073015063, 4.953850597953751 ], [ -73.524107586318749, 4.973487676001477 ], [ -73.518675040746572, 4.979483730367193 ], [ -73.516913134074514, 4.990576430943771 ], [ -73.506928996266183, 4.996422583950346 ], [ -73.488135325097574, 4.98547978473291 ], [ -73.477857536177225, 4.986678995606055 ], [ -73.474921025057142, 4.98338116570491 ], [ -73.465964666140849, 4.982931461627481 ] ] ] } },
{ "type": "Feature", "properties": { "Código departamento": "15", "Departamento": "Boyacá", "Código municipio": "362", "Municipio": "IZA", "DIVIPOLA": "15362" }, "geometry": { "type": "Polygon", "coordinates": [ [ [ -72.923003760035044, 5.620162139344115 ], [ -72.928142654495218, 5.614765690414969 ], [ -72.945027593435768, 5.611917564591253 ], [ -72.949285534559905, 5.607420523816965 ], [ -72.950606964563946, 5.598276540909246 ], [ -72.958535544588216, 5.594379105571529 ], [ -72.96822603128453, 5.595128612367243 ], [ -72.971309367960629, 5.5928800919801 ], [ -72.98643240022912, 5.595128612367243 ], [ -72.992305422469315, 5.589582262078955 ], [ -73.003610990281686, 5.5928800919801 ], [ -73.001555432497625, 5.599325850423246 ], [ -73.003757815837702, 5.612367268668682 ], [ -72.998178444709509, 5.619562533907543 ], [ -72.998325270265511, 5.629605924970119 ], [ -72.992892724693334, 5.634552669821836 ], [ -72.989222085793216, 5.643846554088699 ], [ -72.982321284660998, 5.639949118750983 ], [ -72.974980006860747, 5.643996455447842 ], [ -72.967051426836491, 5.644146356806984 ], [ -72.963527613492374, 5.649093101658701 ], [ -72.961765706820316, 5.642947145933841 ], [ -72.940476001199613, 5.627207503223832 ], [ -72.932106944507353, 5.631254839920692 ], [ -72.927555352271199, 5.629605924970119 ], [ -72.923003760035044, 5.620162139344115 ] ] ] } },
{ "type": "Feature", "properties": { "Código departamento": "15", "Departamento": "Boyacá", "Código municipio": "367", "Municipio": "JENESANO", "DIVIPOLA": "15367" }, "geometry": { "type": "Polygon", "coordinates": [ [ [ -73.336464525744603, 5.314513268051662 ], [ -73.346742314664937, 5.317361393875378 ], [ -73.356873278029269, 5.332801233867101 ], [ -73.377722506981954, 5.341345611338247 ], [ -73.376107425865897, 5.345093145316821 ], [ -73.381539971438073, 5.356635549970828 ], [ -73.389762202574346, 5.359633577153686 ], [ -73.393579667030465, 5.35678545132997 ], [ -73.401655072610737, 5.358734168998828 ], [ -73.407528094850932, 5.371325883166835 ], [ -73.418540011551286, 5.37147578452598 ], [ -73.415163023763171, 5.379570457919697 ], [ -73.418099534883268, 5.384517202771414 ], [ -73.421770173783386, 5.40415428081914 ], [ -73.426321766019541, 5.408351518875141 ], [ -73.415897151543206, 5.417195699064576 ], [ -73.40987730374701, 5.417045797705431 ], [ -73.398278084822621, 5.420793331684005 ], [ -73.388440772570306, 5.419144416733434 ], [ -73.384329657002169, 5.404603984896569 ], [ -73.36744471806162, 5.414947178677431 ], [ -73.364655032497524, 5.419444219451719 ], [ -73.355111371357211, 5.427089188768009 ], [ -73.352028034681112, 5.43218583497887 ], [ -73.348651046892996, 5.424390964303437 ], [ -73.347476442444957, 5.414347573240859 ], [ -73.354083592465173, 5.403854478100853 ], [ -73.35437724357719, 5.399357437326565 ], [ -73.359956614705368, 5.390363355777988 ], [ -73.365095509165542, 5.373424502194838 ], [ -73.365535985833546, 5.364580322005403 ], [ -73.354817720245194, 5.359033971717115 ], [ -73.339841513532704, 5.353787424147112 ], [ -73.333087537956487, 5.348540876577109 ], [ -73.337932781304644, 5.337298274641388 ], [ -73.333087537956487, 5.335949162409102 ], [ -73.324424830152196, 5.325306165909953 ], [ -73.336464525744603, 5.314513268051662 ] ] ] } },
{ "type": "Feature", "properties": { "Código departamento": "15", "Departamento": "Boyacá", "Código municipio": "368", "Municipio": "JERICÓ", "DIVIPOLA": "15368" }, "geometry": { "type": "Polygon", "coordinates": [ [ [ -72.552562882234909, 6.177045688560132 ], [ -72.542872395538595, 6.168501311088984 ], [ -72.530098572166168, 6.165353382546983 ], [ -72.522463643253914, 6.151862260224118 ], [ -72.516150144345715, 6.148414528963831 ], [ -72.516590621013734, 6.139420447415254 ], [ -72.514388237673657, 6.133424393049537 ], [ -72.516737446569735, 6.126528930528962 ], [ -72.528043014382106, 6.122481593832103 ], [ -72.530979525502204, 6.111388893255525 ], [ -72.529070793274144, 6.106142345685522 ], [ -72.530832699946188, 6.088903689384083 ], [ -72.535531117738344, 6.078560495603221 ], [ -72.542285093314575, 6.06986621677293 ], [ -72.545955732214694, 6.078110791525792 ], [ -72.551681928898873, 6.084556549968938 ], [ -72.560638287815166, 6.088453985306654 ], [ -72.560050985591147, 6.095049645108944 ], [ -72.563721624491279, 6.104193628016664 ], [ -72.562106543375222, 6.111388893255525 ], [ -72.56577718227534, 6.118883961212672 ], [ -72.580312912319812, 6.116935243543813 ], [ -72.591618480132183, 6.108240964713523 ], [ -72.601602617940515, 6.10959007694581 ], [ -72.60688833795669, 6.102694614425235 ], [ -72.617753429101043, 6.102394811706948 ], [ -72.627443915797357, 6.110489485100667 ], [ -72.637134402493672, 6.107791260636094 ], [ -72.639043134721746, 6.111988498692097 ], [ -72.656221724774298, 6.116485539466384 ], [ -72.653432039210216, 6.130726168584963 ], [ -72.648439970306043, 6.14331788275297 ], [ -72.648586795862059, 6.14991354255526 ], [ -72.63889630916573, 6.1703001273987 ], [ -72.635372495821628, 6.18049341982042 ], [ -72.63302328692555, 6.204477637283289 ], [ -72.615551045760967, 6.206126552233862 ], [ -72.605713733508651, 6.201029906023002 ], [ -72.595289119032302, 6.20402793320586 ], [ -72.564162101159283, 6.187838586418423 ], [ -72.559757334479144, 6.188438191854995 ], [ -72.552562882234909, 6.177045688560132 ] ] ] } },
{ "type": "Feature", "properties": { "Código departamento": "15", "Departamento": "Boyacá", "Código municipio": "407", "Municipio": "VILLA DE LEYVA", "DIVIPOLA": "15407" }, "geometry": { "type": "Polygon", "coordinates": [ [ [ -73.423385254899443, 5.70770453308359 ], [ -73.433222567151773, 5.693014199887583 ], [ -73.442766228292086, 5.682970808825005 ], [ -73.452750366100403, 5.678024063973289 ], [ -73.461119422792677, 5.682521104747576 ], [ -73.479032140625264, 5.67757435989586 ], [ -73.481968651745362, 5.669329785142998 ], [ -73.482996430637399, 5.658536887284707 ], [ -73.489603580657615, 5.647294285348987 ], [ -73.489603580657615, 5.642797244574697 ], [ -73.483436907305418, 5.635601979335838 ], [ -73.490484533993651, 5.624359377400116 ], [ -73.499881369577949, 5.621061547498972 ], [ -73.5072226473782, 5.613866282260111 ], [ -73.516325831850494, 5.600974765373818 ], [ -73.524988539654771, 5.606820918380392 ], [ -73.532476643011023, 5.60517200342982 ], [ -73.540845699703297, 5.597976738190959 ], [ -73.552738569739688, 5.604422496634105 ], [ -73.56404413755206, 5.618663125752685 ], [ -73.566099695336121, 5.632304149434693 ], [ -73.577698914260509, 5.631104938561548 ], [ -73.581956855384647, 5.627957010019547 ], [ -73.587536226512825, 5.630805135843263 ], [ -73.590619563188923, 5.639049710596125 ], [ -73.590032260964904, 5.647594088067271 ], [ -73.584599715392727, 5.660935309030994 ], [ -73.577258437592491, 5.670079291938714 ], [ -73.577698914260509, 5.675175938149573 ], [ -73.574175100916392, 5.691964890373582 ], [ -73.569036206456218, 5.686718342803579 ], [ -73.563310009772039, 5.676674951741002 ], [ -73.552151267515669, 5.679073373487289 ], [ -73.542313955263339, 5.678024063973289 ], [ -73.532770294123026, 5.687317948240151 ], [ -73.521464726310654, 5.701858380077016 ], [ -73.519115517414576, 5.710102954829877 ], [ -73.522786156314709, 5.721195655406455 ], [ -73.5072226473782, 5.724793288025885 ], [ -73.503405182922066, 5.716398811913881 ], [ -73.487401197317553, 5.722844570357027 ], [ -73.477710710621224, 5.722544767638742 ], [ -73.476536106173185, 5.71684851599131 ], [ -73.466551968364854, 5.721345556765598 ], [ -73.460385295012657, 5.726891907053887 ], [ -73.45172258720838, 5.7255427948216 ], [ -73.449960680536321, 5.72044614861074 ], [ -73.442032100512051, 5.713400784731022 ], [ -73.42940510269564, 5.704556604541589 ], [ -73.423385254899443, 5.70770453308359 ] ] ] } },
{ "type": "Feature", "properties": { "Código departamento": "15", "Departamento": "Boyacá", "Código municipio": "425", "Municipio": "MACANAL", "DIVIPOLA": "15425" }, "geometry": { "type": "Polygon", "coordinates": [ [ [ -73.222968370952884, 4.973037971924048 ], [ -73.233392985429219, 4.957298329214038 ], [ -73.245726332133628, 4.948004444947176 ], [ -73.250131098813767, 4.940809179708315 ], [ -73.263345398854199, 4.930465985927452 ], [ -73.275091443334588, 4.930915690004881 ], [ -73.280817640018768, 4.928367366899452 ], [ -73.28507558114292, 4.92012279214659 ], [ -73.29153590560712, 4.914126737780872 ], [ -73.299024008963372, 4.903034037204296 ], [ -73.300051787855409, 4.908280584774297 ], [ -73.309889100107725, 4.91907348263259 ], [ -73.313119262339839, 4.919373285350875 ], [ -73.324571655708212, 4.911128710598013 ], [ -73.322956574592155, 4.904982754873154 ], [ -73.334555793516529, 4.899736207303151 ], [ -73.340869292424742, 4.894039955655718 ], [ -73.354230418021174, 4.893440350219147 ], [ -73.362012172489443, 4.918024173118588 ], [ -73.369940752513699, 4.922071509815448 ], [ -73.375520123641877, 4.928667169617737 ], [ -73.368178845841641, 4.940059672912601 ], [ -73.358341533589311, 4.944256910968604 ], [ -73.354524069133191, 4.950852570770892 ], [ -73.35378994135317, 4.961495567270041 ], [ -73.351293906901077, 4.969890043382045 ], [ -73.343071675764818, 4.976785505902622 ], [ -73.350119302453038, 4.982032053472623 ], [ -73.356139150249248, 4.994174063563201 ], [ -73.355992324693233, 5.003467947830063 ], [ -73.364508206941522, 5.014260845688356 ], [ -73.363039951381467, 5.020406801413215 ], [ -73.358341533589311, 5.023404828596076 ], [ -73.342778024652802, 5.026402855778934 ], [ -73.340135164644721, 5.035097134609225 ], [ -73.331178805728428, 5.040193780820084 ], [ -73.32633356238027, 5.038245063151225 ], [ -73.311651006779783, 5.043191808002942 ], [ -73.307980367879665, 5.042592202566371 ], [ -73.29696845117931, 5.047838750136374 ], [ -73.290214475603079, 5.043341709362086 ], [ -73.288452568931021, 5.034647430531796 ], [ -73.283460500026862, 5.029400882961792 ], [ -73.28639701114696, 5.023254927236931 ], [ -73.281992244466807, 5.018607985103501 ], [ -73.267896991090353, 5.032998515581222 ], [ -73.262758096630179, 5.04049358353837 ], [ -73.255710469941945, 5.045590229749229 ], [ -73.252773958821848, 5.05833184527638 ], [ -73.24851601769771, 5.068974841775527 ], [ -73.24205569323351, 5.064028096923811 ], [ -73.234861240989261, 5.062828886050668 ], [ -73.227960439857043, 5.049337763727803 ], [ -73.229869172085102, 5.041692794411513 ], [ -73.226492184297001, 5.037945260432941 ], [ -73.2295755209731, 5.031649403348937 ], [ -73.223262022064887, 5.024753940828361 ], [ -73.222087417616848, 5.01905768918093 ], [ -73.215627093152634, 5.017858478307786 ], [ -73.21592074426465, 5.009464002195782 ], [ -73.212837407588552, 5.005116862780636 ], [ -73.212250105364532, 4.995523175795488 ], [ -73.219150906496751, 4.988327910556626 ], [ -73.222968370952884, 4.973037971924048 ] ] ] } },
{ "type": "Feature", "properties": { "Código departamento": "15", "Departamento": "Boyacá", "Código municipio": "442", "Municipio": "MARIPÍ", "DIVIPOLA": "15442" }, "geometry": { "type": "Polygon", "coordinates": [ [ [ -73.925822307547918, 5.57399252072809 ], [ -73.923326273095824, 5.562600017433225 ], [ -73.913048484175491, 5.555854456271793 ], [ -73.911286577503432, 5.549858401906076 ], [ -73.916719123075609, 5.548809092392076 ], [ -73.920242936419726, 5.543262742103786 ], [ -73.930814376452076, 5.54596096656836 ], [ -73.946671536500602, 5.540114813561785 ], [ -73.962822347661131, 5.540264714920927 ], [ -73.970897753241388, 5.526773592598063 ], [ -73.973393787693468, 5.529921521140065 ], [ -73.990278726634031, 5.525124677647491 ], [ -74.003346201118461, 5.528722310266921 ], [ -74.013330338926778, 5.526773592598063 ], [ -74.020965267839031, 5.520028031436632 ], [ -74.021993046731069, 5.509235133578339 ], [ -74.026544638967209, 5.50308917785348 ], [ -74.031977184539386, 5.500540854748048 ], [ -74.04695339125189, 5.500241052029764 ], [ -74.051211332376027, 5.50308917785348 ], [ -74.054881971276146, 5.521826847746346 ], [ -74.061635946852363, 5.525874184443206 ], [ -74.060020865736305, 5.529771619780923 ], [ -74.075437549116813, 5.538915602688641 ], [ -74.074850246892794, 5.543262742103786 ], [ -74.07896136246093, 5.55255662637065 ], [ -74.079401839128948, 5.560201595686938 ], [ -74.085128035813142, 5.5673968609258 ], [ -74.09261613916938, 5.571144394904374 ], [ -74.091735185833357, 5.577740054706662 ], [ -74.095112173621459, 5.582536898199236 ], [ -74.091588360277342, 5.59752703411353 ], [ -74.088651849157245, 5.603223285760962 ], [ -74.082191524693044, 5.614166084978396 ], [ -74.072354212440715, 5.624209476040973 ], [ -74.065012934640478, 5.634402768462693 ], [ -74.0658938879765, 5.640998428264983 ], [ -74.060608167960325, 5.649243003017845 ], [ -74.05341371571609, 5.647294285348987 ], [ -74.04959625125997, 5.635901782054122 ], [ -74.045191484579831, 5.63320355758955 ], [ -74.034913695659483, 5.641148329624126 ], [ -74.027278766747244, 5.63215424807555 ], [ -74.026985115635227, 5.621811054294686 ], [ -74.029040673419303, 5.611467860513824 ], [ -74.027719243415248, 5.602923483042676 ], [ -74.015385896710853, 5.600824864014675 ], [ -74.00642953779456, 5.601724272169533 ], [ -73.998941434438308, 5.611317959154682 ], [ -73.984699355505839, 5.603223285760962 ], [ -73.97970728660168, 5.595578316444672 ], [ -73.96854854434531, 5.597676935472673 ], [ -73.955774720972897, 5.592280486543527 ], [ -73.954893767636861, 5.588532952564955 ], [ -73.946818362056604, 5.583136503635809 ], [ -73.950048524288704, 5.57968877237552 ], [ -73.950342175400721, 5.567846565003228 ], [ -73.940211212036388, 5.566647354130086 ], [ -73.925822307547918, 5.57399252072809 ] ] ] } },
{ "type": "Feature", "properties": { "Código departamento": "15", "Departamento": "Boyacá", "Código municipio": "455", "Municipio": "MIRAFLORES", "DIVIPOLA": "15455" }, "geometry": { "type": "Polygon", "coordinates": [ [ [ -73.148234162946423, 5.229069493340186 ], [ -73.129293666221812, 5.208832809855891 ], [ -73.123126992869601, 5.207633598982746 ], [ -73.118722226189462, 5.202986656849315 ], [ -73.108884913937146, 5.198039911997598 ], [ -73.102865066140936, 5.190694745399594 ], [ -73.10477379836901, 5.185148395111306 ], [ -73.098607125016798, 5.172406779584155 ], [ -73.089063463876485, 5.160714473571006 ], [ -73.089357114988502, 5.14962177299443 ], [ -73.096404741676736, 5.138529072417852 ], [ -73.102277763916931, 5.132233215333849 ], [ -73.112702378393266, 5.111846630490409 ], [ -73.118575400633461, 5.102103042146118 ], [ -73.141773838482223, 5.082765766816679 ], [ -73.153519882962598, 5.07467109342296 ], [ -73.167615136339066, 5.074071487986388 ], [ -73.175103239695304, 5.066876222747527 ], [ -73.192575480859887, 5.063278590128097 ], [ -73.205936606456319, 5.069874249930385 ], [ -73.22164694094883, 5.072572474394959 ], [ -73.228841393193065, 5.077519219246676 ], [ -73.244258076573573, 5.07212277031753 ], [ -73.24851601769771, 5.068974841775527 ], [ -73.253067609933865, 5.088312117104967 ], [ -73.256150946609964, 5.096556691857828 ], [ -73.249837447701765, 5.104051759814976 ], [ -73.241762042121493, 5.108848603307551 ], [ -73.238972356557397, 5.120091205243271 ], [ -73.232512032093197, 5.131483708538133 ], [ -73.2360358454373, 5.138529072417852 ], [ -73.230603299865123, 5.143325915910427 ], [ -73.242789821013531, 5.144974830860998 ], [ -73.245726332133628, 5.150071477071857 ], [ -73.252039831041827, 5.152919602895573 ], [ -73.267750165534352, 5.155467926001005 ], [ -73.260555713290103, 5.15681703823329 ], [ -73.25644459772198, 5.165361415704438 ], [ -73.258059678838023, 5.172556680943299 ], [ -73.270539851098434, 5.1767539189993 ], [ -73.280230337794762, 5.186197704625306 ], [ -73.284635104474901, 5.188146422294165 ], [ -73.295647021175256, 5.198339714715885 ], [ -73.290067650047078, 5.197590207920169 ], [ -73.279055733346723, 5.191744054913594 ], [ -73.27332953666253, 5.192943265786739 ], [ -73.263932701078218, 5.190245041322165 ], [ -73.257766027726021, 5.184998493752162 ], [ -73.251746179929825, 5.188895929089878 ], [ -73.24205569323351, 5.188895929089878 ], [ -73.235301717657279, 5.192343660350168 ], [ -73.225023928736945, 5.201487643257885 ], [ -73.21782947649271, 5.211081330243034 ], [ -73.217682650936709, 5.223223340333612 ], [ -73.215333442040631, 5.23176771780476 ], [ -73.20725803646036, 5.235964955860761 ], [ -73.196539770872008, 5.236114857219905 ], [ -73.191547701967849, 5.240012292557622 ], [ -73.173781809691263, 5.236564561297334 ], [ -73.170404821903162, 5.239862391198478 ], [ -73.161154811874852, 5.238813081684477 ], [ -73.148234162946423, 5.229069493340186 ] ] ] } },
{ "type": "Feature", "properties": { "Código departamento": "15", "Departamento": "Boyacá", "Código municipio": "464", "Municipio": "MONGUA", "DIVIPOLA": "15464" }, "geometry": { "type": "Polygon", "coordinates": [ [ [ -72.625975660237316, 5.776958961007629 ], [ -72.62186454466918, 5.771412610719339 ], [ -72.609384372408769, 5.772012216155912 ], [ -72.604685954616613, 5.775759750134484 ], [ -72.583543074551926, 5.771112808001054 ], [ -72.580166086763811, 5.754323855777044 ], [ -72.582515295659888, 5.749826815002756 ], [ -72.581047040099833, 5.741732141609037 ], [ -72.576789098975695, 5.737085199475607 ], [ -72.578551005647753, 5.72044614861074 ], [ -72.580606563431829, 5.713700587449307 ], [ -72.578551005647753, 5.707854434442733 ], [ -72.570328774511495, 5.709353448034164 ], [ -72.573999413411613, 5.686418540085293 ], [ -72.580166086763811, 5.680572387078718 ], [ -72.584717678999965, 5.665732152523568 ], [ -72.583983551219944, 5.66078540767185 ], [ -72.594261340140278, 5.649842608454416 ], [ -72.5951422934763, 5.640998428264983 ], [ -72.601896269052531, 5.626158193709832 ], [ -72.60556690795265, 5.63020553040669 ], [ -72.624213753565257, 5.629006319533548 ], [ -72.636106623601648, 5.645795271757557 ], [ -72.650348702534117, 5.657787380488991 ], [ -72.656662201442316, 5.66078540767185 ], [ -72.66047966589845, 5.666631560678426 ], [ -72.673400314826864, 5.668280475628998 ], [ -72.679860639291078, 5.673527023199001 ], [ -72.699094787127706, 5.674576332713001 ], [ -72.695717799339604, 5.662884026699852 ], [ -72.699535263795724, 5.650891917968417 ], [ -72.700709868243763, 5.63830020380041 ], [ -72.713336866060175, 5.624958982836689 ], [ -72.732864665008819, 5.615665098569827 ], [ -72.740059117253054, 5.608919537408394 ], [ -72.747253569497289, 5.617463914879541 ], [ -72.745932139493249, 5.62660789778726 ], [ -72.751951987289445, 5.630805135843263 ], [ -72.753126591737484, 5.637850499722981 ], [ -72.761789299541761, 5.63830020380041 ], [ -72.763110729545815, 5.644596060884413 ], [ -72.77089248401407, 5.643546751370413 ], [ -72.773241692910133, 5.647444186708129 ], [ -72.7871901207306, 5.657787380488991 ], [ -72.79115441074272, 5.659286394080421 ], [ -72.794825049642853, 5.665132547086995 ], [ -72.790567108518701, 5.673377121839857 ], [ -72.789392504070662, 5.683420512902434 ], [ -72.791448061854737, 5.688367257754151 ], [ -72.798789339654974, 5.693913608042441 ], [ -72.795559177422874, 5.703956999105016 ], [ -72.797027432982915, 5.710852461625593 ], [ -72.806277443011226, 5.713850488808451 ], [ -72.817729836379598, 5.7234441757936 ], [ -72.821987777503736, 5.723294274434456 ], [ -72.825364765291852, 5.736785396757321 ], [ -72.819932219719675, 5.751625631312472 ], [ -72.812297290807422, 5.756722277523331 ], [ -72.796293305202894, 5.772312018874197 ], [ -72.791007585186719, 5.773511229747341 ], [ -72.782491702938444, 5.767215372663338 ], [ -72.775297250694209, 5.770363301205339 ], [ -72.765019461773875, 5.766615767226765 ], [ -72.749015476169347, 5.772012216155912 ], [ -72.735507525016899, 5.773661131106484 ], [ -72.719209888300369, 5.771262709360196 ], [ -72.715098772732233, 5.773061525669912 ], [ -72.701150344911781, 5.773211427029055 ], [ -72.684118580415216, 5.783254818091632 ], [ -72.67619000039096, 5.783854423528203 ], [ -72.668995548146725, 5.780706494986203 ], [ -72.654900294770258, 5.78775185886592 ], [ -72.647559016970021, 5.783554620809917 ], [ -72.633904240261572, 5.781605903141059 ], [ -72.625975660237316, 5.776958961007629 ] ] ] } },
{ "type": "Feature", "properties": { "Código departamento": "15", "Departamento": "Boyacá", "Código municipio": "466", "Municipio": "MONGUÍ", "DIVIPOLA": "15466" }, "geometry": { "type": "Polygon", "coordinates": [ [ [ -72.825364765291852, 5.736785396757321 ], [ -72.821987777503736, 5.723294274434456 ], [ -72.817729836379598, 5.7234441757936 ], [ -72.806277443011226, 5.713850488808451 ], [ -72.797027432982915, 5.710852461625593 ], [ -72.795559177422874, 5.703956999105016 ], [ -72.798789339654974, 5.693913608042441 ], [ -72.791448061854737, 5.688367257754151 ], [ -72.789392504070662, 5.683420512902434 ], [ -72.790567108518701, 5.673377121839857 ], [ -72.794825049642853, 5.665132547086995 ], [ -72.79115441074272, 5.659286394080421 ], [ -72.803194106335127, 5.650142411172703 ], [ -72.818463964159619, 5.643246948652126 ], [ -72.824777463067832, 5.6459451731167 ], [ -72.824336986399814, 5.653889945151275 ], [ -72.833880647540127, 5.654189747869562 ], [ -72.842396529788402, 5.663633533495566 ], [ -72.843717959792457, 5.667530968833282 ], [ -72.852087016484717, 5.674426431353859 ], [ -72.853408446488771, 5.68417001969815 ], [ -72.861777503181045, 5.683720315620721 ], [ -72.870587036541338, 5.688966863190724 ], [ -72.875285454333479, 5.705306111337303 ], [ -72.871174338765343, 5.721795260843026 ], [ -72.878515616565593, 5.726142400258172 ], [ -72.872642594325399, 5.732438257342175 ], [ -72.871027513209341, 5.742031944327324 ], [ -72.863098933185086, 5.749676913643614 ], [ -72.85267431870875, 5.751925434030757 ], [ -72.849297330920635, 5.740682832095037 ], [ -72.837698111996247, 5.740532930735895 ], [ -72.825364765291852, 5.736785396757321 ] ] ] } },
{ "type": "Feature", "properties": { "Código departamento": "15", "Departamento": "Boyacá", "Código municipio": "469", "Municipio": "MONIQUIRÁ", "DIVIPOLA": "15469" }, "geometry": { "type": "Polygon", "coordinates": [ [ [ -73.549802058619591, 5.950694636254295 ], [ -73.538056014139201, 5.948596017226293 ], [ -73.529246480778909, 5.941250850628289 ], [ -73.527484574106865, 5.935554598980857 ], [ -73.528365527442887, 5.923862292967708 ], [ -73.538056014139201, 5.909921466567416 ], [ -73.526603620770828, 5.899278470068267 ], [ -73.521905202978672, 5.892233106188548 ], [ -73.512361541838359, 5.89433172521655 ], [ -73.506341694042163, 5.88773606541426 ], [ -73.503992485146085, 5.875743956682824 ], [ -73.497532160681871, 5.871246915908537 ], [ -73.491952789553693, 5.871846521345108 ], [ -73.478885315069263, 5.858805103099672 ], [ -73.46669879392087, 5.852359344656526 ], [ -73.463762282800772, 5.84846190931881 ], [ -73.462147201684715, 5.842465854953093 ], [ -73.467286096144889, 5.828525028552799 ], [ -73.471544037269027, 5.821629566032224 ], [ -73.477123408397205, 5.82807532447537 ], [ -73.492980568445731, 5.831073351658229 ], [ -73.491365487329674, 5.836319899228232 ], [ -73.500321846245967, 5.843665065826236 ], [ -73.513095669618394, 5.845463882135951 ], [ -73.506341694042163, 5.836469800587374 ], [ -73.513976622954416, 5.831523055735658 ], [ -73.498266288461906, 5.816532919821364 ], [ -73.497091684013867, 5.812035879047076 ], [ -73.486520243981516, 5.803341600216785 ], [ -73.495623428453811, 5.790300181971349 ], [ -73.500028195133964, 5.786402746633633 ], [ -73.500321846245967, 5.778907678676487 ], [ -73.502964706254062, 5.785653239837919 ], [ -73.511333762946322, 5.790300181971349 ], [ -73.51970281963861, 5.798694658083355 ], [ -73.523813935206732, 5.799444164879069 ], [ -73.527778225218867, 5.788201562943349 ], [ -73.542607606375356, 5.78670254935192 ], [ -73.555821906415787, 5.795097025463924 ], [ -73.56404413755206, 5.795996433618781 ], [ -73.568302078676197, 5.802142389343643 ], [ -73.574762403140411, 5.805889923322215 ], [ -73.582690983164667, 5.794497420027352 ], [ -73.582397332052665, 5.790000379253065 ], [ -73.588417179848861, 5.794047715949923 ], [ -73.595171155425078, 5.794947124104781 ], [ -73.616167209933764, 5.781905705859345 ], [ -73.626298173298096, 5.7786078759582 ], [ -73.629234684418194, 5.789550675175636 ], [ -73.6202783255019, 5.818481637490222 ], [ -73.61895689549786, 5.827175916320512 ], [ -73.607651327685488, 5.848611810677952 ], [ -73.600163224329236, 5.869448099598821 ], [ -73.611321966585606, 5.887136459977689 ], [ -73.630409288866232, 5.894181823857406 ], [ -73.63143706775827, 5.905724228511413 ], [ -73.635841834438409, 5.911120677440558 ], [ -73.626298173298096, 5.916517126369704 ], [ -73.621746581061942, 5.924461898404281 ], [ -73.614845779929723, 5.925811010636566 ], [ -73.607504502129487, 5.930907656847427 ], [ -73.593262423197018, 5.959388915084586 ], [ -73.584599715392727, 5.953392860718867 ], [ -73.575202879808415, 5.957290296056583 ], [ -73.56477826533208, 5.955791282465154 ], [ -73.559639370871906, 5.952193649845724 ], [ -73.549802058619591, 5.950694636254295 ] ] ] } },
{ "type": "Feature", "properties": { "Código departamento": "15", "Departamento": "Boyacá", "Código municipio": "476", "Municipio": "MOTAVITA", "DIVIPOLA": "15476" }, "geometry": { "type": "Polygon", "coordinates": [ [ [ -73.34130976909276, 5.584035911790665 ], [ -73.345567710216898, 5.576840646551806 ], [ -73.356139150249248, 5.572643408495803 ], [ -73.361571695821425, 5.559002384813795 ], [ -73.378897111429993, 5.55825287801808 ], [ -73.384182831446168, 5.561400806560083 ], [ -73.391083632578386, 5.557353469863222 ], [ -73.40003999149468, 5.559452088891224 ], [ -73.411932861531071, 5.566947156848371 ], [ -73.408409048186954, 5.573542816650661 ], [ -73.395341573702524, 5.586734136255239 ], [ -73.41119873375105, 5.617014210802112 ], [ -73.405325711510855, 5.624958982836689 ], [ -73.405766188178873, 5.629755826329263 ], [ -73.399159038158658, 5.638150302441267 ], [ -73.390055853686349, 5.645795271757557 ], [ -73.389909028130347, 5.650442213890988 ], [ -73.383595529222148, 5.656288366897562 ], [ -73.38183362255009, 5.672627615044143 ], [ -73.369500275845681, 5.668580278347284 ], [ -73.363186776937468, 5.664532941650424 ], [ -73.360837568041404, 5.660485604953565 ], [ -73.362452649157447, 5.6448958636027 ], [ -73.364948683609526, 5.643097047292984 ], [ -73.363186776937468, 5.629306122251834 ], [ -73.355405022469213, 5.613716380900969 ], [ -73.34453993132486, 5.604722299352392 ], [ -73.34130976909276, 5.584035911790665 ] ] ] } },
{ "type": "Feature", "properties": { "Código departamento": "15", "Departamento": "Boyacá", "Código municipio": "480", "Municipio": "MUZO", "DIVIPOLA": "15480" }, "geometry": { "type": "Polygon", "coordinates": [ [ [ -74.088651849157245, 5.603223285760962 ], [ -74.091588360277342, 5.59752703411353 ], [ -74.095112173621459, 5.582536898199236 ], [ -74.091735185833357, 5.577740054706662 ], [ -74.09261613916938, 5.571144394904374 ], [ -74.085128035813142, 5.5673968609258 ], [ -74.079401839128948, 5.560201595686938 ], [ -74.07896136246093, 5.55255662637065 ], [ -74.074850246892794, 5.543262742103786 ], [ -74.075437549116813, 5.538915602688641 ], [ -74.060020865736305, 5.529771619780923 ], [ -74.061635946852363, 5.525874184443206 ], [ -74.054881971276146, 5.521826847746346 ], [ -74.051211332376027, 5.50308917785348 ], [ -74.04695339125189, 5.500241052029764 ], [ -74.052239111268051, 5.495444208537189 ], [ -74.059139912400283, 5.50159016426205 ], [ -74.065012934640478, 5.499041841156619 ], [ -74.07763993245689, 5.485550718833756 ], [ -74.094084394729435, 5.479254861749753 ], [ -74.096874080293517, 5.470560582919462 ], [ -74.116401879242161, 5.474158215538892 ], [ -74.113024891454046, 5.46696295030003 ], [ -74.119778867030277, 5.449274589921164 ], [ -74.123155854818378, 5.429037906436867 ], [ -74.128735225946571, 5.429937314591725 ], [ -74.13710428263883, 5.443278535555446 ], [ -74.143858258215062, 5.448525083125449 ], [ -74.151052710459297, 5.444327845069448 ], [ -74.159128116039554, 5.44807537904802 ], [ -74.175278927200083, 5.462166106807456 ], [ -74.175866229424102, 5.470710484278604 ], [ -74.173223369416021, 5.473408708743178 ], [ -74.157072558255493, 5.47820555223575 ], [ -74.151640012683316, 5.483002395728325 ], [ -74.14371143265906, 5.499641446593192 ], [ -74.138866189310903, 5.500690756107192 ], [ -74.13387412040673, 5.507436317268625 ], [ -74.129175702614575, 5.526773592598063 ], [ -74.142536828211021, 5.533519153759495 ], [ -74.155310651583434, 5.547909684237218 ], [ -74.16059637159961, 5.563499425588083 ], [ -74.163679708275708, 5.567846565003228 ], [ -74.162651929383671, 5.574292323446374 ], [ -74.164560661611745, 5.583286404994952 ], [ -74.16059637159961, 5.588982656642384 ], [ -74.161624150491647, 5.597976738190959 ], [ -74.158834464927551, 5.596028020522101 ], [ -74.149143978231237, 5.597826836831817 ], [ -74.144739211551084, 5.595578316444672 ], [ -74.13710428263883, 5.597077330036101 ], [ -74.116989181466181, 5.609069438767537 ], [ -74.107445520325868, 5.606820918380392 ], [ -74.094524871397439, 5.600974765373818 ], [ -74.088651849157245, 5.603223285760962 ] ] ] } },
{ "type": "Feature", "properties": { "Código departamento": "15", "Departamento": "Boyacá", "Código municipio": "491", "Municipio": "NOBSA", "DIVIPOLA": "15491" }, "geometry": { "type": "Polygon", "coordinates": [ [ [ -72.943265686763709, 5.80663943011793 ], [ -72.933428374511394, 5.798844559442498 ], [ -72.926821224491178, 5.801093079829641 ], [ -72.917424388906866, 5.800343573033927 ], [ -72.912872796670712, 5.797645348569353 ], [ -72.901860879970357, 5.800943178470498 ], [ -72.896281508842179, 5.795246926823066 ], [ -72.876753709893535, 5.793897814590781 ], [ -72.877781488785558, 5.785503338478775 ], [ -72.872642594325399, 5.773361328388197 ], [ -72.875138628777478, 5.770513202564483 ], [ -72.88203942990971, 5.767515175381623 ], [ -72.88585689436583, 5.762718331889048 ], [ -72.891729916606025, 5.763317937325621 ], [ -72.912285494446692, 5.757471784319047 ], [ -72.924765666707103, 5.758970797910476 ], [ -72.935337106739453, 5.750876124516757 ], [ -72.944733942323765, 5.746079281024183 ], [ -72.957948242364196, 5.746678886460754 ], [ -72.97145619351663, 5.756272573445902 ], [ -72.972483972408668, 5.768264682177338 ], [ -72.986285574673119, 5.786552647992777 ], [ -72.978944296872882, 5.788351464302491 ], [ -72.982468110216999, 5.800493474393069 ], [ -72.975126832416748, 5.803191698857643 ], [ -72.967198252392492, 5.801842586625356 ], [ -72.954130777908063, 5.807838640991073 ], [ -72.943265686763709, 5.80663943011793 ] ] ] } },
{ "type": "Feature", "properties": { "Código departamento": "15", "Departamento": "Boyacá", "Código municipio": "494", "Municipio": "NUEVO COLÓN", "DIVIPOLA": "15494" }, "geometry": { "type": "Polygon", "coordinates": [ [ [ -73.426321766019541, 5.408351518875141 ], [ -73.421770173783386, 5.40415428081914 ], [ -73.418099534883268, 5.384517202771414 ], [ -73.415163023763171, 5.379570457919697 ], [ -73.418540011551286, 5.37147578452598 ], [ -73.418686837107288, 5.355436339097685 ], [ -73.429845579363658, 5.340596104542533 ], [ -73.44320670496009, 5.327854489015384 ], [ -73.446436867192205, 5.327854489015384 ], [ -73.450841633872344, 5.312714451741946 ], [ -73.451869412764381, 5.303570468834228 ], [ -73.458476562784597, 5.295175992722222 ], [ -73.466551968364854, 5.291878162821079 ], [ -73.471397211713025, 5.294126683208222 ], [ -73.478004361733241, 5.289479741074792 ], [ -73.480647221741322, 5.294276584567366 ], [ -73.474333722833109, 5.310615832713945 ], [ -73.468607526148929, 5.317361393875378 ], [ -73.472131339493046, 5.326205574064811 ], [ -73.468313875036927, 5.3317519243531 ], [ -73.472718641717066, 5.347041862985679 ], [ -73.481675000633359, 5.354986635020256 ], [ -73.477710710621224, 5.370126672293693 ], [ -73.466551968364854, 5.378970852483126 ], [ -73.460678946124673, 5.377621740250839 ], [ -73.454659098328477, 5.385566512285416 ], [ -73.447170994972225, 5.38736532859513 ], [ -73.442032100512051, 5.397858423735136 ], [ -73.440857496064012, 5.415097080036573 ], [ -73.435865427159854, 5.415097080036573 ], [ -73.432341613815737, 5.409700631107428 ], [ -73.426321766019541, 5.408351518875141 ] ] ] } },
{ "type": "Feature", "properties": { "Código departamento": "15", "Departamento": "Boyacá", "Código municipio": "500", "Municipio": "OICATÁ", "DIVIPOLA": "15500" }, "geometry": { "type": "Polygon", "coordinates": [ [ [ -73.231777904313162, 5.62660789778726 ], [ -73.2360358454373, 5.613716380900969 ], [ -73.242496169901514, 5.611467860513824 ], [ -73.249984273257766, 5.597676935472673 ], [ -73.248956494365729, 5.58733374169181 ], [ -73.252773958821848, 5.580438279171235 ], [ -73.264373177746236, 5.575341632960375 ], [ -73.281992244466807, 5.580138476452949 ], [ -73.28962717337906, 5.575491534319519 ], [ -73.30269464786349, 5.57249350713666 ], [ -73.306952588987627, 5.569645381312944 ], [ -73.321488319032113, 5.583286404994952 ], [ -73.327361341272294, 5.580288377812093 ], [ -73.326186736824269, 5.589432360719813 ], [ -73.321781970144116, 5.597826836831817 ], [ -73.316936726795959, 5.614765690414969 ], [ -73.305190682315569, 5.627357404582976 ], [ -73.300492264523413, 5.629755826329263 ], [ -73.288158917819018, 5.644745962243555 ], [ -73.270246199986431, 5.658536887284707 ], [ -73.267309688866334, 5.664532941650424 ], [ -73.256004121053962, 5.656438268256706 ], [ -73.257031899946, 5.640248921469268 ], [ -73.253067609933865, 5.634102965744408 ], [ -73.244992204353593, 5.627507305942118 ], [ -73.241321565453475, 5.629306122251834 ], [ -73.231777904313162, 5.62660789778726 ] ] ] } },
{ "type": "Feature", "properties": { "Código departamento": "15", "Departamento": "Boyacá", "Código municipio": "507", "Municipio": "OTANCHE", "DIVIPOLA": "15507" }, "geometry": { "type": "Polygon", "coordinates": [ [ [ -74.079108188016932, 5.832872167967944 ], [ -74.081310571357008, 5.824927395933369 ], [ -74.079255013572947, 5.818481637490222 ], [ -74.07896136246093, 5.814434300793363 ], [ -74.087624070265221, 5.799444164879069 ], [ -74.091147883609338, 5.781905705859345 ], [ -74.089092325825263, 5.778757777317343 ], [ -74.09261613916938, 5.770813005282768 ], [ -74.09261613916938, 5.75972030470619 ], [ -74.108620124773907, 5.755223263931902 ], [ -74.122862203706376, 5.748777505488756 ], [ -74.134167771518747, 5.751175927235043 ], [ -74.148116199339199, 5.74847770277047 ], [ -74.149584454899241, 5.744580267432753 ], [ -74.157953511591515, 5.74038302937675 ], [ -74.161330499379631, 5.726742005694743 ], [ -74.166616219395806, 5.725093090744171 ], [ -74.171020986075945, 5.719097036378455 ], [ -74.17366384608404, 5.705306111337303 ], [ -74.173957497196042, 5.694063509401583 ], [ -74.170727334963942, 5.689416567268151 ], [ -74.174251148308059, 5.677724261255002 ], [ -74.17307654386002, 5.669179883783856 ], [ -74.175572578312099, 5.663933336213852 ], [ -74.172782892748003, 5.654789353306133 ], [ -74.181151949440277, 5.638600006518696 ], [ -74.169259079403886, 5.641298230983268 ], [ -74.169112253847885, 5.636351486131551 ], [ -74.163532882719707, 5.632753853512122 ], [ -74.165441614947767, 5.618513224393541 ], [ -74.158834464927551, 5.596028020522101 ], [ -74.161624150491647, 5.597976738190959 ], [ -74.171461462743963, 5.598276540909246 ], [ -74.179830519436237, 5.594379105571529 ], [ -74.182179728332315, 5.588233149846668 ], [ -74.193778947256689, 5.576690745192662 ], [ -74.198771016160862, 5.577740054706662 ], [ -74.20376308506502, 5.590931374311242 ], [ -74.202735306172983, 5.59857634362753 ], [ -74.206552770629116, 5.607570425176108 ], [ -74.220794849561585, 5.609369241485823 ], [ -74.223437709569666, 5.61791361895697 ], [ -74.235330579606057, 5.62450927875926 ], [ -74.246342496306411, 5.625258785554974 ], [ -74.256473459670744, 5.638749907877838 ], [ -74.268072678595132, 5.634552669821836 ], [ -74.269834585267191, 5.63020553040669 ], [ -74.282755234195605, 5.632004346716406 ], [ -74.299640173136169, 5.638450105159552 ], [ -74.306100497600383, 5.638450105159552 ], [ -74.308596532052462, 5.647144383989843 ], [ -74.293620325339973, 5.65973609815785 ], [ -74.285104443091683, 5.66378343485471 ], [ -74.28348936197564, 5.679523077564718 ], [ -74.278056816403463, 5.688667060472437 ], [ -74.279965548631523, 5.699160155612444 ], [ -74.293326674227956, 5.701708478717873 ], [ -74.296263185348053, 5.706355420851303 ], [ -74.304191765372309, 5.709653250752448 ], [ -74.301255254252212, 5.715199601040738 ], [ -74.302283033144249, 5.724193682589314 ], [ -74.287160000875758, 5.745479675587611 ], [ -74.288921907547817, 5.749976716361899 ], [ -74.295822708680035, 5.754623658495331 ], [ -74.296997313128074, 5.764067444121335 ], [ -74.291711593111899, 5.763317937325621 ], [ -74.286425873095737, 5.775310046057055 ], [ -74.272183794163269, 5.792098998281065 ], [ -74.270275061935209, 5.804241008371643 ], [ -74.264989341919033, 5.807538838272788 ], [ -74.261759179686919, 5.817132525257937 ], [ -74.26249330746694, 5.825227198651654 ], [ -74.266017120811057, 5.834521082918516 ], [ -74.24428693852235, 5.833471773404516 ], [ -74.226080569577761, 5.839018123692806 ], [ -74.221822628453609, 5.846812994368238 ], [ -74.214628176209374, 5.853858358247956 ], [ -74.202294829504979, 5.851160133783384 ], [ -74.195247202816745, 5.855657174557671 ], [ -74.194219423924707, 5.865400762901962 ], [ -74.199064667272864, 5.86989780367625 ], [ -74.197743237268824, 5.877992477069969 ], [ -74.189667831688567, 5.88413843279483 ], [ -74.187318622792489, 5.898828765990838 ], [ -74.180417821660257, 5.911120677440558 ], [ -74.17366384608404, 5.906173932588842 ], [ -74.166175742727788, 5.89792935783598 ], [ -74.153989221579394, 5.891483599392834 ], [ -74.147675722671181, 5.889984585801405 ], [ -74.133286818182711, 5.875893858041969 ], [ -74.112878065898045, 5.875594055323682 ], [ -74.106858218101848, 5.878741983865683 ], [ -74.099957416969616, 5.872146324063395 ], [ -74.100691544749651, 5.868398790084821 ], [ -74.091588360277342, 5.858505300381387 ], [ -74.089092325825263, 5.841566446798235 ], [ -74.081751048025026, 5.837519110101376 ], [ -74.079108188016932, 5.832872167967944 ] ] ] } },
{ "type": "Feature", "properties": { "Código departamento": "15", "Departamento": "Boyacá", "Código municipio": "511", "Municipio": "PACHAVITA", "DIVIPOLA": "15511" }, "geometry": { "type": "Polygon", "coordinates": [ [ [ -73.364067730273504, 5.136730256108136 ], [ -73.365389160277545, 5.127886075918703 ], [ -73.363920904717503, 5.1205409093207 ], [ -73.375960600309895, 5.10270264758269 ], [ -73.374345519193838, 5.098355508167544 ], [ -73.383889180334151, 5.084864385844679 ], [ -73.389762202574346, 5.087712511668395 ], [ -73.397984433710619, 5.101953140786974 ], [ -73.405472537066856, 5.104651365251548 ], [ -73.419714615999325, 5.115444263109839 ], [ -73.419714615999325, 5.121890021552985 ], [ -73.431313834923714, 5.135680946594136 ], [ -73.43865511272395, 5.148122759402999 ], [ -73.439536066059972, 5.155467926001005 ], [ -73.436893206051892, 5.159365361338721 ], [ -73.435278124935834, 5.165211514345295 ], [ -73.428083672691599, 5.174355497253013 ], [ -73.42558763823952, 5.181700663851019 ], [ -73.416484453767225, 5.189045830449023 ], [ -73.411932861531071, 5.196390997047026 ], [ -73.406793967070911, 5.198339714715885 ], [ -73.401067770386717, 5.209582316651605 ], [ -73.392405062582426, 5.216777581890466 ], [ -73.38506378478219, 5.20163754461703 ], [ -73.380805843658052, 5.196840701124455 ], [ -73.380805843658052, 5.190245041322165 ], [ -73.385357435894207, 5.183049776083304 ], [ -73.384036005890152, 5.166260823859296 ], [ -73.376547902533915, 5.15531802464186 ], [ -73.372143135853761, 5.155168123282718 ], [ -73.369500275845681, 5.144824929501856 ], [ -73.364067730273504, 5.136730256108136 ] ] ] } },
{ "type": "Feature", "properties": { "Código departamento": "15", "Departamento": "Boyacá", "Código municipio": "514", "Municipio": "PÁEZ", "DIVIPOLA": "15514" }, "geometry": { "type": "Polygon", "coordinates": [ [ [ -72.937392664523514, 5.204185867722459 ], [ -72.948845057891901, 5.190544844040452 ], [ -72.948404581223883, 5.18230026928759 ], [ -72.95383712679606, 5.175105004048729 ], [ -72.963380787936373, 5.156067531437576 ], [ -72.970868891292611, 5.154118813768718 ], [ -72.973071274632687, 5.145874239015856 ], [ -72.964408566828411, 5.13283282077042 ], [ -72.957214114584161, 5.131183905819849 ], [ -72.948991883447903, 5.122489626989558 ], [ -72.942384733427687, 5.119941303884127 ], [ -72.937245838967513, 5.11394524951841 ], [ -72.934456153403417, 5.105700674765548 ], [ -72.928583131163236, 5.099704620399831 ], [ -72.921535504475003, 5.099254916322402 ], [ -72.909348983326595, 5.103452154378403 ], [ -72.905825169982478, 5.095057678266399 ], [ -72.905825169982478, 5.079018232838105 ], [ -72.903769612198417, 5.067925532261527 ], [ -72.928436305607221, 5.047239144699803 ], [ -72.92961091005526, 5.038394964510368 ], [ -72.925646620043139, 5.032099107426364 ], [ -72.929757735611275, 5.026402855778934 ], [ -72.939154571195573, 5.022955124518647 ], [ -72.952809347904022, 5.009613903554924 ], [ -72.956920463472159, 5.002868342393492 ], [ -72.95706728902816, 4.996872288027775 ], [ -72.966170473500455, 4.9910261350212 ], [ -72.970428414624607, 4.979633631726336 ], [ -72.975273657972764, 4.974686886874619 ], [ -72.9793847735409, 4.980533039881194 ], [ -72.988194306901178, 4.985929488810339 ], [ -72.99949987471355, 4.989527121429771 ], [ -73.004638769173724, 4.997022189386917 ], [ -73.010952268081923, 4.997621794823488 ], [ -73.014916558094058, 5.002118835597778 ], [ -73.021230057002271, 4.994923570358917 ], [ -73.02313878923033, 4.988777614634055 ], [ -73.030480067030567, 4.98233185619091 ], [ -73.02886498591451, 4.9920754445352 ], [ -73.026075300350428, 4.997771696182633 ], [ -73.027690381466471, 5.005116862780636 ], [ -73.027249904798467, 5.025053743546647 ], [ -73.035178484822723, 5.024454138110076 ], [ -73.042372937066958, 5.019957097335786 ], [ -73.047218180415115, 5.02010699869493 ], [ -73.055440411551388, 5.01501035248407 ], [ -73.063075340463641, 5.018158281026072 ], [ -73.063075340463641, 5.024004434032647 ], [ -73.069682490483856, 5.031499501989793 ], [ -73.078345198288133, 5.033748022376938 ], [ -73.087154731648425, 5.042892005284657 ], [ -73.08054758162821, 5.048888059650374 ], [ -73.072472176047938, 5.066276617310955 ], [ -73.074674559388015, 5.068824940416385 ], [ -73.071297571599914, 5.078718430119818 ], [ -73.06748010714378, 5.082465964098392 ], [ -73.071297571599914, 5.096256889139544 ], [ -73.085392824976367, 5.100604028554689 ], [ -73.100956333912876, 5.101053732632118 ], [ -73.112702378393266, 5.111846630490409 ], [ -73.102277763916931, 5.132233215333849 ], [ -73.096404741676736, 5.138529072417852 ], [ -73.089357114988502, 5.14962177299443 ], [ -73.089063463876485, 5.160714473571006 ], [ -73.083190441636305, 5.159964966775292 ], [ -73.073353129383975, 5.165961021141009 ], [ -73.072472176047938, 5.168959048323868 ], [ -73.064396770467681, 5.163262796676437 ], [ -73.056908667111429, 5.161613881725864 ], [ -73.034591182598703, 5.173755891816442 ], [ -73.029011811470525, 5.186047803266164 ], [ -73.017412592546137, 5.205235177236459 ], [ -73.0100713147459, 5.214529061503321 ], [ -72.993333201361352, 5.208682908496747 ], [ -72.982321284660998, 5.19609119432874 ], [ -72.975420483528765, 5.196690799765313 ], [ -72.970281589068591, 5.201937347335314 ], [ -72.957948242364196, 5.209882119369891 ], [ -72.950166487895942, 5.213329850630179 ], [ -72.945027593435768, 5.210181922088176 ], [ -72.935630757851456, 5.213329850630179 ], [ -72.937392664523514, 5.204185867722459 ] ] ] } },
{ "type": "Feature", "properties": { "Código departamento": "15", "Departamento": "Boyacá", "Código municipio": "516", "Municipio": "PAIPA", "DIVIPOLA": "15516" }, "geometry": { "type": "Polygon", "coordinates": [ [ [ -73.050741993759232, 5.773811032465626 ], [ -73.059111050451506, 5.761369219656763 ], [ -73.067039630475762, 5.741882042968181 ], [ -73.067333281587779, 5.7255427948216 ], [ -73.062488038239621, 5.703207492309303 ], [ -73.056908667111429, 5.701858380077016 ], [ -73.059404701563523, 5.687018145521866 ], [ -73.068948362703836, 5.682521104747576 ], [ -73.085980127200386, 5.669779489220427 ], [ -73.102424589472932, 5.659136492721278 ], [ -73.106976181709072, 5.661534914467565 ], [ -73.107563483933092, 5.66947968650214 ], [ -73.114757936177327, 5.681471795233576 ], [ -73.127972236217772, 5.697811043380157 ], [ -73.157630998530735, 5.719546740455884 ], [ -73.155869091858676, 5.727341611131316 ], [ -73.154694487410637, 5.736185791320749 ], [ -73.168496089675088, 5.74488007015104 ], [ -73.167174659671048, 5.749377110925328 ], [ -73.174222286359281, 5.759420501987905 ], [ -73.175103239695304, 5.766166063149337 ], [ -73.166000055223009, 5.790599984689636 ], [ -73.157337347418732, 5.800943178470498 ], [ -73.145444477382341, 5.810836668173933 ], [ -73.13736907180207, 5.821179861954795 ], [ -73.132377002897911, 5.834371181559374 ], [ -73.133845258457953, 5.846513191649952 ], [ -73.129880968445832, 5.854757766402813 ], [ -73.142948442930262, 5.851759739219955 ], [ -73.159099254090791, 5.852209443297384 ], [ -73.164972276330985, 5.848012205241381 ], [ -73.173634984135262, 5.851609837860813 ], [ -73.183912773055596, 5.850410626987668 ], [ -73.197714375320047, 5.873045732218253 ], [ -73.20344057200424, 5.87649346347854 ], [ -73.209607245356437, 5.890584191237976 ], [ -73.220912813168809, 5.890734092597119 ], [ -73.221793766504845, 5.897329752399409 ], [ -73.219297732052752, 5.912769592391132 ], [ -73.208726292020415, 5.921014167143993 ], [ -73.217388999824692, 5.936004303058286 ], [ -73.223849324288906, 5.942599962860576 ], [ -73.219297732052752, 5.960138421880299 ], [ -73.216654872044671, 5.961937238190015 ], [ -73.220472336500791, 5.972730136048306 ], [ -73.21841677871673, 5.981274513519454 ], [ -73.210341373136458, 5.988020074680887 ], [ -73.199329456436104, 6.003160111954323 ], [ -73.175543716363322, 5.994465833124033 ], [ -73.171726251907202, 5.989668989631459 ], [ -73.171579426351201, 5.980525006723739 ], [ -73.167615136339066, 5.969282404788019 ], [ -73.163063544102911, 5.966734081682589 ], [ -73.160127032982814, 5.95759009877487 ], [ -73.161154811874852, 5.950844537613437 ], [ -73.152492104070575, 5.94484848324772 ], [ -73.145004000714323, 5.942450061501433 ], [ -73.142654791818245, 5.937353415290572 ], [ -73.129146840665811, 5.932556571797998 ], [ -73.131496049561875, 5.927160122868853 ], [ -73.126650806213718, 5.918765646756849 ], [ -73.130615096225853, 5.906173932588842 ], [ -73.119309528413481, 5.895231133371406 ], [ -73.109472216161151, 5.89133369803369 ], [ -73.10741665837709, 5.884438235513115 ], [ -73.110059518385185, 5.872296225422537 ], [ -73.118722226189462, 5.871097014549394 ], [ -73.117253970629406, 5.866450072415963 ], [ -73.103892845032973, 5.857605892226529 ], [ -73.098753950572814, 5.84951121883281 ], [ -73.082015837188266, 5.834371181559374 ], [ -73.078492023844149, 5.822828776905367 ], [ -73.077464244952111, 5.807838640991073 ], [ -73.079813453848189, 5.794797222745639 ], [ -73.077904721620129, 5.78880116837992 ], [ -73.081281709408231, 5.7765092569302 ], [ -73.077023768284093, 5.772911624310768 ], [ -73.056321364887424, 5.775909651493628 ], [ -73.050741993759232, 5.773811032465626 ] ] ] } },
{ "type": "Feature", "properties": { "Código departamento": "15", "Departamento": "Boyacá", "Código municipio": "518", "Municipio": "PAJARITO", "DIVIPOLA": "15518" }, "geometry": { "type": "Polygon", "coordinates": [ [ [ -72.667086815918665, 5.436083270316586 ], [ -72.654019341434235, 5.432035933619725 ], [ -72.643154250289882, 5.425440273817437 ], [ -72.622011370225181, 5.421243035761434 ], [ -72.61011850018879, 5.429937314591725 ], [ -72.598372455708414, 5.427838695563724 ], [ -72.590884352352163, 5.423491556148579 ], [ -72.593967689028261, 5.409101025670856 ], [ -72.598372455708414, 5.395310100629707 ], [ -72.589562922348122, 5.383467893257413 ], [ -72.583983551219944, 5.381968879665984 ], [ -72.567245437835382, 5.373424502194838 ], [ -72.570916076735514, 5.363830815209689 ], [ -72.577963703423734, 5.352588213273969 ], [ -72.581781167879868, 5.350339692886824 ], [ -72.588828794568101, 5.354536930942827 ], [ -72.601602617940515, 5.353637522787969 ], [ -72.609384372408769, 5.348390975217966 ], [ -72.618781207993081, 5.351688805119111 ], [ -72.626122485793317, 5.343744033084534 ], [ -72.633316938037552, 5.342095118133963 ], [ -72.637721704717706, 5.336248965127388 ], [ -72.63698757693767, 5.328454094451955 ], [ -72.648586795862059, 5.321708533290523 ], [ -72.653138388098199, 5.3062686932988 ], [ -72.658570933670376, 5.301771652524512 ], [ -72.666059037026628, 5.301321948447083 ], [ -72.667086815918665, 5.294576387285651 ], [ -72.681475720407136, 5.290379149229648 ], [ -72.688082870427351, 5.281984673117644 ], [ -72.701003519355766, 5.278536941857356 ], [ -72.700563042687762, 5.273290394287353 ], [ -72.708932099380036, 5.279736152730501 ], [ -72.715098772732233, 5.280635560885357 ], [ -72.720090841636392, 5.288280530201647 ], [ -72.719356713856371, 5.29862372398251 ], [ -72.72185274830845, 5.312564550382803 ], [ -72.726404340544605, 5.318710506107664 ], [ -72.732424188340801, 5.318110900671093 ], [ -72.742555151705133, 5.322308138727094 ], [ -72.74666626727327, 5.327554686297097 ], [ -72.755328975077546, 5.330103009402527 ], [ -72.760908346205738, 5.33534955697253 ], [ -72.77544407625021, 5.35678545132997 ], [ -72.778233761814306, 5.36592943423769 ], [ -72.798348862986956, 5.380170063356268 ], [ -72.811269511915384, 5.382418583743413 ], [ -72.812003639695405, 5.37822134568741 ], [ -72.814940150815502, 5.380769668792841 ], [ -72.805396489675189, 5.39396098839742 ], [ -72.797614735206935, 5.39605960742542 ], [ -72.798348862986956, 5.410749940621428 ], [ -72.785721865170544, 5.436083270316586 ], [ -72.773975820690168, 5.447475773611449 ], [ -72.758559137309661, 5.456619756519168 ], [ -72.750777382841406, 5.466813048940888 ], [ -72.737709908356976, 5.470410681560318 ], [ -72.728459898328666, 5.480154269904609 ], [ -72.727138468324625, 5.486749929706899 ], [ -72.713043214948172, 5.484201606601469 ], [ -72.707610669375981, 5.478955059031466 ], [ -72.708638448268019, 5.457369263314882 ], [ -72.703793204919862, 5.445077351865161 ], [ -72.69380906711153, 5.44088011380916 ], [ -72.679273337067059, 5.45107340623088 ], [ -72.668701897034708, 5.444028042351161 ], [ -72.667086815918665, 5.436083270316586 ] ] ] } },
{ "type": "Feature", "properties": { "Código departamento": "15", "Departamento": "Boyacá", "Código municipio": "522", "Municipio": "PANQUEBA", "DIVIPOLA": "15522" }, "geometry": { "type": "Polygon", "coordinates": [ [ [ -72.430844496306918, 6.439972672496848 ], [ -72.447142133023448, 6.426481550173983 ], [ -72.448023086359484, 6.42333362163198 ], [ -72.456979445275778, 6.421534805322266 ], [ -72.45727309638778, 6.415388849597405 ], [ -72.466669931972092, 6.408193584358544 ], [ -72.471368349764248, 6.395751771549679 ], [ -72.474304860884345, 6.392903645725965 ], [ -72.485463603140715, 6.390805026697962 ], [ -72.496769170953073, 6.40084841776054 ], [ -72.487812812036779, 6.406244866689685 ], [ -72.486050905364721, 6.429329675997699 ], [ -72.48149931312858, 6.439373067060274 ], [ -72.472102477544269, 6.447167937735707 ], [ -72.471515175320249, 6.452714288023997 ], [ -72.485757254252718, 6.464106791318859 ], [ -72.475919942000388, 6.466205410346862 ], [ -72.471368349764248, 6.478797124514867 ], [ -72.462999293071974, 6.48194505305687 ], [ -72.456832619719762, 6.489739923732302 ], [ -72.447435784135465, 6.489290219654873 ], [ -72.436570692991111, 6.494986471302306 ], [ -72.436423867435096, 6.485242882958015 ], [ -72.440681808559248, 6.479096927233154 ], [ -72.44347149412333, 6.462757679086573 ], [ -72.433781007427015, 6.454213301615426 ], [ -72.430844496306918, 6.439972672496848 ] ] ] } },
{ "type": "Feature", "properties": { "Código departamento": "15", "Departamento": "Boyacá", "Código municipio": "531", "Municipio": "PAUNA", "DIVIPOLA": "15531" }, "geometry": { "type": "Polygon", "coordinates": [ [ [ -73.981469193273739, 5.720745951329026 ], [ -73.968695369901326, 5.701708478717873 ], [ -73.950195349844705, 5.698710451535015 ], [ -73.945643757608565, 5.693613805324154 ], [ -73.949754873176701, 5.687018145521866 ], [ -73.944028676492508, 5.672927417762428 ], [ -73.946084234276583, 5.668880081065569 ], [ -73.941385816484427, 5.659586196798707 ], [ -73.943881850936506, 5.646244975834986 ], [ -73.936393747580254, 5.632454050793835 ], [ -73.931401678676096, 5.62810691137869 ], [ -73.922445319759802, 5.639049710596125 ], [ -73.904532601927215, 5.629605924970119 ], [ -73.901449265251117, 5.621361350217257 ], [ -73.897778626350998, 5.619562533907543 ], [ -73.903504823035178, 5.605771608866392 ], [ -73.918921506415685, 5.580887983248664 ], [ -73.925822307547918, 5.57399252072809 ], [ -73.940211212036388, 5.566647354130086 ], [ -73.950342175400721, 5.567846565003228 ], [ -73.950048524288704, 5.57968877237552 ], [ -73.946818362056604, 5.583136503635809 ], [ -73.954893767636861, 5.588532952564955 ], [ -73.955774720972897, 5.592280486543527 ], [ -73.96854854434531, 5.597676935472673 ], [ -73.97970728660168, 5.595578316444672 ], [ -73.984699355505839, 5.603223285760962 ], [ -73.998941434438308, 5.611317959154682 ], [ -74.00642953779456, 5.601724272169533 ], [ -74.015385896710853, 5.600824864014675 ], [ -74.027719243415248, 5.602923483042676 ], [ -74.029040673419303, 5.611467860513824 ], [ -74.026985115635227, 5.621811054294686 ], [ -74.027278766747244, 5.63215424807555 ], [ -74.034913695659483, 5.641148329624126 ], [ -74.045191484579831, 5.63320355758955 ], [ -74.04959625125997, 5.635901782054122 ], [ -74.05341371571609, 5.647294285348987 ], [ -74.060608167960325, 5.649243003017845 ], [ -74.056350226836187, 5.661534914467565 ], [ -74.048568472367933, 5.670828798734427 ], [ -74.046512914583872, 5.67967297892386 ], [ -74.050770855708009, 5.68267100610672 ], [ -74.045044659023816, 5.689116764549866 ], [ -74.039905764563656, 5.690315975423009 ], [ -74.040786717899678, 5.699609859689871 ], [ -74.0384375090036, 5.705156209978161 ], [ -74.041961322347717, 5.714150291526736 ], [ -74.049008949035951, 5.718047726864453 ], [ -74.051651809044031, 5.722694668997884 ], [ -74.059286737956285, 5.723893879871027 ], [ -74.077493106900889, 5.734087172292747 ], [ -74.084981210257126, 5.739783423940179 ], [ -74.088505023601243, 5.749377110925328 ], [ -74.092175662501361, 5.752824842185615 ], [ -74.09261613916938, 5.75972030470619 ], [ -74.09261613916938, 5.770813005282768 ], [ -74.089092325825263, 5.778757777317343 ], [ -74.091147883609338, 5.781905705859345 ], [ -74.087624070265221, 5.799444164879069 ], [ -74.07896136246093, 5.814434300793363 ], [ -74.079255013572947, 5.818481637490222 ], [ -74.072354212440715, 5.819231144285937 ], [ -74.064425632416459, 5.815333708948221 ], [ -74.059580389068302, 5.82043035515908 ], [ -74.049155774591952, 5.817282426617079 ], [ -74.026397813411208, 5.807089134195359 ], [ -74.028159720083266, 5.803641402935072 ], [ -74.02081844228303, 5.781905705859345 ], [ -74.016413675602877, 5.776059552852771 ], [ -74.0109811300307, 5.774410637902199 ], [ -74.014064466706799, 5.764966852276193 ], [ -74.0077509677986, 5.762718331889048 ], [ -73.998794608882307, 5.748927406847899 ], [ -73.997766829990269, 5.741282437531608 ], [ -73.99145333108207, 5.733937270933605 ], [ -73.991600156638071, 5.72914042744103 ], [ -73.981469193273739, 5.720745951329026 ] ] ] } },
{ "type": "Feature", "properties": { "Código departamento": "15", "Departamento": "Boyacá", "Código municipio": "533", "Municipio": "PAYA", "DIVIPOLA": "15533" }, "geometry": { "type": "Polygon", "coordinates": [ [ [ -72.248340330192931, 5.695862325711299 ], [ -72.248927632416951, 5.684919526493863 ], [ -72.242760959064753, 5.687168046881008 ], [ -72.2318958679204, 5.685069427853008 ], [ -72.221911730112069, 5.672627615044143 ], [ -72.225876020124204, 5.667680870192426 ], [ -72.244082389068794, 5.66633175796014 ], [ -72.257296689109225, 5.662434322622423 ], [ -72.268895908033613, 5.66378343485471 ], [ -72.273300674713752, 5.655239057383562 ], [ -72.265665745801499, 5.642647343215555 ], [ -72.262729234681416, 5.633503360307835 ], [ -72.270804640261673, 5.62196095565383 ], [ -72.287542753646221, 5.605621707507249 ], [ -72.289157834762278, 5.594828809648958 ], [ -72.285634021418161, 5.586584234896097 ], [ -72.285193544750143, 5.574592126164661 ], [ -72.295030857002473, 5.556004357630937 ], [ -72.296645938118516, 5.547160177441502 ], [ -72.294884031446458, 5.530820929294923 ], [ -72.295324508114476, 5.514931385225771 ], [ -72.300903879242654, 5.505937303677196 ], [ -72.311328493719003, 5.502489572416907 ], [ -72.317641992627202, 5.497992531642619 ], [ -72.330415815999629, 5.497692728924334 ], [ -72.345832499380137, 5.506836711832052 ], [ -72.347007103828176, 5.511933358042913 ], [ -72.356844416080492, 5.51792941240863 ], [ -72.362570612764685, 5.528272606189494 ], [ -72.375050785025081, 5.537566490456356 ], [ -72.375784912805116, 5.544611854336073 ], [ -72.382685713937335, 5.554055639962079 ], [ -72.383860318385373, 5.559751891609509 ], [ -72.396487316201785, 5.570244986749516 ], [ -72.403681768446035, 5.569945184031229 ], [ -72.420860358498587, 5.563199622869797 ], [ -72.425558776290742, 5.554955048116935 ], [ -72.426292904070763, 5.547310078800646 ], [ -72.435689739655075, 5.537416589097211 ], [ -72.444499273015367, 5.520627636873203 ], [ -72.455658015271723, 5.538915602688641 ], [ -72.463146118627975, 5.542962939385501 ], [ -72.463880246407996, 5.54910889511036 ], [ -72.457566747499797, 5.557503371222366 ], [ -72.462118339735937, 5.565598044616084 ], [ -72.476507244224422, 5.567846565003228 ], [ -72.481058836460562, 5.57249350713666 ], [ -72.489721544264853, 5.57609113975609 ], [ -72.493685834276974, 5.584785418586381 ], [ -72.500292984297189, 5.592430387902671 ], [ -72.507781087653441, 5.592280486543527 ], [ -72.516590621013734, 5.595878119162959 ], [ -72.517765225461773, 5.602024074887818 ], [ -72.514535063229658, 5.608619734690108 ], [ -72.5127731565576, 5.615515197210683 ], [ -72.500292984297189, 5.62660789778726 ], [ -72.492364404272934, 5.638600006518696 ], [ -72.488840590928817, 5.655239057383562 ], [ -72.484142173136661, 5.663033928058995 ], [ -72.475038988664366, 5.665732152523568 ], [ -72.478122325340465, 5.671578305530143 ], [ -72.470634221984227, 5.678773570769004 ], [ -72.466816757528093, 5.690315975423009 ], [ -72.460796909731897, 5.700659169203873 ], [ -72.451400074147585, 5.694663114838154 ], [ -72.444939749683385, 5.685818934648721 ], [ -72.424384171842703, 5.690615778141296 ], [ -72.416896068486466, 5.687168046881008 ], [ -72.410142092910235, 5.691365284937009 ], [ -72.40236033844198, 5.692714397169296 ], [ -72.394578583973725, 5.690465876782153 ], [ -72.386943655061486, 5.681471795233576 ], [ -72.370058716120923, 5.682820907465863 ], [ -72.362864263876688, 5.68881696183158 ], [ -72.35728489274851, 5.697211437943586 ], [ -72.350237266060276, 5.689116764549866 ], [ -72.341427732699984, 5.690016172704724 ], [ -72.32924121155159, 5.688067455035866 ], [ -72.324249142647432, 5.690016172704724 ], [ -72.321606282639337, 5.697061536584441 ], [ -72.316614213735178, 5.700509267844729 ], [ -72.311181668163002, 5.714150291526736 ], [ -72.303253088138732, 5.728990526081888 ], [ -72.297526891454552, 5.745779478305898 ], [ -72.297233240342536, 5.754473757136187 ], [ -72.290185613654302, 5.75057632179847 ], [ -72.281229254738008, 5.748627604129612 ], [ -72.276530836945852, 5.742931352482182 ], [ -72.276971313613871, 5.732438257342175 ], [ -72.271245116929691, 5.728540822004459 ], [ -72.261995106901381, 5.714899798322452 ], [ -72.256268910217202, 5.70305759095016 ], [ -72.248340330192931, 5.695862325711299 ] ] ] } },
{ "type": "Feature", "properties": { "Código departamento": "15", "Departamento": "Boyacá", "Código municipio": "537", "Municipio": "PAZ DE RÍO", "DIVIPOLA": "15537" }, "geometry": { "type": "Polygon", "coordinates": [ [ [ -72.701590821579785, 6.01830014922776 ], [ -72.704527332699882, 6.008706462242611 ], [ -72.717888458296329, 5.99686425487032 ], [ -72.726844817212623, 5.993416523610033 ], [ -72.737416257244959, 5.991767608659459 ], [ -72.742995628373151, 5.987870173321743 ], [ -72.75121785950941, 5.982024020315168 ], [ -72.755475800633562, 5.981724217596883 ], [ -72.762523427321781, 5.97542836051288 ], [ -72.768543275117992, 5.965684772168589 ], [ -72.779261540706329, 5.954442170232867 ], [ -72.794531398530836, 5.964185758577158 ], [ -72.81538062748352, 5.965384969450302 ], [ -72.818317138603618, 5.977976683618309 ], [ -72.813325069699459, 5.979775499928025 ], [ -72.809801256355343, 5.986371159730314 ], [ -72.796440130758896, 5.994915537201462 ], [ -72.791448061854737, 6.006607843214611 ], [ -72.798055211874953, 6.016951036995473 ], [ -72.806424268567227, 6.017850445150331 ], [ -72.812444116363423, 6.023246894079477 ], [ -72.813325069699459, 6.037487523198055 ], [ -72.810388558579362, 6.056674897168352 ], [ -72.814206023035482, 6.082008226863509 ], [ -72.810388558579362, 6.095199546468087 ], [ -72.804075059671149, 6.090852407052942 ], [ -72.799963944103013, 6.091751815207799 ], [ -72.794971875198854, 6.099996389960661 ], [ -72.783225830718465, 6.092351420644371 ], [ -72.779261540706329, 6.086205464919511 ], [ -72.771186135126072, 6.082008226863509 ], [ -72.758265486197644, 6.082008226863509 ], [ -72.74417023282119, 6.076611777934363 ], [ -72.739031338361016, 6.071215329005217 ], [ -72.724789259428547, 6.068217301822359 ], [ -72.715979726068269, 6.061921444738355 ], [ -72.715539249400251, 6.047081210183204 ], [ -72.718182109408332, 6.044382985718632 ], [ -72.719650364968388, 6.027743934853764 ], [ -72.71480512162023, 6.027294230776335 ], [ -72.704380507143881, 6.01830014922776 ], [ -72.701590821579785, 6.01830014922776 ] ] ] } },
{ "type": "Feature", "properties": { "Código departamento": "15", "Departamento": "Boyacá", "Código municipio": "599", "Municipio": "RAMIRIQUÍ", "DIVIPOLA": "15599" }, "geometry": { "type": "Polygon", "coordinates": [ [ [ -73.3151748201239, 5.443278535555446 ], [ -73.321488319032113, 5.431436328183154 ], [ -73.322516097924137, 5.426039879254009 ], [ -73.330004201280389, 5.414347573240859 ], [ -73.323103400148156, 5.413448165086002 ], [ -73.31899228458002, 5.406552702565427 ], [ -73.322516097924137, 5.392012270728562 ], [ -73.316936726795959, 5.387215427235987 ], [ -73.309301797883705, 5.374323910349694 ], [ -73.301960520083469, 5.369527066857121 ], [ -73.298436706739352, 5.362181900259116 ], [ -73.290508126715096, 5.358884070357973 ], [ -73.285662883366939, 5.349740087450253 ], [ -73.286690662258962, 5.340146400465104 ], [ -73.281698593354804, 5.3307026148391 ], [ -73.282285895578823, 5.324706560473381 ], [ -73.273476362218531, 5.325006363191668 ], [ -73.264226352190235, 5.320209519699094 ], [ -73.275385094446591, 5.305669087862229 ], [ -73.27274223443851, 5.299073428059939 ], [ -73.279349384458726, 5.291128656025363 ], [ -73.28580970892294, 5.287381122046789 ], [ -73.288012092263017, 5.277037928265927 ], [ -73.28507558114292, 5.265795326330207 ], [ -73.277734303342669, 5.256951146140774 ], [ -73.279349384458726, 5.245408741486767 ], [ -73.269658897762412, 5.239262785761906 ], [ -73.257472376614004, 5.236564561297334 ], [ -73.247341413249671, 5.230568506931616 ], [ -73.254242214381904, 5.226820972953043 ], [ -73.256297772165965, 5.219625707714182 ], [ -73.275678745558608, 5.213779554707608 ], [ -73.283460500026862, 5.206734190827889 ], [ -73.294619242283233, 5.210631626165605 ], [ -73.303428775643511, 5.217377187327037 ], [ -73.309595448995722, 5.227570479748757 ], [ -73.319579586804039, 5.231018211009045 ], [ -73.323250225704157, 5.239562588480193 ], [ -73.320607365696077, 5.247957064592197 ], [ -73.32956372461237, 5.261598088274204 ], [ -73.311651006779783, 5.27104187390021 ], [ -73.308567670103685, 5.275089210597069 ], [ -73.317524029019978, 5.284083292145646 ], [ -73.323543876816174, 5.293527077771651 ], [ -73.32633356238027, 5.293377176412508 ], [ -73.331912933508448, 5.308067509608516 ], [ -73.336464525744603, 5.314513268051662 ], [ -73.324424830152196, 5.325306165909953 ], [ -73.333087537956487, 5.335949162409102 ], [ -73.337932781304644, 5.337298274641388 ], [ -73.333087537956487, 5.348540876577109 ], [ -73.339841513532704, 5.353787424147112 ], [ -73.354817720245194, 5.359033971717115 ], [ -73.365535985833546, 5.364580322005403 ], [ -73.365095509165542, 5.373424502194838 ], [ -73.359956614705368, 5.390363355777988 ], [ -73.35437724357719, 5.399357437326565 ], [ -73.354083592465173, 5.403854478100853 ], [ -73.347476442444957, 5.414347573240859 ], [ -73.348651046892996, 5.424390964303437 ], [ -73.352028034681112, 5.43218583497887 ], [ -73.348944698005013, 5.43068682138744 ], [ -73.334555793516529, 5.441329817886587 ], [ -73.33205975906445, 5.440280508372587 ], [ -73.320313714584074, 5.450024096716878 ], [ -73.3151748201239, 5.443278535555446 ] ] ] } },
{ "type": "Feature", "properties": { "Código departamento": "15", "Departamento": "Boyacá", "Código municipio": "600", "Municipio": "RÁQUIRA", "DIVIPOLA": "15600" }, "geometry": { "type": "Polygon", "coordinates": [ [ [ -73.580341774268589, 5.58988206479724 ], [ -73.575496530920432, 5.583136503635809 ], [ -73.577111612036489, 5.574891928882947 ], [ -73.572853670912338, 5.56589784733437 ], [ -73.57652430981247, 5.560201595686938 ], [ -73.571825892020314, 5.551657218215792 ], [ -73.56345683532804, 5.546860374723217 ], [ -73.556556034195808, 5.533818956477782 ], [ -73.555675080859785, 5.52557438172492 ], [ -73.549948884175592, 5.521826847746346 ], [ -73.558905243091885, 5.517179905612916 ], [ -73.555234604191767, 5.508935330860054 ], [ -73.536734584135161, 5.500241052029764 ], [ -73.540845699703297, 5.495294307178047 ], [ -73.549802058619591, 5.490347562326328 ], [ -73.558611591979883, 5.47820555223575 ], [ -73.568448904232199, 5.477905749517466 ], [ -73.575349705364431, 5.467862358454888 ], [ -73.584746540948743, 5.46846196389146 ], [ -73.59473067875706, 5.466513246222601 ], [ -73.598988619881197, 5.457818967392311 ], [ -73.600750526553256, 5.448674984484593 ], [ -73.600456875441253, 5.430986624105725 ], [ -73.593115597641003, 5.422442246634579 ], [ -73.600603700997254, 5.417045797705431 ], [ -73.615286256597741, 5.410150335184857 ], [ -73.618516418829842, 5.404753886255711 ], [ -73.626885475522116, 5.412698658290286 ], [ -73.640980728898583, 5.417945205860289 ], [ -73.647441053362797, 5.41539688275486 ], [ -73.653754552270996, 5.417795304501147 ], [ -73.655369633387053, 5.426189780613151 ], [ -73.671814095659585, 5.433385045852012 ], [ -73.6784212456798, 5.434734158084299 ], [ -73.675044257891699, 5.442229226041445 ], [ -73.679155373459835, 5.454071433413739 ], [ -73.69016729016019, 5.447475773611449 ], [ -73.696627614624404, 5.446726266815735 ], [ -73.706758577988737, 5.455870249723453 ], [ -73.71953240136115, 5.458868276906313 ], [ -73.717330018021073, 5.46591364078603 ], [ -73.717917320245107, 5.476256834566892 ], [ -73.728341934721442, 5.479104960390608 ], [ -73.734949084741658, 5.47250930058832 ], [ -73.743464966989933, 5.471010286996891 ], [ -73.738032421417756, 5.475807130489463 ], [ -73.727167330273403, 5.481203579418611 ], [ -73.724964946933326, 5.486450126988612 ], [ -73.709548263552819, 5.491396871840331 ], [ -73.696480789068403, 5.503388980571764 ], [ -73.686203000148055, 5.517329806972058 ], [ -73.69281015016827, 5.525274579006633 ], [ -73.678568071235816, 5.541913629871501 ], [ -73.666528375643409, 5.538166095892927 ], [ -73.653607726714995, 5.550907711420076 ], [ -73.64509184446672, 5.552106922293221 ], [ -73.636429136662429, 5.563349524228941 ], [ -73.624683092182039, 5.569795282672087 ], [ -73.612496571033645, 5.572793309854945 ], [ -73.603393386561351, 5.57863946286152 ], [ -73.596345759873117, 5.586584234896097 ], [ -73.580341774268589, 5.58988206479724 ] ] ] } },
{ "type": "Feature", "properties": { "Código departamento": "15", "Departamento": "Boyacá", "Código municipio": "621", "Municipio": "RONDÓN", "DIVIPOLA": "15621" }, "geometry": { "type": "Polygon", "coordinates": [ [ [ -73.126357155101715, 5.357385056766543 ], [ -73.133111130677932, 5.350639495605111 ], [ -73.143095268486263, 5.346292356189966 ], [ -73.146325430718363, 5.349590186091109 ], [ -73.157924649642752, 5.350789396964253 ], [ -73.188317539735749, 5.325306165909953 ], [ -73.191107225299831, 5.317211492516235 ], [ -73.200357235328141, 5.316611887079664 ], [ -73.219885034276771, 5.300722343010512 ], [ -73.233686636541222, 5.285132601659646 ], [ -73.243230297681549, 5.287980727483363 ], [ -73.260702538846118, 5.287680924765076 ], [ -73.259527934398079, 5.291578360102792 ], [ -73.27274223443851, 5.299073428059939 ], [ -73.275385094446591, 5.305669087862229 ], [ -73.264226352190235, 5.320209519699094 ], [ -73.273476362218531, 5.325006363191668 ], [ -73.282285895578823, 5.324706560473381 ], [ -73.281698593354804, 5.3307026148391 ], [ -73.286690662258962, 5.340146400465104 ], [ -73.285662883366939, 5.349740087450253 ], [ -73.275385094446591, 5.354986635020256 ], [ -73.259381108842078, 5.367428447829119 ], [ -73.252627133265847, 5.368177954624834 ], [ -73.242936646569532, 5.376722332095981 ], [ -73.221940592060847, 5.406852505283712 ], [ -73.212103279808517, 5.426189780613151 ], [ -73.215627093152634, 5.440280508372587 ], [ -73.204174699784261, 5.456919559237455 ], [ -73.193896910863927, 5.458868276906313 ], [ -73.186555633063691, 5.465014232631172 ], [ -73.1746627630273, 5.467562555736602 ], [ -73.163797671882946, 5.479404763108895 ], [ -73.154547661854636, 5.479254861749753 ], [ -73.147353209610401, 5.482102987573467 ], [ -73.130908747337855, 5.464714429912887 ], [ -73.129000015109796, 5.458568474188026 ], [ -73.124154771761638, 5.456319953800882 ], [ -73.132523828453913, 5.430836722746583 ], [ -73.137662722914087, 5.424690767021722 ], [ -73.141480187370206, 5.412099052853715 ], [ -73.130615096225853, 5.401006352277137 ], [ -73.126797631769733, 5.389913651700561 ], [ -73.121511911753558, 5.385266709567129 ], [ -73.132083351785894, 5.368327855983977 ], [ -73.126357155101715, 5.357385056766543 ] ] ] } },
{ "type": "Feature", "properties": { "Código departamento": "15", "Departamento": "Boyacá", "Código municipio": "632", "Municipio": "SABOYÁ", "DIVIPOLA": "15632" }, "geometry": { "type": "Polygon", "coordinates": [ [ [ -73.651698994486935, 5.712351475217022 ], [ -73.653167250046977, 5.702457985513587 ], [ -73.656544237835092, 5.691964890373582 ], [ -73.669611712319522, 5.675775543586144 ], [ -73.670345840099543, 5.666481659319282 ], [ -73.677246641231761, 5.650442213890988 ], [ -73.680770454575878, 5.636501387490694 ], [ -73.686056174592053, 5.629605924970119 ], [ -73.695893486844383, 5.62915622089269 ], [ -73.698829997964481, 5.636051683413267 ], [ -73.706758577988737, 5.632004346716406 ], [ -73.725111772489328, 5.633503360307835 ], [ -73.735536386965677, 5.641747935060697 ], [ -73.748750687006108, 5.642647343215555 ], [ -73.752568151462242, 5.646394877194129 ], [ -73.765635625946658, 5.638000401082125 ], [ -73.774591984862951, 5.63680119020898 ], [ -73.779877704879127, 5.633653261666979 ], [ -73.794266609367597, 5.641897836419841 ], [ -73.803663444951908, 5.640848526905839 ], [ -73.814822187208279, 5.646844581271558 ], [ -73.82421902279259, 5.655988564179277 ], [ -73.827742836136693, 5.662134519904137 ], [ -73.834937288380928, 5.666931363396711 ], [ -73.835377765048946, 5.68267100610672 ], [ -73.831853951704829, 5.694063509401583 ], [ -73.833615858376888, 5.704556604541589 ], [ -73.83919522950508, 5.702907689591016 ], [ -73.849032541757396, 5.709053645315877 ], [ -73.857695249561687, 5.707404730365305 ], [ -73.861806365129809, 5.69751124066187 ], [ -73.866064306253961, 5.693314002605868 ], [ -73.886326232982626, 5.690016172704724 ], [ -73.883389721862528, 5.694663114838154 ], [ -73.880159559630414, 5.707554631724448 ], [ -73.861953190685824, 5.711002362984735 ], [ -73.856961121781652, 5.717298220068739 ], [ -73.854024610661554, 5.726442202976458 ], [ -73.842865868405198, 5.736635495398178 ], [ -73.837139671721005, 5.739783423940179 ], [ -73.823484895012555, 5.74038302937675 ], [ -73.819226953888418, 5.737534903553036 ], [ -73.819226953888418, 5.715349502399881 ], [ -73.812472978312201, 5.714899798322452 ], [ -73.80381027050791, 5.7244934853076 ], [ -73.794266609367597, 5.729440230159317 ], [ -73.790008668243459, 5.739933325299323 ], [ -73.782226913775204, 5.746828787819898 ], [ -73.764901498166637, 5.771712413437625 ], [ -73.762699114826574, 5.773211427029055 ], [ -73.751246721458187, 5.768714386254767 ], [ -73.735976863633695, 5.772461920233341 ], [ -73.725699074713361, 5.770813005282768 ], [ -73.710869693556873, 5.7765092569302 ], [ -73.701472857972561, 5.769313991691338 ], [ -73.693691103504307, 5.757621685678189 ], [ -73.684294267919995, 5.751026025875899 ], [ -73.672841874551622, 5.748327801411327 ], [ -73.663738690079327, 5.72809111792703 ], [ -73.651405343374918, 5.714450094245023 ], [ -73.651698994486935, 5.712351475217022 ] ] ] } },
{ "type": "Feature", "properties": { "Código departamento": "15", "Departamento": "Boyacá", "Código municipio": "638", "Municipio": "SÁCHICA", "DIVIPOLA": "15638" }, "geometry": { "type": "Polygon", "coordinates": [ [ [ -73.516325831850494, 5.600974765373818 ], [ -73.511040111834319, 5.599475751782388 ], [ -73.513242495174396, 5.590031966156384 ], [ -73.51177423961434, 5.582836700917523 ], [ -73.502671055142045, 5.57714044927009 ], [ -73.498853590685925, 5.559452088891224 ], [ -73.512508367394361, 5.540714418998356 ], [ -73.519262342970592, 5.533968857836924 ], [ -73.527925050774869, 5.532769646963781 ], [ -73.544075861935397, 5.527373198034636 ], [ -73.549948884175592, 5.521826847746346 ], [ -73.555675080859785, 5.52557438172492 ], [ -73.556556034195808, 5.533818956477782 ], [ -73.56345683532804, 5.546860374723217 ], [ -73.571825892020314, 5.551657218215792 ], [ -73.57652430981247, 5.560201595686938 ], [ -73.572853670912338, 5.56589784733437 ], [ -73.577111612036489, 5.574891928882947 ], [ -73.575496530920432, 5.583136503635809 ], [ -73.580341774268589, 5.58988206479724 ], [ -73.576817960924473, 5.602623680324391 ], [ -73.581956855384647, 5.627957010019547 ], [ -73.577698914260509, 5.631104938561548 ], [ -73.566099695336121, 5.632304149434693 ], [ -73.56404413755206, 5.618663125752685 ], [ -73.552738569739688, 5.604422496634105 ], [ -73.540845699703297, 5.597976738190959 ], [ -73.532476643011023, 5.60517200342982 ], [ -73.524988539654771, 5.606820918380392 ], [ -73.516325831850494, 5.600974765373818 ] ] ] } },
{ "type": "Feature", "properties": { "Código departamento": "15", "Departamento": "Boyacá", "Código municipio": "646", "Municipio": "SAMACÁ", "DIVIPOLA": "15646" }, "geometry": { "type": "Polygon", "coordinates": [ [ [ -73.490778185105654, 5.548958993751218 ], [ -73.491512312885675, 5.535467871428353 ], [ -73.483290081749402, 5.530671027935779 ], [ -73.465230538360814, 5.515830793380629 ], [ -73.457889260560577, 5.5164303988172 ], [ -73.45304401721242, 5.502339671057764 ], [ -73.455246400552497, 5.49859213707919 ], [ -73.432341613815737, 5.485850521552041 ], [ -73.437040031607893, 5.478955059031466 ], [ -73.447317820528227, 5.469061569328033 ], [ -73.454512272772462, 5.456020151082597 ], [ -73.455833702776516, 5.450173998076022 ], [ -73.465817840584833, 5.439081297499444 ], [ -73.470222607264986, 5.436682875753157 ], [ -73.478151187289242, 5.42663948469058 ], [ -73.488135325097574, 5.435783467598299 ], [ -73.496357556233846, 5.438781494781158 ], [ -73.508250426270223, 5.429187807796009 ], [ -73.512802018506378, 5.429637511873438 ], [ -73.522786156314709, 5.421842641198006 ], [ -73.530861561894966, 5.424390964303437 ], [ -73.537615537471197, 5.419294318092576 ], [ -73.541433001927317, 5.420643430324863 ], [ -73.553913174187727, 5.406852505283712 ], [ -73.56154810309998, 5.404454083537424 ], [ -73.575643356476434, 5.406852505283712 ], [ -73.592528295416997, 5.398458029171707 ], [ -73.594290202089041, 5.400256845481423 ], [ -73.611615617697623, 5.405353491692282 ], [ -73.618516418829842, 5.404753886255711 ], [ -73.615286256597741, 5.410150335184857 ], [ -73.600603700997254, 5.417045797705431 ], [ -73.593115597641003, 5.422442246634579 ], [ -73.600456875441253, 5.430986624105725 ], [ -73.600750526553256, 5.448674984484593 ], [ -73.598988619881197, 5.457818967392311 ], [ -73.59473067875706, 5.466513246222601 ], [ -73.584746540948743, 5.46846196389146 ], [ -73.575349705364431, 5.467862358454888 ], [ -73.568448904232199, 5.477905749517466 ], [ -73.558611591979883, 5.47820555223575 ], [ -73.549802058619591, 5.490347562326328 ], [ -73.540845699703297, 5.495294307178047 ], [ -73.536734584135161, 5.500241052029764 ], [ -73.555234604191767, 5.508935330860054 ], [ -73.558905243091885, 5.517179905612916 ], [ -73.549948884175592, 5.521826847746346 ], [ -73.544075861935397, 5.527373198034636 ], [ -73.527925050774869, 5.532769646963781 ], [ -73.519262342970592, 5.533968857836924 ], [ -73.512508367394361, 5.540714418998356 ], [ -73.498853590685925, 5.559452088891224 ], [ -73.490778185105654, 5.548958993751218 ] ] ] } },
{ "type": "Feature", "properties": { "Código departamento": "15", "Departamento": "Boyacá", "Código municipio": "660", "Municipio": "SAN EDUARDO", "DIVIPOLA": "15660" }, "geometry": { "type": "Polygon", "coordinates": [ [ [ -73.0100713147459, 5.214529061503321 ], [ -73.017412592546137, 5.205235177236459 ], [ -73.029011811470525, 5.186047803266164 ], [ -73.034591182598703, 5.173755891816442 ], [ -73.056908667111429, 5.161613881725864 ], [ -73.064396770467681, 5.163262796676437 ], [ -73.072472176047938, 5.168959048323868 ], [ -73.066452328251756, 5.185748000547878 ], [ -73.069682490483856, 5.187396915498449 ], [ -73.072619001603954, 5.196390997047026 ], [ -73.07805154717613, 5.196241095687884 ], [ -73.080400756072208, 5.201487643257885 ], [ -73.089210289432501, 5.202387051412743 ], [ -73.101690461692897, 5.209882119369891 ], [ -73.105654751705032, 5.222923537615327 ], [ -73.100956333912876, 5.233116830037047 ], [ -73.101690461692897, 5.240162193916764 ], [ -73.086420603868405, 5.250655289056771 ], [ -73.083337267192306, 5.255152329831058 ], [ -73.073499954939976, 5.25979927196449 ], [ -73.067333281587779, 5.27104187390021 ], [ -73.063956293799663, 5.300572441651368 ], [ -73.058083271559468, 5.308067509608516 ], [ -73.047071354859114, 5.308367312326802 ], [ -73.041638809286937, 5.312414649023661 ], [ -73.04002372817088, 5.308517213685945 ], [ -73.027984032578487, 5.299972836214796 ], [ -73.028571334802507, 5.287980727483363 ], [ -73.02313878923033, 5.278387040498214 ], [ -73.011245919193939, 5.262197693710776 ], [ -72.997297491373487, 5.258300258373059 ], [ -72.995241933589412, 5.24555864284591 ], [ -73.005666548065761, 5.226820972953043 ], [ -73.0100713147459, 5.214529061503321 ] ] ] } },
{ "type": "Feature", "properties": { "Código departamento": "15", "Departamento": "Boyacá", "Código municipio": "664", "Municipio": "SAN JOSÉ DE PARE", "DIVIPOLA": "15664" }, "geometry": { "type": "Polygon", "coordinates": [ [ [ -73.531889340787004, 6.049179829211206 ], [ -73.529393306334924, 6.041684761254058 ], [ -73.520730598530633, 6.03314038378291 ], [ -73.520290121862615, 6.028943145726909 ], [ -73.509278205162261, 6.025645315825764 ], [ -73.501936927362024, 6.01934945874176 ], [ -73.49488930067379, 6.009306067679183 ], [ -73.49488930067379, 6.005108829623182 ], [ -73.485932941757497, 6.001661098362894 ], [ -73.496063905121829, 5.986970765166885 ], [ -73.503992485146085, 5.978276486336594 ], [ -73.513389320730397, 5.971530925175164 ], [ -73.519409168526593, 5.972130530611735 ], [ -73.532770294123026, 5.960738027316871 ], [ -73.544809989715432, 5.955791282465154 ], [ -73.549802058619591, 5.950694636254295 ], [ -73.559639370871906, 5.952193649845724 ], [ -73.56477826533208, 5.955791282465154 ], [ -73.575202879808415, 5.957290296056583 ], [ -73.584599715392727, 5.953392860718867 ], [ -73.593262423197018, 5.959388915084586 ], [ -73.59091321430094, 5.965384969450302 ], [ -73.591940993192964, 5.980375105364597 ], [ -73.588564005404862, 5.989369186913172 ], [ -73.588123528736844, 5.997763663025178 ], [ -73.585921145396767, 6.006308040496324 ], [ -73.581956855384647, 6.012004292143756 ], [ -73.565512393112101, 6.01830014922776 ], [ -73.559492545315905, 6.028943145726909 ], [ -73.54774650083553, 6.031941172909767 ], [ -73.539671095255258, 6.037487523198055 ], [ -73.537028235247163, 6.041984563972345 ], [ -73.531889340787004, 6.049179829211206 ] ] ] } },
{ "type": "Feature", "properties": { "Código departamento": "15", "Departamento": "Boyacá", "Código municipio": "667", "Municipio": "SAN LUIS DE GACENO", "DIVIPOLA": "15667" }, "geometry": { "type": "Polygon", "coordinates": [ [ [ -73.02886498591451, 4.9920754445352 ], [ -73.030480067030567, 4.98233185619091 ], [ -73.029305462582528, 4.969890043382045 ], [ -73.035765787046742, 4.96194527134747 ], [ -73.042079285954955, 4.937661251166314 ], [ -73.049126912643175, 4.922221411174591 ], [ -73.047658657083133, 4.901834826331151 ], [ -73.042079285954955, 4.890292421677144 ], [ -73.04134515817492, 4.879049819741424 ], [ -73.045603099299058, 4.872604061298278 ], [ -73.052357074875289, 4.868406823242275 ], [ -73.051329295983251, 4.86196106479913 ], [ -73.061607084903585, 4.855065602278555 ], [ -73.060726131567563, 4.849968956067694 ], [ -73.068214234923801, 4.838276650054545 ], [ -73.071297571599914, 4.826284541323111 ], [ -73.077464244952111, 4.812193813563673 ], [ -73.076583291616075, 4.807546871430243 ], [ -73.070122967151875, 4.802150422501097 ], [ -73.071884873823933, 4.795254959980523 ], [ -73.064984072691701, 4.791507426001949 ], [ -73.060138829343543, 4.778765810474799 ], [ -73.05441263265935, 4.773669164263938 ], [ -73.044868971519037, 4.751183960392498 ], [ -73.046777703747097, 4.744288497871923 ], [ -73.05250390043129, 4.736343725837346 ], [ -73.062047561571603, 4.731846685063059 ], [ -73.072472176047938, 4.738142542147062 ], [ -73.07863884940015, 4.726450236133913 ], [ -73.072031699379934, 4.719854576331623 ], [ -73.080400756072208, 4.70891177711419 ], [ -73.079666628292188, 4.7044147363399 ], [ -73.085686476088384, 4.698268780615041 ], [ -73.091412672772563, 4.688824994989035 ], [ -73.091412672772563, 4.676233280821028 ], [ -73.100222206132855, 4.669487719659597 ], [ -73.103305542808954, 4.661243144906735 ], [ -73.112702378393266, 4.661243144906735 ], [ -73.120924609529538, 4.671436437328455 ], [ -73.127531759549754, 4.665590284321881 ], [ -73.132817479565929, 4.665140580244452 ], [ -73.147353209610401, 4.655396991900161 ], [ -73.154254010742619, 4.657345709569019 ], [ -73.15968655631481, 4.662442355779878 ], [ -73.181857215271535, 4.66813860742731 ], [ -73.193456434195909, 4.672185944124169 ], [ -73.207845338684379, 4.680580420236173 ], [ -73.206523908680339, 4.691073515376179 ], [ -73.200357235328141, 4.702016314593615 ], [ -73.191988178635867, 4.711310198860477 ], [ -73.17921435526344, 4.720903885845623 ], [ -73.170404821903162, 4.731696783703916 ], [ -73.177011971923378, 4.736493627196491 ], [ -73.182150866383537, 4.743389089717065 ], [ -73.180388959711479, 4.753582382138785 ], [ -73.185087377503635, 4.754181987575357 ], [ -73.19419056197593, 4.770821038440222 ], [ -73.200944537552161, 4.777566599601655 ], [ -73.207698513128378, 4.779815119988799 ], [ -73.224289800956925, 4.77726679688337 ], [ -73.232512032093197, 4.778466007756513 ], [ -73.240440612117453, 4.7829630485308 ], [ -73.239412833225416, 4.78850939881909 ], [ -73.228547742081062, 4.796454170853665 ], [ -73.216801697600673, 4.798402888522523 ], [ -73.211222326472495, 4.800951211627953 ], [ -73.205055653120297, 4.817740163851963 ], [ -73.206230257568336, 4.829282568505969 ], [ -73.214305663148593, 4.834679017435115 ], [ -73.21782947649271, 4.843373296265406 ], [ -73.223262022064887, 4.844722408497691 ], [ -73.228400916525061, 4.850718462863409 ], [ -73.221206464280826, 4.855515306355984 ], [ -73.211369152028496, 4.858063629461413 ], [ -73.20667073423634, 4.862110966158272 ], [ -73.199916758660123, 4.862410768876559 ], [ -73.189785795295791, 4.87065534362942 ], [ -73.184500075279615, 4.872154357220849 ], [ -73.175103239695304, 4.89209123798686 ], [ -73.174515937471284, 4.896138574683719 ], [ -73.170551647459163, 4.896138574683719 ], [ -73.162476241878892, 4.907381176619441 ], [ -73.151611150734539, 4.914126737780872 ], [ -73.142507966262244, 4.915775652731445 ], [ -73.141186536258203, 4.92267111525202 ], [ -73.13223017734191, 4.934063618546884 ], [ -73.124595248429657, 4.937811152525456 ], [ -73.116079366181381, 4.946355529996604 ], [ -73.112261901725248, 4.954899907467751 ], [ -73.10668253059707, 4.955799315622609 ], [ -73.091265847216562, 4.966742114840044 ], [ -73.07996027940419, 4.972288465128332 ], [ -73.076583291616075, 4.978884124930622 ], [ -73.070857094931895, 4.980083335803765 ], [ -73.061460259347584, 4.988178009197484 ], [ -73.056468190443425, 4.997471893464346 ], [ -73.05059516820323, 4.9910261350212 ], [ -73.03488483371072, 4.988477811915771 ], [ -73.02886498591451, 4.9920754445352 ] ] ] } },
{ "type": "Feature", "properties": { "Código departamento": "15", "Departamento": "Boyacá", "Código municipio": "673", "Municipio": "SAN MATEO", "DIVIPOLA": "15673" }, "geometry": { "type": "Polygon", "coordinates": [ [ [ -72.496769170953073, 6.40084841776054 ], [ -72.485463603140715, 6.390805026697962 ], [ -72.481352487572579, 6.37686420029767 ], [ -72.490896148712892, 6.36921923098138 ], [ -72.508074738765444, 6.366221203798522 ], [ -72.510717598773539, 6.356777418172515 ], [ -72.517765225461773, 6.349282350215369 ], [ -72.532007304394227, 6.350031857011083 ], [ -72.5402295355305, 6.353179785553086 ], [ -72.547423987774735, 6.351081166525083 ], [ -72.566658135611362, 6.349282350215369 ], [ -72.575761320083672, 6.350631462447654 ], [ -72.576789098975695, 6.353779390989657 ], [ -72.587947841232065, 6.360674853510232 ], [ -72.5919121312442, 6.373266567678239 ], [ -72.59705102570436, 6.379262622043956 ], [ -72.597197851260376, 6.392453941648536 ], [ -72.602630396832552, 6.410891808823117 ], [ -72.609090721296752, 6.408643288435973 ], [ -72.622305021337198, 6.413889836005976 ], [ -72.625682009125299, 6.423183720272838 ], [ -72.623479625785237, 6.440722179292561 ], [ -72.602777222388553, 6.451515077150852 ], [ -72.601896269052531, 6.458110736953143 ], [ -72.59249943346822, 6.463507185882288 ], [ -72.589709747904124, 6.469653141607149 ], [ -72.582955772327907, 6.476398702768582 ], [ -72.568126391171418, 6.483593968007441 ], [ -72.548304941110771, 6.487041699267729 ], [ -72.547423987774735, 6.47939672995144 ], [ -72.553443835570931, 6.469653141607149 ], [ -72.553150184458929, 6.460659060058572 ], [ -72.55652717224703, 6.445219220066849 ], [ -72.552122405566891, 6.44012257385599 ], [ -72.547864464442753, 6.42588194473741 ], [ -72.531420002170208, 6.420185693089979 ], [ -72.52393189881397, 6.410891808823117 ], [ -72.517324748793754, 6.410292203386544 ], [ -72.511158075441557, 6.40294703678854 ], [ -72.502495367637266, 6.397700489218537 ], [ -72.496769170953073, 6.40084841776054 ] ] ] } },
{ "type": "Feature", "properties": { "Código departamento": "15", "Departamento": "Boyacá", "Código municipio": "676", "Municipio": "SAN MIGUEL DE SEMA", "DIVIPOLA": "15676" }, "geometry": { "type": "Polygon", "coordinates": [ [ [ -73.716008588017033, 5.590181867515526 ], [ -73.712925251340934, 5.58523512266381 ], [ -73.713072076896935, 5.577889956065806 ], [ -73.721881610257228, 5.553156231807221 ], [ -73.719972878029168, 5.536966885019782 ], [ -73.709254612440816, 5.53576767414664 ], [ -73.704262543536657, 5.527223296675492 ], [ -73.69281015016827, 5.525274579006633 ], [ -73.686203000148055, 5.517329806972058 ], [ -73.696480789068403, 5.503388980571764 ], [ -73.709548263552819, 5.491396871840331 ], [ -73.724964946933326, 5.486450126988612 ], [ -73.727167330273403, 5.481203579418611 ], [ -73.738032421417756, 5.475807130489463 ], [ -73.743464966989933, 5.471010286996891 ], [ -73.747135605890051, 5.489598055530615 ], [ -73.759028475926442, 5.48480121203804 ], [ -73.768865788178772, 5.486600028347756 ], [ -73.782667390443223, 5.499791347952335 ], [ -73.78692533156736, 5.510584245810626 ], [ -73.791623749359516, 5.531420534731494 ], [ -73.788687238239419, 5.545811065209217 ], [ -73.78942136601944, 5.553006330448077 ], [ -73.786338029343341, 5.567546762284942 ], [ -73.786778506011359, 5.574592126164661 ], [ -73.781933262663202, 5.583886010431523 ], [ -73.779730879323125, 5.595128612367243 ], [ -73.768718962622771, 5.592580289261813 ], [ -73.753302279242263, 5.576840646551806 ], [ -73.729663364725482, 5.581337687326093 ], [ -73.72085383136519, 5.576990547910948 ], [ -73.717183192465072, 5.581037884607807 ], [ -73.716008588017033, 5.590181867515526 ] ] ] } },
{ "type": "Feature", "properties": { "Código departamento": "15", "Departamento": "Boyacá", "Código municipio": "681", "Municipio": "SAN PABLO DE BORBUR", "DIVIPOLA": "15681" }, "geometry": { "type": "Polygon", "coordinates": [ [ [ -74.060608167960325, 5.649243003017845 ], [ -74.0658938879765, 5.640998428264983 ], [ -74.065012934640478, 5.634402768462693 ], [ -74.072354212440715, 5.624209476040973 ], [ -74.082191524693044, 5.614166084978396 ], [ -74.088651849157245, 5.603223285760962 ], [ -74.094524871397439, 5.600974765373818 ], [ -74.107445520325868, 5.606820918380392 ], [ -74.116989181466181, 5.609069438767537 ], [ -74.13710428263883, 5.597077330036101 ], [ -74.144739211551084, 5.595578316444672 ], [ -74.149143978231237, 5.597826836831817 ], [ -74.158834464927551, 5.596028020522101 ], [ -74.165441614947767, 5.618513224393541 ], [ -74.163532882719707, 5.632753853512122 ], [ -74.169112253847885, 5.636351486131551 ], [ -74.169259079403886, 5.641298230983268 ], [ -74.181151949440277, 5.638600006518696 ], [ -74.172782892748003, 5.654789353306133 ], [ -74.175572578312099, 5.663933336213852 ], [ -74.17307654386002, 5.669179883783856 ], [ -74.174251148308059, 5.677724261255002 ], [ -74.170727334963942, 5.689416567268151 ], [ -74.173957497196042, 5.694063509401583 ], [ -74.17366384608404, 5.705306111337303 ], [ -74.171020986075945, 5.719097036378455 ], [ -74.166616219395806, 5.725093090744171 ], [ -74.161330499379631, 5.726742005694743 ], [ -74.157953511591515, 5.74038302937675 ], [ -74.149584454899241, 5.744580267432753 ], [ -74.148116199339199, 5.74847770277047 ], [ -74.134167771518747, 5.751175927235043 ], [ -74.122862203706376, 5.748777505488756 ], [ -74.108620124773907, 5.755223263931902 ], [ -74.09261613916938, 5.75972030470619 ], [ -74.092175662501361, 5.752824842185615 ], [ -74.088505023601243, 5.749377110925328 ], [ -74.084981210257126, 5.739783423940179 ], [ -74.077493106900889, 5.734087172292747 ], [ -74.059286737956285, 5.723893879871027 ], [ -74.051651809044031, 5.722694668997884 ], [ -74.049008949035951, 5.718047726864453 ], [ -74.041961322347717, 5.714150291526736 ], [ -74.0384375090036, 5.705156209978161 ], [ -74.040786717899678, 5.699609859689871 ], [ -74.039905764563656, 5.690315975423009 ], [ -74.045044659023816, 5.689116764549866 ], [ -74.050770855708009, 5.68267100610672 ], [ -74.046512914583872, 5.67967297892386 ], [ -74.048568472367933, 5.670828798734427 ], [ -74.056350226836187, 5.661534914467565 ], [ -74.060608167960325, 5.649243003017845 ] ] ] } },
{ "type": "Feature", "properties": { "Código departamento": "15", "Departamento": "Boyacá", "Código municipio": "686", "Municipio": "SANTANA", "DIVIPOLA": "15686" }, "geometry": { "type": "Polygon", "coordinates": [ [ [ -73.454071796104458, 6.079160101039792 ], [ -73.449813854980306, 6.074213356188076 ], [ -73.447170994972225, 6.064919471921214 ], [ -73.450841633872344, 6.046481604746632 ], [ -73.456714656112538, 6.038237029993771 ], [ -73.463615457244771, 6.033290285142054 ], [ -73.471544037269027, 6.023246894079477 ], [ -73.478444838401259, 6.010355377193185 ], [ -73.485932941757497, 6.001661098362894 ], [ -73.49488930067379, 6.005108829623182 ], [ -73.49488930067379, 6.009306067679183 ], [ -73.501936927362024, 6.01934945874176 ], [ -73.509278205162261, 6.025645315825764 ], [ -73.520290121862615, 6.028943145726909 ], [ -73.520730598530633, 6.03314038378291 ], [ -73.529393306334924, 6.041684761254058 ], [ -73.531889340787004, 6.049179829211206 ], [ -73.527484574106865, 6.058323812118924 ], [ -73.525575841878791, 6.077661087448363 ], [ -73.513829797398415, 6.087254774433512 ], [ -73.513242495174396, 6.099546685883232 ], [ -73.49738533512587, 6.10809106335438 ], [ -73.489750406213616, 6.101645304911234 ], [ -73.471544037269027, 6.095049645108944 ], [ -73.458182911672594, 6.084556549968938 ], [ -73.454071796104458, 6.079160101039792 ] ] ] } },
{ "type": "Feature", "properties": { "Código departamento": "15", "Departamento": "Boyacá", "Código municipio": "690", "Municipio": "SANTA MARÍA", "DIVIPOLA": "15690" }, "geometry": { "type": "Polygon", "coordinates": [ [ [ -73.174515937471284, 4.896138574683719 ], [ -73.175103239695304, 4.89209123798686 ], [ -73.184500075279615, 4.872154357220849 ], [ -73.189785795295791, 4.87065534362942 ], [ -73.199916758660123, 4.862410768876559 ], [ -73.20667073423634, 4.862110966158272 ], [ -73.211369152028496, 4.858063629461413 ], [ -73.221206464280826, 4.855515306355984 ], [ -73.228400916525061, 4.850718462863409 ], [ -73.223262022064887, 4.844722408497691 ], [ -73.21782947649271, 4.843373296265406 ], [ -73.214305663148593, 4.834679017435115 ], [ -73.206230257568336, 4.829282568505969 ], [ -73.205055653120297, 4.817740163851963 ], [ -73.211222326472495, 4.800951211627953 ], [ -73.216801697600673, 4.798402888522523 ], [ -73.228547742081062, 4.796454170853665 ], [ -73.239412833225416, 4.78850939881909 ], [ -73.240440612117453, 4.7829630485308 ], [ -73.232512032093197, 4.778466007756513 ], [ -73.224289800956925, 4.77726679688337 ], [ -73.207698513128378, 4.779815119988799 ], [ -73.200944537552161, 4.777566599601655 ], [ -73.19419056197593, 4.770821038440222 ], [ -73.185087377503635, 4.754181987575357 ], [ -73.180388959711479, 4.753582382138785 ], [ -73.182150866383537, 4.743389089717065 ], [ -73.177011971923378, 4.736493627196491 ], [ -73.170404821903162, 4.731696783703916 ], [ -73.17921435526344, 4.720903885845623 ], [ -73.191988178635867, 4.711310198860477 ], [ -73.200357235328141, 4.702016314593615 ], [ -73.206523908680339, 4.691073515376179 ], [ -73.207845338684379, 4.680580420236173 ], [ -73.220619162056806, 4.676682984898457 ], [ -73.234420764321257, 4.694371345277324 ], [ -73.228547742081062, 4.70996108662819 ], [ -73.228254090969045, 4.714907831479906 ], [ -73.21973820872077, 4.724951222542484 ], [ -73.222968370952884, 4.733345698654488 ], [ -73.236329496549317, 4.736793429914775 ], [ -73.248222366585708, 4.733195797295346 ], [ -73.257178725502001, 4.738742147583634 ], [ -73.262611271074178, 4.736793429914775 ], [ -73.269071595538392, 4.740690865252492 ], [ -73.281258116686786, 4.726899940211342 ], [ -73.283166848914846, 4.72225299807791 ], [ -73.291095428939116, 4.723752011669339 ], [ -73.295353370063253, 4.727649447007056 ], [ -73.306365286763608, 4.73139698098563 ], [ -73.308861321215687, 4.739641555738491 ], [ -73.306071635651605, 4.744588300590208 ], [ -73.310329576775743, 4.75283287534307 ], [ -73.310035925663726, 4.759278633786216 ], [ -73.31385339011986, 4.770521235721938 ], [ -73.324424830152196, 4.779665218629655 ], [ -73.333821665736508, 4.78850939881909 ], [ -73.341016117980743, 4.791357524642806 ], [ -73.340135164644721, 4.796753973571952 ], [ -73.330591503504408, 4.808146476866814 ], [ -73.339841513532704, 4.822986711421966 ], [ -73.332500235732468, 4.841124775878261 ], [ -73.32824229460833, 4.847270731603122 ], [ -73.319432761248038, 4.854166194123697 ], [ -73.310476402331744, 4.867657316446562 ], [ -73.297555753403316, 4.88189794556514 ], [ -73.30078591563543, 4.898836799148293 ], [ -73.299024008963372, 4.903034037204296 ], [ -73.29153590560712, 4.914126737780872 ], [ -73.28507558114292, 4.92012279214659 ], [ -73.280817640018768, 4.928367366899452 ], [ -73.275091443334588, 4.930915690004881 ], [ -73.263345398854199, 4.930465985927452 ], [ -73.250131098813767, 4.940809179708315 ], [ -73.245726332133628, 4.948004444947176 ], [ -73.233392985429219, 4.957298329214038 ], [ -73.222968370952884, 4.973037971924048 ], [ -73.216948523156674, 4.951901880284892 ], [ -73.210781849804476, 4.947254938151462 ], [ -73.212690582032536, 4.942158291940602 ], [ -73.210488198692474, 4.931665196800597 ], [ -73.21650804648867, 4.927018254667165 ], [ -73.218269953160728, 4.914726343217445 ], [ -73.211809628696514, 4.906631669823725 ], [ -73.203000095336222, 4.909030091570012 ], [ -73.198301677544066, 4.913077428266871 ], [ -73.191988178635867, 4.910079401084013 ], [ -73.186261981951674, 4.902584333126867 ], [ -73.174515937471284, 4.896138574683719 ] ] ] } },
{ "type": "Feature", "properties": { "Código departamento": "15", "Departamento": "Boyacá", "Código municipio": "693", "Municipio": "SANTA ROSA DE VITERBO", "DIVIPOLA": "15693" }, "geometry": { "type": "Polygon", "coordinates": [ [ [ -73.011245919193939, 5.963136449063158 ], [ -73.005372896953745, 5.958939211007157 ], [ -73.000380828049586, 5.94844611586715 ], [ -73.004491943617722, 5.944098976452005 ], [ -73.001849083609628, 5.939152231600288 ], [ -72.99377367802937, 5.933455979952856 ], [ -72.980118901320921, 5.928209432382853 ], [ -72.967491903504509, 5.926560517432281 ], [ -72.963380787936373, 5.930008248692569 ], [ -72.946789500107826, 5.926860320150568 ], [ -72.937686315635531, 5.928509235101139 ], [ -72.932987897843375, 5.922663082094565 ], [ -72.9277021778272, 5.924461898404281 ], [ -72.930785514503299, 5.921613772580565 ], [ -72.930932340059314, 5.911870184236274 ], [ -72.940182350087611, 5.911870184236274 ], [ -72.948404581223883, 5.90452501763827 ], [ -72.950900615675963, 5.89792935783598 ], [ -72.949726011227924, 5.892383007547692 ], [ -72.955011731244099, 5.888635473569118 ], [ -72.960297451260274, 5.877242970274254 ], [ -72.975714134640782, 5.858505300381387 ], [ -72.971309367960629, 5.848761712037096 ], [ -72.959710149036255, 5.839467827770235 ], [ -72.948257755667868, 5.827325817679657 ], [ -72.943265686763709, 5.80663943011793 ], [ -72.954130777908063, 5.807838640991073 ], [ -72.967198252392492, 5.801842586625356 ], [ -72.975126832416748, 5.803191698857643 ], [ -72.982468110216999, 5.800493474393069 ], [ -72.978944296872882, 5.788351464302491 ], [ -72.986285574673119, 5.786552647992777 ], [ -72.992158596913313, 5.805140416526501 ], [ -72.999793525825567, 5.831523055735658 ], [ -73.010218140301902, 5.824327790496796 ], [ -73.013007825865998, 5.834820885636803 ], [ -73.014476081426039, 5.847712402523096 ], [ -73.011686395861958, 5.852958950093098 ], [ -73.01256734919798, 5.861653228923388 ], [ -73.008603059185859, 5.869747902317108 ], [ -73.016384813654113, 5.894481626575693 ], [ -73.022991963674329, 5.908272551616842 ], [ -73.026662602574447, 5.912769592391132 ], [ -73.021523708114273, 5.92596091199571 ], [ -73.02372609145435, 5.932406670438856 ], [ -73.035031659266721, 5.943199568297147 ], [ -73.035472135934739, 5.959838619162013 ], [ -73.048686435975171, 5.977676880900023 ], [ -73.040317379282897, 5.994016129046604 ], [ -73.041785634842938, 6.000761690208036 ], [ -73.034738008154704, 6.008706462242611 ], [ -73.031214194810588, 6.021148275051476 ], [ -73.027396730354468, 6.011554588066327 ], [ -73.028130858134489, 5.996714353511176 ], [ -73.021670533670289, 5.991467805941174 ], [ -73.020642754778251, 5.978126584977452 ], [ -73.014035604758035, 5.965085166732016 ], [ -73.011245919193939, 5.963136449063158 ] ] ] } },
{ "type": "Feature", "properties": { "Código departamento": "15", "Departamento": "Boyacá", "Código municipio": "696", "Municipio": "SANTA SOFÍA", "DIVIPOLA": "15696" }, "geometry": { "type": "Polygon", "coordinates": [ [ [ -73.582397332052665, 5.790000379253065 ], [ -73.58107590204861, 5.784903733042204 ], [ -73.575056054252414, 5.783254818091632 ], [ -73.56727429978416, 5.775310046057055 ], [ -73.581369553160627, 5.772611821592483 ], [ -73.57916716982055, 5.745179872869325 ], [ -73.572853670912338, 5.741882042968181 ], [ -73.575496530920432, 5.73468677772932 ], [ -73.573440973136371, 5.725392893462458 ], [ -73.568448904232199, 5.720146345892455 ], [ -73.56477826533208, 5.71025285618902 ], [ -73.574175100916392, 5.691964890373582 ], [ -73.577698914260509, 5.675175938149573 ], [ -73.587976703180843, 5.676674951741002 ], [ -73.593849725421038, 5.680572387078718 ], [ -73.603099735449334, 5.680872189797005 ], [ -73.620865627725919, 5.688367257754151 ], [ -73.623361662177999, 5.694663114838154 ], [ -73.632318021094292, 5.693314002605868 ], [ -73.636282311106427, 5.698260747457586 ], [ -73.643623588906664, 5.698260747457586 ], [ -73.653167250046977, 5.702457985513587 ], [ -73.651698994486935, 5.712351475217022 ], [ -73.646853751138764, 5.71325088337188 ], [ -73.638778345558507, 5.724043781230171 ], [ -73.63598865999441, 5.737984607630463 ], [ -73.63143706775827, 5.740832733454179 ], [ -73.62952833553021, 5.747428393256469 ], [ -73.628941033306177, 5.762568430529906 ], [ -73.626004522186093, 5.76841458353648 ], [ -73.626298173298096, 5.7786078759582 ], [ -73.616167209933764, 5.781905705859345 ], [ -73.595171155425078, 5.794947124104781 ], [ -73.588417179848861, 5.794047715949923 ], [ -73.582397332052665, 5.790000379253065 ] ] ] } },
{ "type": "Feature", "properties": { "Código departamento": "15", "Departamento": "Boyacá", "Código municipio": "720", "Municipio": "SATIVANORTE", "DIVIPOLA": "15720" }, "geometry": { "type": "Polygon", "coordinates": [ [ [ -72.635372495821628, 6.18049341982042 ], [ -72.63889630916573, 6.1703001273987 ], [ -72.648586795862059, 6.14991354255526 ], [ -72.648439970306043, 6.14331788275297 ], [ -72.653432039210216, 6.130726168584963 ], [ -72.656221724774298, 6.116485539466384 ], [ -72.653578864766217, 6.096548658700374 ], [ -72.654459818102254, 6.08260783230008 ], [ -72.659598712562413, 6.082907635018366 ], [ -72.672078884822824, 6.075262665702076 ], [ -72.67354714038288, 6.06881690725893 ], [ -72.678686034843039, 6.068966808618073 ], [ -72.688963823763373, 6.075862271138647 ], [ -72.698507484903686, 6.077211383370934 ], [ -72.697920182679667, 6.087554577151798 ], [ -72.701443996023784, 6.08815418258837 ], [ -72.702178123803805, 6.09684846141866 ], [ -72.712896389392156, 6.101945107629519 ], [ -72.726110689432602, 6.097747869573518 ], [ -72.738003559468979, 6.098947080446661 ], [ -72.74666626727327, 6.097747869573518 ], [ -72.762523427321781, 6.107341556558665 ], [ -72.770305181790036, 6.102694614425235 ], [ -72.780729796266385, 6.105093036171522 ], [ -72.794971875198854, 6.099996389960661 ], [ -72.799963944103013, 6.091751815207799 ], [ -72.804075059671149, 6.090852407052942 ], [ -72.810388558579362, 6.095199546468087 ], [ -72.808479826351288, 6.104643332094093 ], [ -72.816995708599578, 6.106292247044665 ], [ -72.82712667196391, 6.114536821797526 ], [ -72.826539369739891, 6.121282382958959 ], [ -72.835495728656184, 6.125179818296675 ], [ -72.837551286440245, 6.130576267225821 ], [ -72.834467949764147, 6.137471729746395 ], [ -72.829182229747971, 6.141818869161541 ], [ -72.828594927523952, 6.152911569738118 ], [ -72.825364765291852, 6.158008215948979 ], [ -72.820666347499696, 6.156958906434979 ], [ -72.813912371923465, 6.160856341772695 ], [ -72.803340931891128, 6.171499338271842 ], [ -72.794531398530836, 6.177045688560132 ], [ -72.782491702938444, 6.180193617102133 ], [ -72.777205982922268, 6.176296181764417 ], [ -72.766634542889918, 6.17689578720099 ], [ -72.761201997317741, 6.172548647785844 ], [ -72.768543275117992, 6.165203481187841 ], [ -72.767221845113937, 6.153061471097263 ], [ -72.759880567313701, 6.154410583329548 ], [ -72.748428173945328, 6.152012161583261 ], [ -72.743289279485154, 6.156359300998406 ], [ -72.724348782760529, 6.158907624103837 ], [ -72.721559097196447, 6.156659103716692 ], [ -72.712602738280154, 6.158158117308122 ], [ -72.708638448268019, 6.162355355364125 ], [ -72.69380906711153, 6.167601902934126 ], [ -72.687642393759333, 6.179144307588133 ], [ -72.680741592627101, 6.183041742925849 ], [ -72.671932059266823, 6.183341545644136 ], [ -72.660626491454451, 6.179594011665562 ], [ -72.647559016970021, 6.181392827975277 ], [ -72.635372495821628, 6.18049341982042 ] ] ] } },
{ "type": "Feature", "properties": { "Código departamento": "15", "Departamento": "Boyacá", "Código municipio": "723", "Municipio": "SATIVASUR", "DIVIPOLA": "15723" }, "geometry": { "type": "Polygon", "coordinates": [ [ [ -72.654459818102254, 6.08260783230008 ], [ -72.653285213654215, 6.076311975216076 ], [ -72.656955852554333, 6.063120655611498 ], [ -72.660626491454451, 6.056075291731781 ], [ -72.666646339250647, 6.055475686295208 ], [ -72.677070953726982, 6.049779434647777 ], [ -72.683237627079194, 6.037637424557199 ], [ -72.697773357123666, 6.025195611748335 ], [ -72.701590821579785, 6.01830014922776 ], [ -72.704380507143881, 6.01830014922776 ], [ -72.71480512162023, 6.027294230776335 ], [ -72.719650364968388, 6.027743934853764 ], [ -72.718182109408332, 6.044382985718632 ], [ -72.715539249400251, 6.047081210183204 ], [ -72.715979726068269, 6.061921444738355 ], [ -72.724789259428547, 6.068217301822359 ], [ -72.739031338361016, 6.071215329005217 ], [ -72.74417023282119, 6.076611777934363 ], [ -72.758265486197644, 6.082008226863509 ], [ -72.771186135126072, 6.082008226863509 ], [ -72.779261540706329, 6.086205464919511 ], [ -72.783225830718465, 6.092351420644371 ], [ -72.794971875198854, 6.099996389960661 ], [ -72.780729796266385, 6.105093036171522 ], [ -72.770305181790036, 6.102694614425235 ], [ -72.762523427321781, 6.107341556558665 ], [ -72.74666626727327, 6.097747869573518 ], [ -72.738003559468979, 6.098947080446661 ], [ -72.726110689432602, 6.097747869573518 ], [ -72.712896389392156, 6.101945107629519 ], [ -72.702178123803805, 6.09684846141866 ], [ -72.701443996023784, 6.08815418258837 ], [ -72.697920182679667, 6.087554577151798 ], [ -72.698507484903686, 6.077211383370934 ], [ -72.688963823763373, 6.075862271138647 ], [ -72.678686034843039, 6.068966808618073 ], [ -72.67354714038288, 6.06881690725893 ], [ -72.672078884822824, 6.075262665702076 ], [ -72.659598712562413, 6.082907635018366 ], [ -72.654459818102254, 6.08260783230008 ] ] ] } },
{ "type": "Feature", "properties": { "Código departamento": "15", "Departamento": "Boyacá", "Código municipio": "740", "Municipio": "SIACHOQUE", "DIVIPOLA": "15740" }, "geometry": { "type": "Polygon", "coordinates": [ [ [ -73.135019862905992, 5.505637500958909 ], [ -73.140599234034184, 5.499491545234048 ], [ -73.140892885146187, 5.484201606601469 ], [ -73.147353209610401, 5.482102987573467 ], [ -73.154547661854636, 5.479254861749753 ], [ -73.163797671882946, 5.479404763108895 ], [ -73.1746627630273, 5.467562555736602 ], [ -73.186555633063691, 5.465014232631172 ], [ -73.193896910863927, 5.458868276906313 ], [ -73.204174699784261, 5.456919559237455 ], [ -73.215627093152634, 5.440280508372587 ], [ -73.21841677871673, 5.444627647787732 ], [ -73.233539810985221, 5.456170052441739 ], [ -73.244845378797592, 5.457369263314882 ], [ -73.262023968850158, 5.461716402730027 ], [ -73.261877143294157, 5.466213443504317 ], [ -73.266722386642314, 5.474158215538892 ], [ -73.275825571114609, 5.474458018257178 ], [ -73.275825571114609, 5.48375190252404 ], [ -73.283166848914846, 5.487799239220899 ], [ -73.285956534478942, 5.485400817474612 ], [ -73.287424790038983, 5.497093123487761 ], [ -73.27846843112269, 5.50623710639548 ], [ -73.280523988906765, 5.514481681148342 ], [ -73.284635104474901, 5.517479708331201 ], [ -73.284781930030903, 5.524225269492633 ], [ -73.277147001118649, 5.523925466774348 ], [ -73.27200810665849, 5.532020140168066 ], [ -73.26407952663422, 5.532319942886352 ], [ -73.259527934398079, 5.538915602688641 ], [ -73.253214435489866, 5.539665109484356 ], [ -73.244992204353593, 5.532319942886352 ], [ -73.237944577665374, 5.534118759196068 ], [ -73.23148425320116, 5.541913629871501 ], [ -73.227960439857043, 5.553905738602935 ], [ -73.221793766504845, 5.552256823652363 ], [ -73.215039790928614, 5.545361361131788 ], [ -73.210047722024456, 5.549558599187789 ], [ -73.204615176452279, 5.542213432589786 ], [ -73.197567549764045, 5.542813038026357 ], [ -73.194924689755965, 5.536966885019782 ], [ -73.188170714179734, 5.53426866055521 ], [ -73.177158797479379, 5.525874184443206 ], [ -73.168496089675088, 5.52302605861949 ], [ -73.139130978474128, 5.509235133578339 ], [ -73.135019862905992, 5.505637500958909 ] ] ] } },
{ "type": "Feature", "properties": { "Código departamento": "15", "Departamento": "Boyacá", "Código municipio": "753", "Municipio": "SOATÁ", "DIVIPOLA": "15753" }, "geometry": { "type": "Polygon", "coordinates": [ [ [ -72.655047120326259, 6.377913509811671 ], [ -72.657102678110334, 6.358726135841374 ], [ -72.652110609206176, 6.341637380899079 ], [ -72.651816958094159, 6.329195568090214 ], [ -72.649174098086078, 6.320201486541639 ], [ -72.644622505849924, 6.312856319943635 ], [ -72.644035203625904, 6.305061449268202 ], [ -72.646678063633999, 6.293968748691625 ], [ -72.642713773621864, 6.287373088889335 ], [ -72.641245518061808, 6.279128514136473 ], [ -72.649027272530063, 6.273732065207327 ], [ -72.650201876978102, 6.268635418996468 ], [ -72.659451887006412, 6.261590055116749 ], [ -72.66047966589845, 6.271033840742755 ], [ -72.666499513694646, 6.270434235306182 ], [ -72.673987617050884, 6.259791238807034 ], [ -72.687201917091315, 6.257542718419891 ], [ -72.69116620710345, 6.260540745602749 ], [ -72.692928113775508, 6.272982558411614 ], [ -72.698360659347685, 6.278229105981615 ], [ -72.703352728251843, 6.278828711418188 ], [ -72.705848762703937, 6.284974667143048 ], [ -72.713483691616176, 6.286773483452763 ], [ -72.721999573864466, 6.292169932381909 ], [ -72.722733701644486, 6.297566381311055 ], [ -72.730074979444723, 6.297116677233626 ], [ -72.740352768365057, 6.287522990248477 ], [ -72.741967849481114, 6.279578218213902 ], [ -72.745785313937233, 6.274931276080472 ], [ -72.754888498409542, 6.280777429087046 ], [ -72.754301196185523, 6.296067367719625 ], [ -72.758265486197644, 6.305960857423059 ], [ -72.757531358417623, 6.317053557999636 ], [ -72.74989642950537, 6.323649217801926 ], [ -72.750777382841406, 6.335341523815075 ], [ -72.748428173945328, 6.347633435264796 ], [ -72.737416257244959, 6.3549786018628 ], [ -72.731396409448763, 6.356927319531658 ], [ -72.731249583892762, 6.36667090787595 ], [ -72.725817038320585, 6.371617652727667 ], [ -72.716420202736273, 6.376414496220241 ], [ -72.713336866060175, 6.383459860099959 ], [ -72.704527332699882, 6.383160057381672 ], [ -72.682503499299173, 6.385258676409674 ], [ -72.676043174834959, 6.379112720684813 ], [ -72.667674118142685, 6.377463805734242 ], [ -72.655047120326259, 6.377913509811671 ] ] ] } },
{ "type": "Feature", "properties": { "Código departamento": "15", "Departamento": "Boyacá", "Código municipio": "762", "Municipio": "SORA", "DIVIPOLA": "15762" }, "geometry": { "type": "Polygon", "coordinates": [ [ [ -73.411932861531071, 5.566947156848371 ], [ -73.422504301563421, 5.560801201123511 ], [ -73.42881780047162, 5.565148340538655 ], [ -73.434690822711815, 5.563499425588083 ], [ -73.441151147176029, 5.557053667144937 ], [ -73.460678946124673, 5.555554653553508 ], [ -73.469194828372949, 5.549558599187789 ], [ -73.476682931729187, 5.550757810060934 ], [ -73.481381349521342, 5.548509289673789 ], [ -73.490778185105654, 5.548958993751218 ], [ -73.498853590685925, 5.559452088891224 ], [ -73.490337708437636, 5.573243013932374 ], [ -73.482115477301377, 5.58268679955838 ], [ -73.472424990605049, 5.589582262078955 ], [ -73.452309889432399, 5.593629598775814 ], [ -73.443647181628108, 5.600225258578104 ], [ -73.443059879404089, 5.606970819739536 ], [ -73.431313834923714, 5.611917564591253 ], [ -73.420155092667343, 5.619412632548399 ], [ -73.41119873375105, 5.617014210802112 ], [ -73.395341573702524, 5.586734136255239 ], [ -73.408409048186954, 5.573542816650661 ], [ -73.411932861531071, 5.566947156848371 ] ] ] } },
{ "type": "Feature", "properties": { "Código departamento": "15", "Departamento": "Boyacá", "Código municipio": "763", "Municipio": "SOTAQUIRÁ", "DIVIPOLA": "15763" }, "geometry": { "type": "Polygon", "coordinates": [ [ [ -73.183912773055596, 5.850410626987668 ], [ -73.173634984135262, 5.851609837860813 ], [ -73.164972276330985, 5.848012205241381 ], [ -73.159099254090791, 5.852209443297384 ], [ -73.142948442930262, 5.851759739219955 ], [ -73.129880968445832, 5.854757766402813 ], [ -73.133845258457953, 5.846513191649952 ], [ -73.132377002897911, 5.834371181559374 ], [ -73.13736907180207, 5.821179861954795 ], [ -73.145444477382341, 5.810836668173933 ], [ -73.157337347418732, 5.800943178470498 ], [ -73.166000055223009, 5.790599984689636 ], [ -73.175103239695304, 5.766166063149337 ], [ -73.174222286359281, 5.759420501987905 ], [ -73.167174659671048, 5.749377110925328 ], [ -73.168496089675088, 5.74488007015104 ], [ -73.154694487410637, 5.736185791320749 ], [ -73.155869091858676, 5.727341611131316 ], [ -73.175543716363322, 5.723893879871027 ], [ -73.180682610823496, 5.716248910554738 ], [ -73.188758016403753, 5.722994471716171 ], [ -73.191254050855832, 5.728690723363601 ], [ -73.203587397560241, 5.736485594039034 ], [ -73.219004080940749, 5.729590131518459 ], [ -73.231043776533141, 5.714000390167594 ], [ -73.251746179929825, 5.704706505900732 ], [ -73.26407952663422, 5.703807097745874 ], [ -73.271714455546473, 5.708753842597591 ], [ -73.281404942242801, 5.70305759095016 ], [ -73.289920824491077, 5.700209465126444 ], [ -73.301079566747433, 5.70920354667502 ], [ -73.311797832335785, 5.724943189385029 ], [ -73.32501213237623, 5.741432338890752 ], [ -73.330444677948407, 5.755223263931902 ], [ -73.336170874632586, 5.762568430529906 ], [ -73.334555793516529, 5.76736527402248 ], [ -73.343365326876821, 5.768264682177338 ], [ -73.343512152432822, 5.774260736543055 ], [ -73.347476442444957, 5.78415422624649 ], [ -73.348944698005013, 5.792998406435923 ], [ -73.355111371357211, 5.79899446080164 ], [ -73.35702010358527, 5.806189726040501 ], [ -73.356579626917252, 5.817132525257937 ], [ -73.351147081345076, 5.823128579623654 ], [ -73.353496290241154, 5.831373154376515 ], [ -73.348651046892996, 5.834371181559374 ], [ -73.345714535772899, 5.842315953593949 ], [ -73.350412953565055, 5.851759739219955 ], [ -73.348357395780994, 5.871246915908537 ], [ -73.3426311990968, 5.861653228923388 ], [ -73.336317700188587, 5.860004313972817 ], [ -73.33015102683639, 5.85205954193824 ], [ -73.318845459024018, 5.851759739219955 ], [ -73.316349424571939, 5.8550575691211 ], [ -73.302547822307488, 5.853708456888813 ], [ -73.290067650047078, 5.850410626987668 ], [ -73.283754151138865, 5.854008259607098 ], [ -73.282285895578823, 5.858955004458816 ], [ -73.268924769982391, 5.852509246015669 ], [ -73.263785875522217, 5.844414572621951 ], [ -73.265988258862293, 5.83721930738309 ], [ -73.258793806618058, 5.831373154376515 ], [ -73.251746179929825, 5.818481637490222 ], [ -73.246460459913649, 5.816083215743935 ], [ -73.233539810985221, 5.820730157877366 ], [ -73.22898821874908, 5.824927395933369 ], [ -73.216654872044671, 5.824027987778511 ], [ -73.206377083124337, 5.826126606806512 ], [ -73.200944537552161, 5.833022069327087 ], [ -73.195071515311966, 5.835120688355089 ], [ -73.190226271963809, 5.843665065826236 ], [ -73.183912773055596, 5.850410626987668 ] ] ] } },
{ "type": "Feature", "properties": { "Código departamento": "15", "Departamento": "Boyacá", "Código municipio": "764", "Municipio": "SORACÁ", "DIVIPOLA": "15764" }, "geometry": { "type": "Polygon", "coordinates": [ [ [ -73.308127193435666, 5.543262742103786 ], [ -73.307246240099644, 5.539215405406927 ], [ -73.298143055627349, 5.534868265991782 ], [ -73.295500195619255, 5.525124677647491 ], [ -73.284781930030903, 5.524225269492633 ], [ -73.284635104474901, 5.517479708331201 ], [ -73.280523988906765, 5.514481681148342 ], [ -73.27846843112269, 5.50623710639548 ], [ -73.287424790038983, 5.497093123487761 ], [ -73.285956534478942, 5.485400817474612 ], [ -73.296234323399275, 5.475807130489463 ], [ -73.303869252311529, 5.472059596510891 ], [ -73.310035925663726, 5.465763739426888 ], [ -73.309595448995722, 5.462166106807456 ], [ -73.314293866787864, 5.450024096716878 ], [ -73.3151748201239, 5.443278535555446 ], [ -73.320313714584074, 5.450024096716878 ], [ -73.33205975906445, 5.440280508372587 ], [ -73.334555793516529, 5.441329817886587 ], [ -73.338520083528664, 5.45362172933631 ], [ -73.337785955748643, 5.467112851659174 ], [ -73.350853430233073, 5.475807130489463 ], [ -73.361131219153407, 5.474158215538892 ], [ -73.35378994135317, 5.481653283496038 ], [ -73.349972476897037, 5.488548746016614 ], [ -73.352028034681112, 5.494694701741474 ], [ -73.35760740580929, 5.498142433001761 ], [ -73.343365326876821, 5.518529017845201 ], [ -73.340281990200722, 5.52662369123892 ], [ -73.334408967960528, 5.524075368133491 ], [ -73.323690702372176, 5.526024085802349 ], [ -73.320460540140076, 5.530221323858352 ], [ -73.319579586804039, 5.54341264346293 ], [ -73.308127193435666, 5.543262742103786 ] ] ] } },
{ "type": "Feature", "properties": { "Código departamento": "15", "Departamento": "Boyacá", "Código municipio": "774", "Municipio": "SUSACÓN", "DIVIPOLA": "15774" }, "geometry": { "type": "Polygon", "coordinates": [ [ [ -72.641245518061808, 6.279128514136473 ], [ -72.639777262501767, 6.274781374721328 ], [ -72.642713773621864, 6.251096959976743 ], [ -72.641539169173825, 6.239404653963594 ], [ -72.635519321377629, 6.219917477275012 ], [ -72.635519321377629, 6.208824776698434 ], [ -72.63302328692555, 6.204477637283289 ], [ -72.635372495821628, 6.18049341982042 ], [ -72.647559016970021, 6.181392827975277 ], [ -72.660626491454451, 6.179594011665562 ], [ -72.671932059266823, 6.183341545644136 ], [ -72.680741592627101, 6.183041742925849 ], [ -72.687642393759333, 6.179144307588133 ], [ -72.69380906711153, 6.167601902934126 ], [ -72.708638448268019, 6.162355355364125 ], [ -72.712602738280154, 6.158158117308122 ], [ -72.721559097196447, 6.156659103716692 ], [ -72.724348782760529, 6.158907624103837 ], [ -72.743289279485154, 6.156359300998406 ], [ -72.748428173945328, 6.152012161583261 ], [ -72.759880567313701, 6.154410583329548 ], [ -72.767221845113937, 6.153061471097263 ], [ -72.768543275117992, 6.165203481187841 ], [ -72.761201997317741, 6.172548647785844 ], [ -72.766634542889918, 6.17689578720099 ], [ -72.777205982922268, 6.176296181764417 ], [ -72.782491702938444, 6.180193617102133 ], [ -72.794531398530836, 6.177045688560132 ], [ -72.803340931891128, 6.171499338271842 ], [ -72.813912371923465, 6.160856341772695 ], [ -72.820666347499696, 6.156958906434979 ], [ -72.825364765291852, 6.158008215948979 ], [ -72.826245718627874, 6.165503283906125 ], [ -72.819638568607658, 6.176296181764417 ], [ -72.819785394163659, 6.180943123897849 ], [ -72.811269511915384, 6.191885923115282 ], [ -72.809801256355343, 6.201779412818717 ], [ -72.803634583003131, 6.20957428349415 ], [ -72.804075059671149, 6.215420436500724 ], [ -72.793356794082797, 6.218868167761012 ], [ -72.779555191818346, 6.210473691649008 ], [ -72.775003599582192, 6.210473691649008 ], [ -72.767075019557936, 6.220367181352441 ], [ -72.761936125097776, 6.217519055528725 ], [ -72.754888498409542, 6.218868167761012 ], [ -72.744463883933193, 6.235357317266735 ], [ -72.748428173945328, 6.237905640372165 ], [ -72.749602778393367, 6.252595973568174 ], [ -72.743729756153172, 6.259341534729605 ], [ -72.745785313937233, 6.274931276080472 ], [ -72.741967849481114, 6.279578218213902 ], [ -72.740352768365057, 6.287522990248477 ], [ -72.730074979444723, 6.297116677233626 ], [ -72.722733701644486, 6.297566381311055 ], [ -72.721999573864466, 6.292169932381909 ], [ -72.713483691616176, 6.286773483452763 ], [ -72.705848762703937, 6.284974667143048 ], [ -72.703352728251843, 6.278828711418188 ], [ -72.698360659347685, 6.278229105981615 ], [ -72.692928113775508, 6.272982558411614 ], [ -72.69116620710345, 6.260540745602749 ], [ -72.687201917091315, 6.257542718419891 ], [ -72.673987617050884, 6.259791238807034 ], [ -72.666499513694646, 6.270434235306182 ], [ -72.66047966589845, 6.271033840742755 ], [ -72.659451887006412, 6.261590055116749 ], [ -72.650201876978102, 6.268635418996468 ], [ -72.649027272530063, 6.273732065207327 ], [ -72.641245518061808, 6.279128514136473 ] ] ] } },
{ "type": "Feature", "properties": { "Código departamento": "15", "Departamento": "Boyacá", "Código municipio": "776", "Municipio": "SUTAMARCHÁN", "DIVIPOLA": "15776" }, "geometry": { "type": "Polygon", "coordinates": [ [ [ -73.577698914260509, 5.675175938149573 ], [ -73.577258437592491, 5.670079291938714 ], [ -73.584599715392727, 5.660935309030994 ], [ -73.590032260964904, 5.647594088067271 ], [ -73.590619563188923, 5.639049710596125 ], [ -73.587536226512825, 5.630805135843263 ], [ -73.581956855384647, 5.627957010019547 ], [ -73.576817960924473, 5.602623680324391 ], [ -73.580341774268589, 5.58988206479724 ], [ -73.596345759873117, 5.586584234896097 ], [ -73.603393386561351, 5.57863946286152 ], [ -73.612496571033645, 5.572793309854945 ], [ -73.624683092182039, 5.569795282672087 ], [ -73.629234684418194, 5.584635517227238 ], [ -73.626444998854097, 5.591381078388671 ], [ -73.625270394406058, 5.60307338440182 ], [ -73.628941033306177, 5.604422496634105 ], [ -73.632611672206309, 5.61431598633754 ], [ -73.641568031122603, 5.615665098569827 ], [ -73.655663284499056, 5.608919537408394 ], [ -73.670199014543542, 5.611317959154682 ], [ -73.671373618991566, 5.61791361895697 ], [ -73.680770454575878, 5.636501387490694 ], [ -73.677246641231761, 5.650442213890988 ], [ -73.670345840099543, 5.666481659319282 ], [ -73.669611712319522, 5.675775543586144 ], [ -73.656544237835092, 5.691964890373582 ], [ -73.653167250046977, 5.702457985513587 ], [ -73.643623588906664, 5.698260747457586 ], [ -73.636282311106427, 5.698260747457586 ], [ -73.632318021094292, 5.693314002605868 ], [ -73.623361662177999, 5.694663114838154 ], [ -73.620865627725919, 5.688367257754151 ], [ -73.603099735449334, 5.680872189797005 ], [ -73.593849725421038, 5.680572387078718 ], [ -73.587976703180843, 5.676674951741002 ], [ -73.577698914260509, 5.675175938149573 ] ] ] } },
{ "type": "Feature", "properties": { "Código departamento": "15", "Departamento": "Boyacá", "Código municipio": "778", "Municipio": "SUTATENZA", "DIVIPOLA": "15778" }, "geometry": { "type": "Polygon", "coordinates": [ [ [ -73.393726492586467, 5.047988651495516 ], [ -73.394607445922503, 5.034647430531796 ], [ -73.391230458134388, 5.027901869370363 ], [ -73.388587598126307, 5.015310155202356 ], [ -73.40003999149468, 5.007065580449495 ], [ -73.425734463795521, 5.009763804914066 ], [ -73.437627333831912, 5.002568539675207 ], [ -73.438508287167934, 4.998821005696633 ], [ -73.447170994972225, 4.99462376764063 ], [ -73.449813854980306, 5.000469920647205 ], [ -73.459210690564618, 4.999870315210633 ], [ -73.463174980576753, 5.006465975012923 ], [ -73.46669879392087, 5.02265532180036 ], [ -73.471690862825028, 5.028201672088648 ], [ -73.483143256193401, 5.035846641404938 ], [ -73.478004361733241, 5.049337763727803 ], [ -73.473599595053088, 5.051436382755804 ], [ -73.465083712804812, 5.049187862368661 ], [ -73.455393226108498, 5.049487665086946 ], [ -73.449226552756301, 5.045590229749229 ], [ -73.448345599420264, 5.039893978101799 ], [ -73.436159078271871, 5.037045852278083 ], [ -73.427643196023581, 5.038095161792083 ], [ -73.42426620823548, 5.04963756644609 ], [ -73.418980488219304, 5.05638312760752 ], [ -73.408555873742955, 5.050387073241803 ], [ -73.393726492586467, 5.047988651495516 ] ] ] } },
{ "type": "Feature", "properties": { "Código departamento": "15", "Departamento": "Boyacá", "Código municipio": "790", "Municipio": "TASCO", "DIVIPOLA": "15790" }, "geometry": { "type": "Polygon", "coordinates": [ [ [ -72.65064235364612, 5.906923439384555 ], [ -72.642566948065863, 5.906623636666271 ], [ -72.620249463553122, 5.912919493750274 ], [ -72.616285173541002, 5.904674918997412 ], [ -72.62186454466918, 5.894481626575693 ], [ -72.628618520245396, 5.862402735719104 ], [ -72.630086775805452, 5.85970451125453 ], [ -72.627003439129339, 5.849211416114525 ], [ -72.631701856921495, 5.829124633989371 ], [ -72.638309006941711, 5.822379072827938 ], [ -72.639336785833748, 5.816682821180508 ], [ -72.652404260318178, 5.814584202152505 ], [ -72.654606643658255, 5.811586174969647 ], [ -72.664884432578589, 5.808438246427646 ], [ -72.670316978150765, 5.809037851864217 ], [ -72.688523347095355, 5.817282426617079 ], [ -72.685880487087275, 5.822229171468796 ], [ -72.686761440423311, 5.832122661172229 ], [ -72.701590821579785, 5.835720293791661 ], [ -72.716126551624271, 5.82807532447537 ], [ -72.729194026108701, 5.825227198651654 ], [ -72.749162301725349, 5.817732130694508 ], [ -72.752686115069466, 5.825227198651654 ], [ -72.770011530678033, 5.840517137284235 ], [ -72.776325029586246, 5.847862303882239 ], [ -72.785868690726559, 5.84486427669938 ], [ -72.793356794082797, 5.852809048733955 ], [ -72.798055211874953, 5.853858358247956 ], [ -72.801432199663068, 5.851909640579097 ], [ -72.810241733023346, 5.859554609895388 ], [ -72.823602858619793, 5.877992477069969 ], [ -72.826539369739891, 5.878891885224827 ], [ -72.816114755263541, 5.892383007547692 ], [ -72.801872676331072, 5.899278470068267 ], [ -72.797614735206935, 5.906923439384555 ], [ -72.796146479646893, 5.919814956270849 ], [ -72.80157902521907, 5.92955854461514 ], [ -72.793209968526796, 5.931057558206569 ], [ -72.789686155182679, 5.942000357424004 ], [ -72.783079005162463, 5.953242959359724 ], [ -72.779261540706329, 5.954442170232867 ], [ -72.768543275117992, 5.965684772168589 ], [ -72.762523427321781, 5.97542836051288 ], [ -72.755475800633562, 5.981724217596883 ], [ -72.75121785950941, 5.982024020315168 ], [ -72.742995628373151, 5.987870173321743 ], [ -72.741821023925112, 5.97647767002688 ], [ -72.736388478352936, 5.962836646344873 ], [ -72.733451967232838, 5.951144340331724 ], [ -72.728606723884681, 5.946647299557434 ], [ -72.721412271640446, 5.948745918585437 ], [ -72.714364644952212, 5.944548680529434 ], [ -72.713336866060175, 5.938102922086288 ], [ -72.721705922752449, 5.93510489490343 ], [ -72.726551166100606, 5.930008248692569 ], [ -72.718916237188353, 5.920114758989135 ], [ -72.716860679404292, 5.912919493750274 ], [ -72.711134482720098, 5.905124623074841 ], [ -72.710253529384076, 5.890883993956261 ], [ -72.704086856031878, 5.888185769491689 ], [ -72.701297170467782, 5.879641392020541 ], [ -72.695130497115585, 5.871097014549394 ], [ -72.683237627079194, 5.866000368338534 ], [ -72.674428093718902, 5.867799184648249 ], [ -72.655340771438276, 5.881889912407686 ], [ -72.652844736986196, 5.890134487160547 ], [ -72.656809026998317, 5.892383007547692 ], [ -72.65064235364612, 5.906923439384555 ] ] ] } },
{ "type": "Feature", "properties": { "Código departamento": "15", "Departamento": "Boyacá", "Código municipio": "798", "Municipio": "TENZA", "DIVIPOLA": "15798" }, "geometry": { "type": "Polygon", "coordinates": [ [ [ -73.383889180334151, 5.084864385844679 ], [ -73.390202679242364, 5.068824940416385 ], [ -73.388881249238324, 5.064777603719526 ], [ -73.393726492586467, 5.047988651495516 ], [ -73.408555873742955, 5.050387073241803 ], [ -73.418980488219304, 5.05638312760752 ], [ -73.42426620823548, 5.04963756644609 ], [ -73.427643196023581, 5.038095161792083 ], [ -73.436159078271871, 5.037045852278083 ], [ -73.448345599420264, 5.039893978101799 ], [ -73.449226552756301, 5.045590229749229 ], [ -73.455393226108498, 5.049487665086946 ], [ -73.465083712804812, 5.049187862368661 ], [ -73.473599595053088, 5.051436382755804 ], [ -73.474921025057142, 5.057882141198951 ], [ -73.479619442849284, 5.061629675177524 ], [ -73.474774199501127, 5.065976814592669 ], [ -73.465230538360814, 5.069874249930385 ], [ -73.453484493880438, 5.071373263521815 ], [ -73.439242414947969, 5.086513300795253 ], [ -73.433956694931794, 5.087862413027538 ], [ -73.422797952675424, 5.108248997870978 ], [ -73.424413033791481, 5.117692783496984 ], [ -73.419714615999325, 5.121890021552985 ], [ -73.419714615999325, 5.115444263109839 ], [ -73.405472537066856, 5.104651365251548 ], [ -73.397984433710619, 5.101953140786974 ], [ -73.389762202574346, 5.087712511668395 ], [ -73.383889180334151, 5.084864385844679 ] ] ] } },
{ "type": "Feature", "properties": { "Código departamento": "15", "Departamento": "Boyacá", "Código municipio": "804", "Municipio": "TIBANÁ", "DIVIPOLA": "15804" }, "geometry": { "type": "Polygon", "coordinates": [ [ [ -73.336464525744603, 5.314513268051662 ], [ -73.331912933508448, 5.308067509608516 ], [ -73.32633356238027, 5.293377176412508 ], [ -73.323543876816174, 5.293527077771651 ], [ -73.317524029019978, 5.284083292145646 ], [ -73.308567670103685, 5.275089210597069 ], [ -73.311651006779783, 5.27104187390021 ], [ -73.32956372461237, 5.261598088274204 ], [ -73.337051827968622, 5.278387040498214 ], [ -73.347329616888956, 5.282434377195073 ], [ -73.357754231365291, 5.277787435061643 ], [ -73.359075661369332, 5.270592169822781 ], [ -73.364214555829506, 5.265795326330207 ], [ -73.378309809205973, 5.262497496429062 ], [ -73.40136142149872, 5.242710517022194 ], [ -73.406206664846877, 5.254552724394487 ], [ -73.416190802655208, 5.254702625753629 ], [ -73.433075741595758, 5.250805190415913 ], [ -73.442766228292086, 5.244059629254481 ], [ -73.449373378312302, 5.246757853719054 ], [ -73.450694808316342, 5.253503414880487 ], [ -73.446730518304207, 5.260398877401061 ], [ -73.445996390524186, 5.269992564386208 ], [ -73.447905122752246, 5.278686843216499 ], [ -73.433956694931794, 5.294726288644793 ], [ -73.433809869375793, 5.300872244369654 ], [ -73.442032100512051, 5.299073428059939 ], [ -73.451869412764381, 5.303570468834228 ], [ -73.450841633872344, 5.312714451741946 ], [ -73.446436867192205, 5.327854489015384 ], [ -73.44320670496009, 5.327854489015384 ], [ -73.429845579363658, 5.340596104542533 ], [ -73.418686837107288, 5.355436339097685 ], [ -73.418540011551286, 5.37147578452598 ], [ -73.407528094850932, 5.371325883166835 ], [ -73.401655072610737, 5.358734168998828 ], [ -73.393579667030465, 5.35678545132997 ], [ -73.389762202574346, 5.359633577153686 ], [ -73.381539971438073, 5.356635549970828 ], [ -73.376107425865897, 5.345093145316821 ], [ -73.377722506981954, 5.341345611338247 ], [ -73.356873278029269, 5.332801233867101 ], [ -73.346742314664937, 5.317361393875378 ], [ -73.336464525744603, 5.314513268051662 ] ] ] } },
{ "type": "Feature", "properties": { "Código departamento": "15", "Departamento": "Boyacá", "Código municipio": "806", "Municipio": "TIBASOSA", "DIVIPOLA": "15806" }, "geometry": { "type": "Polygon", "coordinates": [ [ [ -72.992158596913313, 5.805140416526501 ], [ -72.986285574673119, 5.786552647992777 ], [ -72.972483972408668, 5.768264682177338 ], [ -72.97145619351663, 5.756272573445902 ], [ -72.957948242364196, 5.746678886460754 ], [ -72.944733942323765, 5.746079281024183 ], [ -72.945614895659787, 5.729590131518459 ], [ -72.94399981454373, 5.724793288025885 ], [ -72.947376802331846, 5.714450094245023 ], [ -72.952809347904022, 5.71430019288588 ], [ -72.964849043496415, 5.708753842597591 ], [ -72.972630797964669, 5.720596049969884 ], [ -72.981146680212959, 5.719246937737597 ], [ -72.986872876897138, 5.721195655406455 ], [ -73.000087176937569, 5.721345556765598 ], [ -73.009043535853863, 5.719696641815026 ], [ -73.024313393678369, 5.7244934853076 ], [ -73.029892764806547, 5.720596049969884 ], [ -73.038555472610838, 5.708454039879306 ], [ -73.038995949278842, 5.701258774640444 ], [ -73.044281669295017, 5.695712424352155 ], [ -73.059404701563523, 5.687018145521866 ], [ -73.056908667111429, 5.701858380077016 ], [ -73.062488038239621, 5.703207492309303 ], [ -73.067333281587779, 5.7255427948216 ], [ -73.067039630475762, 5.741882042968181 ], [ -73.059111050451506, 5.761369219656763 ], [ -73.050741993759232, 5.773811032465626 ], [ -73.041932460398939, 5.770813005282768 ], [ -73.040757855950901, 5.775609848775342 ], [ -73.034003880374684, 5.780706494986203 ], [ -73.028277683690504, 5.778757777317343 ], [ -73.022698312562312, 5.784454028964775 ], [ -73.016237988098098, 5.795097025463924 ], [ -73.014622906982055, 5.807538838272788 ], [ -72.994214154697374, 5.807388936913644 ], [ -72.992158596913313, 5.805140416526501 ] ] ] } },
{ "type": "Feature", "properties": { "Código departamento": "15", "Departamento": "Boyacá", "Código municipio": "808", "Municipio": "TINJACÁ", "DIVIPOLA": "15808" }, "geometry": { "type": "Polygon", "coordinates": [ [ [ -73.624683092182039, 5.569795282672087 ], [ -73.636429136662429, 5.563349524228941 ], [ -73.64509184446672, 5.552106922293221 ], [ -73.653607726714995, 5.550907711420076 ], [ -73.666528375643409, 5.538166095892927 ], [ -73.678568071235816, 5.541913629871501 ], [ -73.69281015016827, 5.525274579006633 ], [ -73.704262543536657, 5.527223296675492 ], [ -73.709254612440816, 5.53576767414664 ], [ -73.719972878029168, 5.536966885019782 ], [ -73.721881610257228, 5.553156231807221 ], [ -73.713072076896935, 5.577889956065806 ], [ -73.712925251340934, 5.58523512266381 ], [ -73.716008588017033, 5.590181867515526 ], [ -73.717330018021073, 5.595128612367243 ], [ -73.705437147984696, 5.605471806148107 ], [ -73.686056174592053, 5.629605924970119 ], [ -73.680770454575878, 5.636501387490694 ], [ -73.671373618991566, 5.61791361895697 ], [ -73.670199014543542, 5.611317959154682 ], [ -73.655663284499056, 5.608919537408394 ], [ -73.641568031122603, 5.615665098569827 ], [ -73.632611672206309, 5.61431598633754 ], [ -73.628941033306177, 5.604422496634105 ], [ -73.625270394406058, 5.60307338440182 ], [ -73.626444998854097, 5.591381078388671 ], [ -73.629234684418194, 5.584635517227238 ], [ -73.624683092182039, 5.569795282672087 ] ] ] } },
{ "type": "Feature", "properties": { "Código departamento": "15", "Departamento": "Boyacá", "Código municipio": "810", "Municipio": "TIPACOQUE", "DIVIPOLA": "15810" }, "geometry": { "type": "Polygon", "coordinates": [ [ [ -72.655047120326259, 6.377913509811671 ], [ -72.667674118142685, 6.377463805734242 ], [ -72.676043174834959, 6.379112720684813 ], [ -72.682503499299173, 6.385258676409674 ], [ -72.704527332699882, 6.383160057381672 ], [ -72.713336866060175, 6.383459860099959 ], [ -72.716420202736273, 6.376414496220241 ], [ -72.725817038320585, 6.371617652727667 ], [ -72.729634502776705, 6.383160057381672 ], [ -72.73301149056482, 6.385708380487103 ], [ -72.732424188340801, 6.396651179704537 ], [ -72.73492022279288, 6.408343485717686 ], [ -72.735067048348895, 6.432177801821413 ], [ -72.738003559468979, 6.440272475215132 ], [ -72.724936084984563, 6.442970699679706 ], [ -72.71671385384829, 6.442371094243133 ], [ -72.713630517172192, 6.450165964918566 ], [ -72.706289239371941, 6.455112709770284 ], [ -72.696598752675627, 6.469503240248005 ], [ -72.685586835975272, 6.480895743542869 ], [ -72.679566988179062, 6.482694559852585 ], [ -72.676043174834959, 6.472501267430865 ], [ -72.660626491454451, 6.443270502397991 ], [ -72.665765385914611, 6.433826716771986 ], [ -72.664443955910571, 6.425582142019125 ], [ -72.658130457002372, 6.412990427851118 ], [ -72.658277282558373, 6.403246839506827 ], [ -72.654312992546238, 6.38510877505053 ], [ -72.655047120326259, 6.377913509811671 ] ] ] } },
{ "type": "Feature", "properties": { "Código departamento": "15", "Departamento": "Boyacá", "Código municipio": "814", "Municipio": "TOCA", "DIVIPOLA": "15814" }, "geometry": { "type": "Polygon", "coordinates": [ [ [ -73.079372977180171, 5.618063520316112 ], [ -73.084071394972327, 5.60772032653525 ], [ -73.089357114988502, 5.588083248487526 ], [ -73.104039670588975, 5.55930218753208 ], [ -73.105507926149031, 5.548509289673789 ], [ -73.115492063957362, 5.531870238808923 ], [ -73.115638889513363, 5.525424480365777 ], [ -73.121952388421562, 5.518678919204345 ], [ -73.129000015109796, 5.514931385225771 ], [ -73.135019862905992, 5.505637500958909 ], [ -73.139130978474128, 5.509235133578339 ], [ -73.168496089675088, 5.52302605861949 ], [ -73.177158797479379, 5.525874184443206 ], [ -73.188170714179734, 5.53426866055521 ], [ -73.194924689755965, 5.536966885019782 ], [ -73.197567549764045, 5.542813038026357 ], [ -73.204615176452279, 5.542213432589786 ], [ -73.210047722024456, 5.549558599187789 ], [ -73.215039790928614, 5.545361361131788 ], [ -73.221793766504845, 5.552256823652363 ], [ -73.227960439857043, 5.553905738602935 ], [ -73.231190602089143, 5.56379922830637 ], [ -73.248662843253726, 5.569645381312944 ], [ -73.242349344345513, 5.575941238396948 ], [ -73.233539810985221, 5.595878119162959 ], [ -73.219004080940749, 5.613116775464396 ], [ -73.213131058700554, 5.626457996428118 ], [ -73.211809628696514, 5.63020553040669 ], [ -73.202559618668204, 5.63575188069498 ], [ -73.185821505283656, 5.649992509813559 ], [ -73.183178645275575, 5.642497441856412 ], [ -73.169964345235144, 5.628406714096976 ], [ -73.163063544102911, 5.624359377400116 ], [ -73.13487303734999, 5.629755826329263 ], [ -73.130027794001833, 5.633803163026122 ], [ -73.116519842849385, 5.62555858827326 ], [ -73.107269832821089, 5.627507305942118 ], [ -73.094642835004677, 5.621211448858115 ], [ -73.079372977180171, 5.618063520316112 ] ] ] } },
{ "type": "Feature", "properties": { "Código departamento": "15", "Departamento": "Boyacá", "Código municipio": "816", "Municipio": "TOGÜÍ", "DIVIPOLA": "15816" }, "geometry": { "type": "Polygon", "coordinates": [ [ [ -73.433809869375793, 5.898379061913409 ], [ -73.444528134964145, 5.901976694532839 ], [ -73.456714656112538, 5.889984585801405 ], [ -73.448932901644284, 5.879791293379685 ], [ -73.451282110540362, 5.866599973775105 ], [ -73.455686877220501, 5.861053623486817 ], [ -73.458770213896599, 5.852359344656526 ], [ -73.463762282800772, 5.84846190931881 ], [ -73.46669879392087, 5.852359344656526 ], [ -73.478885315069263, 5.858805103099672 ], [ -73.491952789553693, 5.871846521345108 ], [ -73.497532160681871, 5.871246915908537 ], [ -73.503992485146085, 5.875743956682824 ], [ -73.506341694042163, 5.88773606541426 ], [ -73.512361541838359, 5.89433172521655 ], [ -73.521905202978672, 5.892233106188548 ], [ -73.526603620770828, 5.899278470068267 ], [ -73.538056014139201, 5.909921466567416 ], [ -73.528365527442887, 5.923862292967708 ], [ -73.527484574106865, 5.935554598980857 ], [ -73.529246480778909, 5.941250850628289 ], [ -73.538056014139201, 5.948596017226293 ], [ -73.549802058619591, 5.950694636254295 ], [ -73.544809989715432, 5.955791282465154 ], [ -73.532770294123026, 5.960738027316871 ], [ -73.519409168526593, 5.972130530611735 ], [ -73.513389320730397, 5.971530925175164 ], [ -73.503992485146085, 5.978276486336594 ], [ -73.496063905121829, 5.986970765166885 ], [ -73.469048002816947, 5.974379050998878 ], [ -73.465964666140849, 5.970331714302019 ], [ -73.463909108356773, 5.960138421880299 ], [ -73.455246400552497, 5.953842564796296 ], [ -73.453484493880438, 5.947996411789721 ], [ -73.460825771680675, 5.932556571797998 ], [ -73.433516218263776, 5.900027976863981 ], [ -73.433809869375793, 5.898379061913409 ] ] ] } },
{ "type": "Feature", "properties": { "Código departamento": "15", "Departamento": "Boyacá", "Código municipio": "820", "Municipio": "TÓPAGA", "DIVIPOLA": "15820" }, "geometry": { "type": "Polygon", "coordinates": [ [ [ -72.796293305202894, 5.772312018874197 ], [ -72.812297290807422, 5.756722277523331 ], [ -72.819932219719675, 5.751625631312472 ], [ -72.825364765291852, 5.736785396757321 ], [ -72.837698111996247, 5.740532930735895 ], [ -72.849297330920635, 5.740682832095037 ], [ -72.85267431870875, 5.751925434030757 ], [ -72.863098933185086, 5.749676913643614 ], [ -72.871027513209341, 5.742031944327324 ], [ -72.876900535449536, 5.752075335389901 ], [ -72.877487837673556, 5.764667049557906 ], [ -72.88203942990971, 5.767515175381623 ], [ -72.875138628777478, 5.770513202564483 ], [ -72.867503699865225, 5.76841458353648 ], [ -72.85781321316891, 5.775160144697913 ], [ -72.843864785348458, 5.780856396345345 ], [ -72.836817158660224, 5.78775185886592 ], [ -72.832118740868069, 5.797645348569353 ], [ -72.819491743051657, 5.793448110513352 ], [ -72.805983791899209, 5.78670254935192 ], [ -72.796293305202894, 5.772312018874197 ] ] ] } },
{ "type": "Feature", "properties": { "Código departamento": "15", "Departamento": "Boyacá", "Código municipio": "822", "Municipio": "TOTA", "DIVIPOLA": "15822" }, "geometry": { "type": "Polygon", "coordinates": [ [ [ -73.003610990281686, 5.5928800919801 ], [ -72.995241933589412, 5.582986602276665 ], [ -72.987460179121157, 5.577889956065806 ], [ -72.985257795781081, 5.58268679955838 ], [ -72.977916517980844, 5.572043803059231 ], [ -72.961325230152298, 5.559901792968653 ], [ -72.949138709003904, 5.554505344039508 ], [ -72.92579344559914, 5.567246959566657 ], [ -72.920801376694982, 5.553755837243792 ], [ -72.923737887815065, 5.537566490456356 ], [ -72.942237907871686, 5.512233160761197 ], [ -72.955305382356102, 5.499041841156619 ], [ -72.961912532376317, 5.487499436502614 ], [ -72.967345077948494, 5.472809103306605 ], [ -72.985845098005115, 5.466513246222601 ], [ -72.992011771357312, 5.45826867146974 ], [ -72.986579225785135, 5.441929423323161 ], [ -72.992011771357312, 5.434734158084299 ], [ -72.992011771357312, 5.429187807796009 ], [ -72.995829235813432, 5.419144416733434 ], [ -73.002436385833647, 5.414797277318288 ], [ -73.009043535853863, 5.399357437326565 ], [ -73.009924489189899, 5.386465920440272 ], [ -73.016237988098098, 5.384667104130558 ], [ -73.030186415918564, 5.371026080448551 ], [ -73.033857054818682, 5.370876179089406 ], [ -73.043107064846978, 5.360083281231115 ], [ -73.04986104042321, 5.373274600835694 ], [ -73.045749924855073, 5.3848170054897 ], [ -73.054265807103349, 5.394560593833991 ], [ -73.054999934883369, 5.404753886255711 ], [ -73.051035644871249, 5.414197671881717 ], [ -73.039142774834858, 5.427988596922867 ], [ -73.039876902614878, 5.43218583497887 ], [ -73.056174539331408, 5.428288399641153 ], [ -73.061313433791582, 5.423191753430292 ], [ -73.064984072691701, 5.426189780613151 ], [ -73.06615867713974, 5.434584256725157 ], [ -73.071884873823933, 5.436383073034871 ], [ -73.067920583811798, 5.44447774642859 ], [ -73.065865026027723, 5.458868276906313 ], [ -73.060579306011562, 5.466513246222601 ], [ -73.06366264268766, 5.471160188356033 ], [ -73.059257876007507, 5.47610693320775 ], [ -73.058523748227486, 5.484651310678898 ], [ -73.051476121539253, 5.495744011255476 ], [ -73.043547541514997, 5.513732174352628 ], [ -73.044134843739016, 5.523325861337775 ], [ -73.031361020366603, 5.550607908701791 ], [ -73.025781649238411, 5.55930218753208 ], [ -73.011099093637938, 5.575641435678661 ], [ -73.012714174753995, 5.590031966156384 ], [ -73.003610990281686, 5.5928800919801 ] ] ] } },
{ "type": "Feature", "properties": { "Código departamento": "15", "Departamento": "Boyacá", "Código municipio": "832", "Municipio": "TUNUNGUÁ", "DIVIPOLA": "15832" }, "geometry": { "type": "Polygon", "coordinates": [ [ [ -73.899834184135059, 5.737534903553036 ], [ -73.908203240827334, 5.729889934236746 ], [ -73.907909589715331, 5.7234441757936 ], [ -73.913488960843509, 5.712801179294451 ], [ -73.919068331971687, 5.709653250752448 ], [ -73.926262784215922, 5.712051672498736 ], [ -73.933457236460157, 5.702607886872731 ], [ -73.939917560924371, 5.688966863190724 ], [ -73.945643757608565, 5.693613805324154 ], [ -73.950195349844705, 5.698710451535015 ], [ -73.968695369901326, 5.701708478717873 ], [ -73.981469193273739, 5.720745951329026 ], [ -73.975302519921541, 5.728990526081888 ], [ -73.961941394325095, 5.739483621221894 ], [ -73.954012814300839, 5.739783423940179 ], [ -73.945056455384545, 5.736035889961605 ], [ -73.925528656435901, 5.743081253841324 ], [ -73.921123889755762, 5.737684804912178 ], [ -73.915838169739587, 5.736635495398178 ], [ -73.904532601927215, 5.740083226658466 ], [ -73.899834184135059, 5.737534903553036 ] ] ] } },
{ "type": "Feature", "properties": { "Código departamento": "15", "Departamento": "Boyacá", "Código municipio": "835", "Municipio": "TURMEQUÉ", "DIVIPOLA": "15835" }, "geometry": { "type": "Polygon", "coordinates": [ [ [ -73.478004361733241, 5.289479741074792 ], [ -73.484171035085438, 5.280185856807928 ], [ -73.484464686197441, 5.274939309237927 ], [ -73.491512312885675, 5.26339690458392 ], [ -73.500615497357984, 5.252304204007342 ], [ -73.506194868486162, 5.250055683620197 ], [ -73.507516298490202, 5.244659234691052 ], [ -73.515151227402455, 5.237314068093048 ], [ -73.514857576290439, 5.232667125959618 ], [ -73.523960760762748, 5.237314068093048 ], [ -73.527778225218867, 5.244509333331909 ], [ -73.526897271882845, 5.258899863809632 ], [ -73.533798073015063, 5.272091183414211 ], [ -73.531889340787004, 5.277937336420785 ], [ -73.536734584135161, 5.285432404377931 ], [ -73.543194908599375, 5.288730234279076 ], [ -73.548040151947532, 5.299673033496512 ], [ -73.553032220851691, 5.313763761255948 ], [ -73.548774279727553, 5.324406757755097 ], [ -73.549361581951572, 5.332501431148814 ], [ -73.539083793031239, 5.341195709979105 ], [ -73.525869492990807, 5.342394920852249 ], [ -73.522052028534688, 5.345692750753392 ], [ -73.512948844062379, 5.339546795028533 ], [ -73.504579787370105, 5.352738114633111 ], [ -73.494742475117789, 5.359783478512829 ], [ -73.485051988421475, 5.368777560061406 ], [ -73.477710710621224, 5.370126672293693 ], [ -73.481675000633359, 5.354986635020256 ], [ -73.472718641717066, 5.347041862985679 ], [ -73.468313875036927, 5.3317519243531 ], [ -73.472131339493046, 5.326205574064811 ], [ -73.468607526148929, 5.317361393875378 ], [ -73.474333722833109, 5.310615832713945 ], [ -73.480647221741322, 5.294276584567366 ], [ -73.478004361733241, 5.289479741074792 ] ] ] } },
{ "type": "Feature", "properties": { "Código departamento": "15", "Departamento": "Boyacá", "Código municipio": "837", "Municipio": "TUTA", "DIVIPOLA": "15837" }, "geometry": { "type": "Polygon", "coordinates": [ [ [ -73.155869091858676, 5.727341611131316 ], [ -73.157630998530735, 5.719546740455884 ], [ -73.127972236217772, 5.697811043380157 ], [ -73.114757936177327, 5.681471795233576 ], [ -73.107563483933092, 5.66947968650214 ], [ -73.106976181709072, 5.661534914467565 ], [ -73.102424589472932, 5.659136492721278 ], [ -73.104039670588975, 5.65613846553842 ], [ -73.095817439452716, 5.647594088067271 ], [ -73.084658697196346, 5.640698625546697 ], [ -73.079666628292188, 5.629755826329263 ], [ -73.075995989392055, 5.628406714096976 ], [ -73.076289640504072, 5.620162139344115 ], [ -73.079372977180171, 5.618063520316112 ], [ -73.094642835004677, 5.621211448858115 ], [ -73.107269832821089, 5.627507305942118 ], [ -73.116519842849385, 5.62555858827326 ], [ -73.130027794001833, 5.633803163026122 ], [ -73.13487303734999, 5.629755826329263 ], [ -73.163063544102911, 5.624359377400116 ], [ -73.169964345235144, 5.628406714096976 ], [ -73.183178645275575, 5.642497441856412 ], [ -73.185821505283656, 5.649992509813559 ], [ -73.202559618668204, 5.63575188069498 ], [ -73.211809628696514, 5.63020553040669 ], [ -73.213131058700554, 5.626457996428118 ], [ -73.216654872044671, 5.624958982836689 ], [ -73.231777904313162, 5.62660789778726 ], [ -73.241321565453475, 5.629306122251834 ], [ -73.244992204353593, 5.627507305942118 ], [ -73.253067609933865, 5.634102965744408 ], [ -73.257031899946, 5.640248921469268 ], [ -73.256004121053962, 5.656438268256706 ], [ -73.267309688866334, 5.664532941650424 ], [ -73.260996189958121, 5.684919526493863 ], [ -73.270833502210451, 5.685968836007864 ], [ -73.26407952663422, 5.703807097745874 ], [ -73.251746179929825, 5.704706505900732 ], [ -73.231043776533141, 5.714000390167594 ], [ -73.219004080940749, 5.729590131518459 ], [ -73.203587397560241, 5.736485594039034 ], [ -73.191254050855832, 5.728690723363601 ], [ -73.188758016403753, 5.722994471716171 ], [ -73.180682610823496, 5.716248910554738 ], [ -73.175543716363322, 5.723893879871027 ], [ -73.155869091858676, 5.727341611131316 ] ] ] } },
{ "type": "Feature", "properties": { "Código departamento": "15", "Departamento": "Boyacá", "Código municipio": "839", "Municipio": "TUTAZÁ", "DIVIPOLA": "15839" }, "geometry": { "type": "Polygon", "coordinates": [ [ [ -72.810388558579362, 6.095199546468087 ], [ -72.814206023035482, 6.082008226863509 ], [ -72.810388558579362, 6.056674897168352 ], [ -72.813325069699459, 6.037487523198055 ], [ -72.812444116363423, 6.023246894079477 ], [ -72.816261580819543, 6.016951036995473 ], [ -72.822134603059737, 6.013053601657757 ], [ -72.833293345316108, 6.010805081270612 ], [ -72.838432239776282, 6.014852417967472 ], [ -72.845626692020517, 6.008556560883469 ], [ -72.862071154293048, 6.013053601657757 ], [ -72.870440210985322, 6.023246894079477 ], [ -72.86897195542528, 6.031041764754909 ], [ -72.87088068765334, 6.039286339507771 ], [ -72.894666427726122, 6.052177856394064 ], [ -72.896281508842179, 6.056824798527495 ], [ -72.905825169982478, 6.065069373280356 ], [ -72.917571214462868, 6.080209410553793 ], [ -72.916983912238848, 6.086055563560367 ], [ -72.923444236703062, 6.098347475010089 ], [ -72.91595613334681, 6.107341556558665 ], [ -72.907440251098535, 6.107341556558665 ], [ -72.900098973298299, 6.112438202769526 ], [ -72.893785474390086, 6.123980607423532 ], [ -72.888940231041929, 6.122631495191245 ], [ -72.878956093233597, 6.125329719655817 ], [ -72.873229896549418, 6.124730114219246 ], [ -72.869412432093299, 6.134623603922681 ], [ -72.868384653201261, 6.144517093626114 ], [ -72.857960038724912, 6.142718277316399 ], [ -72.854876702048813, 6.145266600421828 ], [ -72.84342430868044, 6.143767586830399 ], [ -72.831237787532046, 6.148714331682117 ], [ -72.828594927523952, 6.152911569738118 ], [ -72.829182229747971, 6.141818869161541 ], [ -72.834467949764147, 6.137471729746395 ], [ -72.837551286440245, 6.130576267225821 ], [ -72.835495728656184, 6.125179818296675 ], [ -72.826539369739891, 6.121282382958959 ], [ -72.82712667196391, 6.114536821797526 ], [ -72.816995708599578, 6.106292247044665 ], [ -72.808479826351288, 6.104643332094093 ], [ -72.810388558579362, 6.095199546468087 ] ] ] } },
{ "type": "Feature", "properties": { "Código departamento": "15", "Departamento": "Boyacá", "Código municipio": "180", "Municipio": "CHISCAS", "DIVIPOLA": "15180" }, "geometry": { "type": "Polygon", "coordinates": [ [ [ -72.299435623682612, 6.716540680115568 ], [ -72.302225309246708, 6.697653108863558 ], [ -72.306189599258829, 6.687609717800982 ], [ -72.320138027079295, 6.682363170230979 ], [ -72.337903919355867, 6.668722146548972 ], [ -72.341427732699984, 6.661826684028395 ], [ -72.34230868603602, 6.646986449473245 ], [ -72.346419801604156, 6.633945031227809 ], [ -72.363157914988705, 6.620753711623231 ], [ -72.374757133913079, 6.615507164053228 ], [ -72.385475399501431, 6.614907558616657 ], [ -72.386356352837453, 6.609511109687511 ], [ -72.378721423925214, 6.599467718624934 ], [ -72.373876180577057, 6.586726103097784 ], [ -72.365947600552786, 6.57938093649978 ], [ -72.359634101644588, 6.570087052232918 ], [ -72.356110288300471, 6.556296127191767 ], [ -72.357431718304511, 6.552998297290622 ], [ -72.371233320568962, 6.551049579621764 ], [ -72.380923807265276, 6.553148198649766 ], [ -72.383713492829372, 6.528564375750324 ], [ -72.388558736177529, 6.526915460799752 ], [ -72.394431758417724, 6.529763586623466 ], [ -72.402947640666, 6.514773450709174 ], [ -72.408820662906194, 6.517921379251175 ], [ -72.421300835166605, 6.519420392842604 ], [ -72.439947680779213, 6.529313882546039 ], [ -72.446261179687426, 6.538757668172043 ], [ -72.454189759711682, 6.539207372249472 ], [ -72.459622305283858, 6.548501256516334 ], [ -72.473277081992308, 6.547601848361476 ], [ -72.480618359792544, 6.549700467389479 ], [ -72.490015195376856, 6.54370441302376 ], [ -72.501908065413247, 6.53905747089033 ], [ -72.506312832093386, 6.529613685264324 ], [ -72.514535063229658, 6.52226851866632 ], [ -72.518793004353796, 6.515073253427459 ], [ -72.533475559954283, 6.502931243336881 ], [ -72.534356513290305, 6.496035780816306 ], [ -72.545074778878657, 6.504280355569168 ], [ -72.544634302210653, 6.514023943913458 ], [ -72.54947954555881, 6.521519011870605 ], [ -72.540816837754519, 6.537108753221472 ], [ -72.536265245518365, 6.540406583122615 ], [ -72.537293024410403, 6.554047606804622 ], [ -72.545955732214694, 6.567089025050058 ], [ -72.542285093314575, 6.583428273196639 ], [ -72.537733501078421, 6.588674820766642 ], [ -72.527015235490069, 6.591672847949501 ], [ -72.520408085469853, 6.604264562117508 ], [ -72.519967608801835, 6.617305980362944 ], [ -72.513507284337621, 6.627349371425519 ], [ -72.506606483205402, 6.631546609481522 ], [ -72.497062822065089, 6.633945031227809 ], [ -72.49838425206913, 6.639641282875242 ], [ -72.491923927604915, 6.645037731804387 ], [ -72.492217578716932, 6.650733983451819 ], [ -72.485463603140715, 6.657029840535823 ], [ -72.48722550981276, 6.675767510428689 ], [ -72.491042974268893, 6.681163959357835 ], [ -72.484876300916682, 6.695254687117271 ], [ -72.488106463148796, 6.71609097603814 ], [ -72.497209647621091, 6.724335550791001 ], [ -72.498824728737148, 6.728232986128718 ], [ -72.498824728737148, 6.734528843212721 ], [ -72.491630276492913, 6.73752687039558 ], [ -72.487519160924776, 6.743672826120441 ], [ -72.490896148712892, 6.759712271548735 ], [ -72.497650124289109, 6.766457832710167 ], [ -72.495447740949032, 6.782946982215891 ], [ -72.498531077625131, 6.798386822207614 ], [ -72.492070753160931, 6.802434158904473 ], [ -72.482527092020604, 6.811728043171335 ], [ -72.483701696468643, 6.821471631515625 ], [ -72.477828674228462, 6.835562359275062 ], [ -72.477094546448427, 6.842158019077352 ], [ -72.472542954212287, 6.845605750337639 ], [ -72.462852467515972, 6.843956835387067 ], [ -72.45595166638374, 6.850852297907642 ], [ -72.445820703019407, 6.851002199266785 ], [ -72.429963542970881, 6.845455848978497 ], [ -72.423503218506681, 6.848903580238784 ], [ -72.409848441798232, 6.840359202767636 ], [ -72.39913017620988, 6.842457821795638 ], [ -72.390173817293586, 6.839010090535349 ], [ -72.381070632821292, 6.841408512281636 ], [ -72.37431665724506, 6.839159991894493 ], [ -72.363892042768725, 6.84155841364078 ], [ -72.358459497196549, 6.848603777520498 ], [ -72.350971393840297, 6.849952889752784 ], [ -72.340546779363962, 6.84620535577421 ], [ -72.340840430475964, 6.830016008986774 ], [ -72.328213432659552, 6.817873998896196 ], [ -72.318376120407237, 6.815775379868195 ], [ -72.313237225947063, 6.806031791523904 ], [ -72.308391982598906, 6.792540669201039 ], [ -72.296499112562515, 6.785045601243891 ], [ -72.292387996994378, 6.762410496013309 ], [ -72.30692372703885, 6.758812863393877 ], [ -72.299582449238613, 6.749968683204444 ], [ -72.295764984782494, 6.726733972537288 ], [ -72.299435623682612, 6.716540680115568 ] ] ] } },
{ "type": "Feature", "properties": { "Código departamento": "15", "Departamento": "Boyacá", "Código municipio": "223", "Municipio": "CUBARÁ", "DIVIPOLA": "15223" }, "geometry": { "type": "Polygon", "coordinates": [ [ [ -72.047629795134355, 7.038228996836316 ], [ -72.029570251745767, 7.034631364216884 ], [ -72.02090754394149, 7.035830575090029 ], [ -72.005784511672985, 7.03178323839317 ], [ -72.003288477220906, 7.029085013928596 ], [ -71.982145597156205, 7.023688564999451 ], [ -71.965554309327672, 7.015593891605731 ], [ -71.948816195943124, 7.01139665354973 ], [ -71.960121763755495, 7.001653065205438 ], [ -71.961883670427554, 6.989660956474004 ], [ -71.970986854899849, 6.977668847742568 ], [ -71.977740830476066, 6.965077133574561 ], [ -71.980530516040162, 6.954883841152841 ], [ -71.993744816080593, 6.927002188352255 ], [ -71.996534501644689, 6.908864123895959 ], [ -72.004903558336963, 6.890726059439664 ], [ -72.007693243901045, 6.887877933615948 ], [ -72.017530556153375, 6.86764125013165 ], [ -72.018117858377394, 6.86089568897022 ], [ -72.034562320649925, 6.829716206268487 ], [ -72.038673436218062, 6.814276366276766 ], [ -72.037058355102005, 6.801984454827044 ], [ -72.038526610662061, 6.794339485510753 ], [ -72.044399632902255, 6.787294121631036 ], [ -72.050713131810454, 6.768706353097312 ], [ -72.059963141838764, 6.767507142224168 ], [ -72.071562360763139, 6.758363159316448 ], [ -72.078609987451372, 6.750868091359302 ], [ -72.085217137471588, 6.75386611854216 ], [ -72.09270524082784, 6.753716217183018 ], [ -72.100193344184078, 6.746520951944157 ], [ -72.105625889756254, 6.748469669613015 ], [ -72.113260818668508, 6.739475588064438 ], [ -72.1253005142609, 6.743822727479583 ], [ -72.140423546529405, 6.763309904168167 ], [ -72.142479104313466, 6.757763553879877 ], [ -72.151288637673758, 6.754765526697018 ], [ -72.163034682154148, 6.746820754662443 ], [ -72.170963262178404, 6.747420360099015 ], [ -72.178598191090657, 6.741724108451582 ], [ -72.186233120002896, 6.740674798937582 ], [ -72.192987095579127, 6.744572234275299 ], [ -72.199006943375323, 6.74412253019787 ], [ -72.206054570063543, 6.737376969036437 ], [ -72.211193464523717, 6.738875982627866 ], [ -72.214717277867834, 6.728232986128718 ], [ -72.226756973460226, 6.725684663023288 ], [ -72.231749042364385, 6.704998275461562 ], [ -72.231455391252382, 6.698402615659274 ], [ -72.237915715716596, 6.699601826532416 ], [ -72.241292703504712, 6.703799064588419 ], [ -72.247312551300908, 6.702449952356132 ], [ -72.259058595781283, 6.707396697207849 ], [ -72.281816556962028, 6.695554489835557 ], [ -72.287983230314239, 6.695854292553844 ], [ -72.288570532538259, 6.705447979538991 ], [ -72.291653869214358, 6.712943047496139 ], [ -72.299435623682612, 6.716540680115568 ], [ -72.295764984782494, 6.726733972537288 ], [ -72.299582449238613, 6.749968683204444 ], [ -72.30692372703885, 6.758812863393877 ], [ -72.292387996994378, 6.762410496013309 ], [ -72.296499112562515, 6.785045601243891 ], [ -72.308391982598906, 6.792540669201039 ], [ -72.313237225947063, 6.806031791523904 ], [ -72.318376120407237, 6.815775379868195 ], [ -72.328213432659552, 6.817873998896196 ], [ -72.340840430475964, 6.830016008986774 ], [ -72.340546779363962, 6.84620535577421 ], [ -72.350971393840297, 6.849952889752784 ], [ -72.358459497196549, 6.848603777520498 ], [ -72.363892042768725, 6.84155841364078 ], [ -72.37431665724506, 6.839159991894493 ], [ -72.381070632821292, 6.841408512281636 ], [ -72.390173817293586, 6.839010090535349 ], [ -72.39913017620988, 6.842457821795638 ], [ -72.409848441798232, 6.840359202767636 ], [ -72.423503218506681, 6.848903580238784 ], [ -72.429963542970881, 6.845455848978497 ], [ -72.445820703019407, 6.851002199266785 ], [ -72.45595166638374, 6.850852297907642 ], [ -72.462852467515972, 6.843956835387067 ], [ -72.472542954212287, 6.845605750337639 ], [ -72.477094546448427, 6.842158019077352 ], [ -72.487078684256758, 6.852651114217358 ], [ -72.491630276492913, 6.86659194061765 ], [ -72.498237426513128, 6.867791151490795 ], [ -72.502348542081265, 6.882181681968516 ], [ -72.496622345397071, 6.885779314587947 ], [ -72.49647551984107, 6.896422311087096 ], [ -72.502935844305284, 6.908114617100245 ], [ -72.497062822065089, 6.91605938913482 ], [ -72.496622345397071, 6.921455838063966 ], [ -72.487812812036779, 6.924453865246824 ], [ -72.474011209772328, 6.912611657874533 ], [ -72.464614374188017, 6.901668858657099 ], [ -72.452427853039623, 6.895522902932238 ], [ -72.439947680779213, 6.891325664876235 ], [ -72.438773076331174, 6.886828624101947 ], [ -72.432312751866959, 6.882931188764231 ], [ -72.422475439614644, 6.881582076531944 ], [ -72.408380186238176, 6.874536712652227 ], [ -72.392376200633663, 6.872288192265082 ], [ -72.387237306173489, 6.873937107215654 ], [ -72.378721423925214, 6.88443020235566 ], [ -72.361396008316646, 6.893873987981665 ], [ -72.352439649400353, 6.891775368953664 ], [ -72.349796789392258, 6.899120535551668 ], [ -72.337610268243864, 6.908114617100245 ], [ -72.325130095983454, 6.922355246218824 ], [ -72.313384051503064, 6.932248735922259 ], [ -72.307951505930887, 6.943941041935408 ], [ -72.303987215918767, 6.956083052025986 ], [ -72.301931658134691, 6.968674766193993 ], [ -72.289598311430296, 6.996706320353721 ], [ -72.282844335854065, 7.008548527726014 ], [ -72.276530836945852, 7.012745765782015 ], [ -72.267134001361555, 7.009597837240015 ], [ -72.253479224653105, 7.007948922289441 ], [ -72.252891922429086, 7.000603755691437 ], [ -72.255681607993182, 6.985014014340572 ], [ -72.24496334240483, 6.977069242305997 ], [ -72.231749042364385, 6.983065296671714 ], [ -72.220296648996012, 6.986363126572859 ], [ -72.220149823440011, 6.990710265988004 ], [ -72.209872034519677, 7.003601782874298 ], [ -72.200915675603383, 7.006749711416298 ], [ -72.2044394889475, 7.011996258986302 ], [ -72.20576091895154, 7.023238860922022 ], [ -72.198713292263307, 7.033731956062028 ], [ -72.199594245599343, 7.041227024019174 ], [ -72.191812491131088, 7.046323670230035 ], [ -72.185498992222875, 7.053968639546324 ], [ -72.176395807750581, 7.055467653137753 ], [ -72.172284692182444, 7.051720119159181 ], [ -72.159217217698014, 7.046323670230035 ], [ -72.153050544345817, 7.035081068294313 ], [ -72.144828313209544, 7.035680673730886 ], [ -72.13264179206115, 7.030584027520026 ], [ -72.107387796428313, 7.032682646548026 ], [ -72.091677461935802, 7.037779292758887 ], [ -72.075673476331275, 7.045424262075177 ], [ -72.055852026270628, 7.036879884604029 ], [ -72.047629795134355, 7.038228996836316 ] ] ] } },
{ "type": "Feature", "properties": { "Código departamento": "15", "Departamento": "Boyacá", "Código municipio": "332", "Municipio": "GÜICÁN DE LA SIERRA", "DIVIPOLA": "15332" }, "geometry": { "type": "Polygon", "coordinates": [ [ [ -72.100193344184078, 6.746520951944157 ], [ -72.094907624167902, 6.729582098361004 ], [ -72.100046518628076, 6.72373594535443 ], [ -72.099312390848056, 6.696903602067844 ], [ -72.095054449723918, 6.684012085181551 ], [ -72.098431437512019, 6.679365143048121 ], [ -72.097403658619996, 6.67172017373183 ], [ -72.091236985267784, 6.648485463064675 ], [ -72.0946139730559, 6.634544636664381 ], [ -72.101221123076115, 6.628698483657806 ], [ -72.112820342000489, 6.612059432792941 ], [ -72.111939388664467, 6.591672847949501 ], [ -72.11825288757268, 6.57938093649978 ], [ -72.12397908425686, 6.54010678040433 ], [ -72.128971153161018, 6.524666940412607 ], [ -72.133816396509189, 6.517021971096317 ], [ -72.138661639857347, 6.514173845272601 ], [ -72.153197369901818, 6.513424338476887 ], [ -72.160832298814071, 6.508177790906884 ], [ -72.166852146610267, 6.500682722949738 ], [ -72.172871994406464, 6.50083262430888 ], [ -72.177864063310622, 6.496785287612021 ], [ -72.176689458862583, 6.486292192472015 ], [ -72.172871994406464, 6.480296138106298 ], [ -72.176248982194579, 6.47070245112115 ], [ -72.174780726634523, 6.463057481804859 ], [ -72.181681527766756, 6.459459849185429 ], [ -72.202971233387444, 6.468903634811434 ], [ -72.212955371195775, 6.465905607628575 ], [ -72.216919661207911, 6.455712315206855 ], [ -72.215451405647855, 6.445968726862565 ], [ -72.218975218991972, 6.438323757546274 ], [ -72.232923646812424, 6.42333362163198 ], [ -72.245991121296854, 6.420485495808264 ], [ -72.247899853524927, 6.429329675997699 ], [ -72.256122084661186, 6.435475631722558 ], [ -72.260526851341339, 6.442221192883991 ], [ -72.265665745801499, 6.442970699679706 ], [ -72.271538768041694, 6.436524941236558 ], [ -72.271832419153711, 6.427830662406268 ], [ -72.282403859186047, 6.416288257752263 ], [ -72.281816556962028, 6.409392795231688 ], [ -72.286661800310185, 6.396051574267966 ], [ -72.281082429182007, 6.393503251162536 ], [ -72.280935603626006, 6.383459860099959 ], [ -72.284018940302104, 6.3783632138891 ], [ -72.291800694770359, 6.377014101656813 ], [ -72.302078483690693, 6.359325741277945 ], [ -72.31485230706312, 6.35797662904566 ], [ -72.321018980415317, 6.365471697002806 ], [ -72.320284852635297, 6.370868145931952 ], [ -72.324249142647432, 6.376714298938526 ], [ -72.33114994377965, 6.393803053880821 ], [ -72.33379280378773, 6.404595951739114 ], [ -72.362717438320686, 6.402047628633682 ], [ -72.373142052797022, 6.404146247661685 ], [ -72.382979365049351, 6.40954269659083 ], [ -72.38415396949739, 6.41568865231569 ], [ -72.389586515069567, 6.418087074061977 ], [ -72.400011129545902, 6.413440131928547 ], [ -72.411023046246271, 6.417637369984548 ], [ -72.424090520730701, 6.424832635223409 ], [ -72.430844496306918, 6.439972672496848 ], [ -72.433781007427015, 6.454213301615426 ], [ -72.44347149412333, 6.462757679086573 ], [ -72.440681808559248, 6.479096927233154 ], [ -72.436423867435096, 6.485242882958015 ], [ -72.436570692991111, 6.494986471302306 ], [ -72.434661960763037, 6.50083262430888 ], [ -72.421300835166605, 6.519420392842604 ], [ -72.408820662906194, 6.517921379251175 ], [ -72.402947640666, 6.514773450709174 ], [ -72.394431758417724, 6.529763586623466 ], [ -72.388558736177529, 6.526915460799752 ], [ -72.383713492829372, 6.528564375750324 ], [ -72.380923807265276, 6.553148198649766 ], [ -72.371233320568962, 6.551049579621764 ], [ -72.357431718304511, 6.552998297290622 ], [ -72.356110288300471, 6.556296127191767 ], [ -72.359634101644588, 6.570087052232918 ], [ -72.365947600552786, 6.57938093649978 ], [ -72.373876180577057, 6.586726103097784 ], [ -72.378721423925214, 6.599467718624934 ], [ -72.386356352837453, 6.609511109687511 ], [ -72.385475399501431, 6.614907558616657 ], [ -72.374757133913079, 6.615507164053228 ], [ -72.363157914988705, 6.620753711623231 ], [ -72.346419801604156, 6.633945031227809 ], [ -72.34230868603602, 6.646986449473245 ], [ -72.341427732699984, 6.661826684028395 ], [ -72.337903919355867, 6.668722146548972 ], [ -72.320138027079295, 6.682363170230979 ], [ -72.306189599258829, 6.687609717800982 ], [ -72.302225309246708, 6.697653108863558 ], [ -72.299435623682612, 6.716540680115568 ], [ -72.291653869214358, 6.712943047496139 ], [ -72.288570532538259, 6.705447979538991 ], [ -72.287983230314239, 6.695854292553844 ], [ -72.281816556962028, 6.695554489835557 ], [ -72.259058595781283, 6.707396697207849 ], [ -72.247312551300908, 6.702449952356132 ], [ -72.241292703504712, 6.703799064588419 ], [ -72.237915715716596, 6.699601826532416 ], [ -72.231455391252382, 6.698402615659274 ], [ -72.231749042364385, 6.704998275461562 ], [ -72.226756973460226, 6.725684663023288 ], [ -72.214717277867834, 6.728232986128718 ], [ -72.211193464523717, 6.738875982627866 ], [ -72.206054570063543, 6.737376969036437 ], [ -72.199006943375323, 6.74412253019787 ], [ -72.192987095579127, 6.744572234275299 ], [ -72.186233120002896, 6.740674798937582 ], [ -72.178598191090657, 6.741724108451582 ], [ -72.170963262178404, 6.747420360099015 ], [ -72.163034682154148, 6.746820754662443 ], [ -72.151288637673758, 6.754765526697018 ], [ -72.142479104313466, 6.757763553879877 ], [ -72.140423546529405, 6.763309904168167 ], [ -72.1253005142609, 6.743822727479583 ], [ -72.113260818668508, 6.739475588064438 ], [ -72.105625889756254, 6.748469669613015 ], [ -72.100193344184078, 6.746520951944157 ] ] ] } },
{ "type": "Feature", "properties": { "Código departamento": "25", "Departamento": "Cundinamarca", "Código municipio": "019", "Municipio": "ALBÁN", "DIVIPOLA": "25019" }, "geometry": { "type": "Polygon", "coordinates": [ [ [ -74.403005364563555, 4.880548833332853 ], [ -74.40887838680375, 4.881748044205998 ], [ -74.419303001280085, 4.876351595276852 ], [ -74.419890303504104, 4.866458105573417 ], [ -74.410493467919792, 4.858963037616271 ], [ -74.413723630151907, 4.841424578596548 ], [ -74.420624431284125, 4.838726354131974 ], [ -74.4259101513003, 4.846970928884835 ], [ -74.431049045760474, 4.848469942476265 ], [ -74.443235566908868, 4.840225367723403 ], [ -74.447640333589021, 4.835128721512544 ], [ -74.458652250289376, 4.832880201125399 ], [ -74.459092726957394, 4.843373296265406 ], [ -74.454247483609237, 4.848469942476265 ], [ -74.44881493803706, 4.844572507138548 ], [ -74.440005404676768, 4.852517279173125 ], [ -74.4501363680411, 4.864209585186274 ], [ -74.454687960277241, 4.877700707509137 ], [ -74.4533665302732, 4.882647452360856 ], [ -74.457330820285335, 4.900036010021435 ], [ -74.461441935853472, 4.893440350219147 ], [ -74.475096712561921, 4.890742125754573 ], [ -74.474803061449904, 4.901684924972009 ], [ -74.478767351462039, 4.917124764963732 ], [ -74.474949887005906, 4.926568550589736 ], [ -74.483025292586177, 4.938260856602885 ], [ -74.483612594810197, 4.946655332714889 ], [ -74.48008878146608, 4.952501485721466 ], [ -74.477445921457985, 4.944406812327746 ], [ -74.469076864765725, 4.933763815828597 ], [ -74.467902260317686, 4.927318057385452 ], [ -74.459826854737415, 4.930016281850023 ], [ -74.45586256472528, 4.934363421265169 ], [ -74.446025252472964, 4.937511349807171 ], [ -74.440005404676768, 4.924170128843449 ], [ -74.425029197964278, 4.919223383991732 ], [ -74.423707767960224, 4.914426540499158 ], [ -74.417981571276044, 4.911278611957157 ], [ -74.414017281263909, 4.890142520318002 ], [ -74.403005364563555, 4.880548833332853 ] ] ] } },
{ "type": "Feature", "properties": { "Código departamento": "25", "Departamento": "Cundinamarca", "Código municipio": "035", "Municipio": "ANAPOIMA", "DIVIPOLA": "25035" }, "geometry": { "type": "Polygon", "coordinates": [ [ [ -74.477592747014, 4.575499567476974 ], [ -74.489191965938375, 4.568454203597255 ], [ -74.485521327038256, 4.559610023407822 ], [ -74.490366570386414, 4.545069591570956 ], [ -74.497414197074647, 4.54117215623324 ], [ -74.487283233710315, 4.534276693712665 ], [ -74.479354653686059, 4.531578469248092 ], [ -74.470104643657749, 4.533677088276094 ], [ -74.463937970305551, 4.528580442065233 ], [ -74.466287179201629, 4.514939418383226 ], [ -74.465259400309591, 4.501298394701219 ], [ -74.469370515877728, 4.496951255286073 ], [ -74.490953872610433, 4.493953228103215 ], [ -74.494624511510551, 4.48810707509664 ], [ -74.502112614866803, 4.483909837040637 ], [ -74.510334846003076, 4.491105102279499 ], [ -74.52061263492341, 4.495452241694644 ], [ -74.532065028291782, 4.495302340335502 ], [ -74.535295190523883, 4.502647506933505 ], [ -74.547188060560273, 4.50189800013779 ], [ -74.549537269456351, 4.497550860722645 ], [ -74.557465849480622, 4.501598197419505 ], [ -74.544692026108194, 4.513290503432654 ], [ -74.541315038320079, 4.520335867312371 ], [ -74.546307107224251, 4.52888024478352 ], [ -74.554529338360524, 4.528580442065233 ], [ -74.557906326148625, 4.524832908086661 ], [ -74.564513476168841, 4.531878271966378 ], [ -74.555557117252548, 4.538024227691239 ], [ -74.55262060613245, 4.542371367106385 ], [ -74.550858699460392, 4.552714560887247 ], [ -74.561430139492742, 4.563807261463825 ], [ -74.563338871720802, 4.568903907674684 ], [ -74.569211893960997, 4.571602132139257 ], [ -74.569652370629015, 4.580746115046977 ], [ -74.576112695093229, 4.593937434651555 ], [ -74.578608729545309, 4.61102618959385 ], [ -74.583013496225448, 4.622868396966143 ], [ -74.587711914017603, 4.625866424149002 ], [ -74.597402400713918, 4.627065635022144 ], [ -74.590061122913681, 4.634110998901863 ], [ -74.57875555510131, 4.629613958127574 ], [ -74.575084916201192, 4.624217509198428 ], [ -74.568330940624975, 4.624217509198428 ], [ -74.567596812844954, 4.63246208395129 ], [ -74.561576965048744, 4.637109026084722 ], [ -74.557612675036623, 4.647602121224726 ], [ -74.552033303908431, 4.647602121224726 ], [ -74.542195991656115, 4.631262873078147 ], [ -74.540287259428055, 4.622868396966143 ], [ -74.51811660047133, 4.612225400466994 ], [ -74.514739612683215, 4.609077471924992 ], [ -74.514152310459195, 4.600682995812988 ], [ -74.50886659044302, 4.599633686298987 ], [ -74.505930079322923, 4.594387138728984 ], [ -74.496239592626608, 4.589740196595552 ], [ -74.489632442606393, 4.588840788440694 ], [ -74.477592747014, 4.575499567476974 ] ] ] } },
{ "type": "Feature", "properties": { "Código departamento": "25", "Departamento": "Cundinamarca", "Código municipio": "040", "Municipio": "ANOLAIMA", "DIVIPOLA": "25040" }, "geometry": { "type": "Polygon", "coordinates": [ [ [ -74.420624431284125, 4.838726354131974 ], [ -74.418128396832046, 4.834529116075973 ], [ -74.410933944587811, 4.839925565005118 ], [ -74.406822829019674, 4.835428524230829 ], [ -74.400656155667477, 4.821937401907966 ], [ -74.395957737875321, 4.816091248901391 ], [ -74.394636307871281, 4.803649436092527 ], [ -74.403886317899577, 4.798552789881666 ], [ -74.399187900107421, 4.790158313769662 ], [ -74.406088701239653, 4.782063640375942 ], [ -74.410052991251789, 4.773519262904796 ], [ -74.42077125684014, 4.769322024848793 ], [ -74.426203802412317, 4.762276660969076 ], [ -74.436041114664633, 4.759128732427073 ], [ -74.443382392464869, 4.76047784465936 ], [ -74.44881493803706, 4.758529126990502 ], [ -74.449989542485099, 4.744888103308495 ], [ -74.45263240249318, 4.739641555738491 ], [ -74.46966416698973, 4.730197770112487 ], [ -74.483465769254195, 4.728398953802771 ], [ -74.490366570386414, 4.734544909527632 ], [ -74.494330860398549, 4.727949249725342 ], [ -74.510922148227095, 4.727949249725342 ], [ -74.512830880455155, 4.729448263316772 ], [ -74.512390403787137, 4.745337807385924 ], [ -74.505930079322923, 4.763176069123934 ], [ -74.521199937147429, 4.777566599601655 ], [ -74.524723750491546, 4.793905847748236 ], [ -74.508132462662999, 4.794355551825665 ], [ -74.507398334882978, 4.807247068711956 ], [ -74.519291204919369, 4.826284541323111 ], [ -74.518850728251351, 4.832730299766257 ], [ -74.505195951542902, 4.831980792970541 ], [ -74.49712054596263, 4.826584344041396 ], [ -74.485521327038256, 4.825085330449967 ], [ -74.46702130698165, 4.828682963069396 ], [ -74.458652250289376, 4.832880201125399 ], [ -74.447640333589021, 4.835128721512544 ], [ -74.443235566908868, 4.840225367723403 ], [ -74.431049045760474, 4.848469942476265 ], [ -74.4259101513003, 4.846970928884835 ], [ -74.420624431284125, 4.838726354131974 ] ] ] } },
{ "type": "Feature", "properties": { "Código departamento": "25", "Departamento": "Cundinamarca", "Código municipio": "053", "Municipio": "ARBELÁEZ", "DIVIPOLA": "25053" }, "geometry": { "type": "Polygon", "coordinates": [ [ [ -74.335612434357344, 4.227878315624499 ], [ -74.32533464543701, 4.225479893878211 ], [ -74.323132262096934, 4.208840843013346 ], [ -74.3128544731766, 4.196698832922768 ], [ -74.304044939816308, 4.197598241077626 ], [ -74.293620325339973, 4.19579942476791 ], [ -74.283195710863623, 4.197448339718481 ], [ -74.274826654171349, 4.19325110166248 ], [ -74.262052830798936, 4.192651496225907 ], [ -74.260437749682879, 4.196099227486195 ], [ -74.246636147418428, 4.199097254669055 ], [ -74.237679788502135, 4.195499622049623 ], [ -74.240028997398213, 4.186805343219333 ], [ -74.245314717414388, 4.183807316036474 ], [ -74.251921867434604, 4.186055836423619 ], [ -74.261906005242935, 4.181109091571902 ], [ -74.272917921943289, 4.181708697008474 ], [ -74.284370315311662, 4.177811261670757 ], [ -74.298025092020112, 4.176012445361041 ], [ -74.311239392060543, 4.180359584776187 ], [ -74.315790984296697, 4.179610077980471 ], [ -74.321957657648895, 4.185006526909619 ], [ -74.332235446569229, 4.187854652733333 ], [ -74.348826734397775, 4.182907907881616 ], [ -74.355580709973992, 4.192801397585051 ], [ -74.358076744426086, 4.191302383993622 ], [ -74.377751368930731, 4.197748142436768 ], [ -74.380981531162831, 4.199996662823911 ], [ -74.394489482315279, 4.202544985929342 ], [ -74.400215678999459, 4.197148537000197 ], [ -74.411961723479848, 4.19939705738734 ], [ -74.416660141272004, 4.202544985929342 ], [ -74.421945861288179, 4.218734332716779 ], [ -74.433545080212554, 4.226829006110498 ], [ -74.448080810257025, 4.226829006110498 ], [ -74.466140353645628, 4.216935516407063 ], [ -74.482291164806156, 4.238971016201076 ], [ -74.492422128170489, 4.242568648820506 ], [ -74.504755474874884, 4.243767859693651 ], [ -74.518850728251351, 4.240470029792506 ], [ -74.526045180495586, 4.24421756377108 ], [ -74.534854713855879, 4.246016380080794 ], [ -74.541168212764077, 4.251562730369083 ], [ -74.537791224975976, 4.254111053474513 ], [ -74.521787239371449, 4.250813223573368 ], [ -74.510628497115079, 4.250063716777654 ], [ -74.490513395942415, 4.2575587847348 ], [ -74.479354653686059, 4.271949315212523 ], [ -74.457918122509355, 4.276296454627668 ], [ -74.448668112481045, 4.282892114429957 ], [ -74.43633476577665, 4.286339845690244 ], [ -74.430461743536455, 4.292635702774247 ], [ -74.413283153483889, 4.287539056563388 ], [ -74.396104563431322, 4.273898032881381 ], [ -74.389203762299104, 4.27030040026195 ], [ -74.370703742242497, 4.266552866283377 ], [ -74.366886277786364, 4.263105135023088 ], [ -74.366005324450342, 4.252911842601368 ], [ -74.362041034438207, 4.244367465130222 ], [ -74.348239432173756, 4.237022298532218 ], [ -74.342072758821558, 4.23057654008907 ], [ -74.335612434357344, 4.227878315624499 ] ] ] } },
{ "type": "Feature", "properties": { "Código departamento": "25", "Departamento": "Cundinamarca", "Código municipio": "086", "Municipio": "BELTRÁN", "DIVIPOLA": "25086" }, "geometry": { "type": "Polygon", "coordinates": [ [ [ -74.684910432092792, 4.757779620194786 ], [ -74.694307267677104, 4.750584354955927 ], [ -74.700620766585303, 4.755681001166786 ], [ -74.708989823277577, 4.757180014758215 ], [ -74.714569194405769, 4.745487708745066 ], [ -74.724553332214086, 4.748335834568782 ], [ -74.735124772246436, 4.754481790293643 ], [ -74.738795411146555, 4.745637610104208 ], [ -74.74217239893467, 4.743538991076208 ], [ -74.748339072286868, 4.731846685063059 ], [ -74.748632723398885, 4.726300334774771 ], [ -74.743934305606729, 4.720304280409052 ], [ -74.746283514502807, 4.712809212451906 ], [ -74.753477966747042, 4.708761875755045 ], [ -74.758323210095199, 4.700667202361328 ], [ -74.763315278999357, 4.683128743341604 ], [ -74.754652571195081, 4.670986733251026 ], [ -74.759497814543238, 4.664391073448736 ], [ -74.755533524531103, 4.65689600549159 ], [ -74.7584700356512, 4.652099161999016 ], [ -74.748926374510887, 4.646402910351584 ], [ -74.746136688946791, 4.631112971719003 ], [ -74.743053352270692, 4.624217509198428 ], [ -74.733216040018377, 4.620919679297283 ], [ -74.736299376694475, 4.606229346101276 ], [ -74.746430340058808, 4.600233291735559 ], [ -74.74789859561885, 4.592588322419268 ], [ -74.751716060074983, 4.587791478926694 ], [ -74.768013696791513, 4.593787533292413 ], [ -74.774474021255728, 4.592738223778411 ], [ -74.782549426835985, 4.595886152320413 ], [ -74.793708169092355, 4.592138618341839 ], [ -74.800168493556569, 4.600233291735559 ], [ -74.813676444709017, 4.605779642023847 ], [ -74.816319304717098, 4.61102618959385 ], [ -74.814997874713058, 4.616422638522995 ], [ -74.80222405134063, 4.625716522789857 ], [ -74.798700237996513, 4.631112971719003 ], [ -74.795616901320415, 4.642955179091296 ], [ -74.78651371684812, 4.647302318506441 ], [ -74.788275623520178, 4.658245117723875 ], [ -74.794442296872376, 4.663941369371307 ], [ -74.807216120244803, 4.669487719659597 ], [ -74.807656596912807, 4.679081406644744 ], [ -74.803398655788669, 4.686726375961034 ], [ -74.801343098004608, 4.699917695565612 ], [ -74.804132783568704, 4.705913749931331 ], [ -74.815732002493078, 4.71355871924762 ], [ -74.819108990281194, 4.726000532056484 ], [ -74.814557398045039, 4.735744120400775 ], [ -74.803251830232668, 4.741140569329921 ], [ -74.794442296872376, 4.747586327773067 ], [ -74.783724031284024, 4.74818593320964 ], [ -74.776970055707807, 4.752083368547356 ], [ -74.777116881263808, 4.75942853514536 ], [ -74.773593067919705, 4.768572518053079 ], [ -74.768600999015533, 4.775018276496225 ], [ -74.759350988987237, 4.7808644295028 ], [ -74.745549386722786, 4.786260878431945 ], [ -74.743053352270692, 4.790308215128804 ], [ -74.74598986339079, 4.812193813563673 ], [ -74.744374782274747, 4.823436415499395 ], [ -74.749073200066888, 4.829732272583398 ], [ -74.756854954535143, 4.831081384815683 ], [ -74.766104964563453, 4.835578425589973 ], [ -74.769188301239552, 4.842174085392261 ], [ -74.759204163431221, 4.839925565005118 ], [ -74.752156536743001, 4.84157447995569 ], [ -74.748779548954886, 4.837527143258831 ], [ -74.742025573378669, 4.841124775878261 ], [ -74.729251750006242, 4.836028129667402 ], [ -74.718093007749872, 4.838126748695402 ], [ -74.708255695497556, 4.8339295106394 ], [ -74.701795371033342, 4.835878228308258 ], [ -74.691958058781026, 4.829432469865112 ], [ -74.681533444304677, 4.830032075301683 ], [ -74.680212014300636, 4.822537007344537 ], [ -74.684323129868773, 4.815041939387389 ], [ -74.689755675440949, 4.810844701331388 ], [ -74.69239853544903, 4.798252987163381 ], [ -74.690636628776986, 4.782063640375942 ], [ -74.697390604353203, 4.770970939799366 ], [ -74.696362825461165, 4.766323997665935 ], [ -74.689902500996951, 4.759278633786216 ], [ -74.684910432092792, 4.757779620194786 ] ] ] } },
{ "type": "Feature", "properties": { "Código departamento": "25", "Departamento": "Cundinamarca", "Código municipio": "095", "Municipio": "BITUIMA", "DIVIPOLA": "25095" }, "geometry": { "type": "Polygon", "coordinates": [ [ [ -74.504608649318882, 4.944256910968604 ], [ -74.503580870426845, 4.933763815828597 ], [ -74.511362624895099, 4.925069536998307 ], [ -74.509600718223041, 4.915625751372303 ], [ -74.513565008235176, 4.908280584774297 ], [ -74.513271357123159, 4.902584333126867 ], [ -74.504902300430899, 4.89568887060629 ], [ -74.509307067111038, 4.884596170029714 ], [ -74.504755474874884, 4.875002483044566 ], [ -74.499029278190704, 4.867657316446562 ], [ -74.505489602654905, 4.860611952566843 ], [ -74.504314998206866, 4.847570534321407 ], [ -74.505195951542902, 4.831980792970541 ], [ -74.518850728251351, 4.832730299766257 ], [ -74.519291204919369, 4.826284541323111 ], [ -74.507398334882978, 4.807247068711956 ], [ -74.508132462662999, 4.794355551825665 ], [ -74.524723750491546, 4.793905847748236 ], [ -74.530303121619724, 4.797803283085952 ], [ -74.532505504959801, 4.788959102896519 ], [ -74.540874561652075, 4.786260878431945 ], [ -74.54674758389227, 4.790008412410519 ], [ -74.558493628372645, 4.790308215128804 ], [ -74.559815058376685, 4.796004466776236 ], [ -74.555850768364564, 4.807996575507672 ], [ -74.552033303908431, 4.848469942476265 ], [ -74.553648385024488, 4.856264813151697 ], [ -74.545719805000232, 4.870805244988563 ], [ -74.545572979444231, 4.882947255079141 ], [ -74.54014043387204, 4.88549557818457 ], [ -74.535735667191901, 4.893740152937432 ], [ -74.539259480536018, 4.900185911380579 ], [ -74.52325549493149, 4.899436404584864 ], [ -74.517088821579293, 4.909629697006584 ], [ -74.516795170467276, 4.916225356808874 ], [ -74.512243578231136, 4.935712533497456 ], [ -74.516648344911275, 4.943807206891175 ], [ -74.504608649318882, 4.944256910968604 ] ] ] } },
{ "type": "Feature", "properties": { "Código departamento": "25", "Departamento": "Cundinamarca", "Código municipio": "099", "Municipio": "BOJACÁ", "DIVIPOLA": "25099" }, "geometry": { "type": "Polygon", "coordinates": [ [ [ -74.299493347580153, 4.716856549148765 ], [ -74.301402079808227, 4.712509409733619 ], [ -74.287013175319757, 4.676982787616743 ], [ -74.291124290887879, 4.668738212863881 ], [ -74.28481079197968, 4.661692848984162 ], [ -74.286279047539722, 4.649850641611871 ], [ -74.282608408639604, 4.643105080450439 ], [ -74.283783013087643, 4.635160308415863 ], [ -74.277469514179444, 4.620020271142427 ], [ -74.272624270831272, 4.61867115891014 ], [ -74.279525071963505, 4.609826978720707 ], [ -74.292298895335918, 4.612825005903566 ], [ -74.306247323156384, 4.620619876578998 ], [ -74.308009229828443, 4.629014352691002 ], [ -74.313001298732601, 4.632911788028719 ], [ -74.316818763188735, 4.640256954626722 ], [ -74.321370355424875, 4.639507447831009 ], [ -74.337961643253422, 4.646402910351584 ], [ -74.344128316605619, 4.65389797830873 ], [ -74.341485456597539, 4.665590284321881 ], [ -74.345743397721677, 4.671286535969311 ], [ -74.345890223277678, 4.676682984898457 ], [ -74.351322768849855, 4.682828940623318 ], [ -74.362775162218227, 4.684477855573889 ], [ -74.366592626674361, 4.694071542559038 ], [ -74.38538629784297, 4.695570556150467 ], [ -74.39331487786724, 4.699318090129041 ], [ -74.392727575643221, 4.712509409733619 ], [ -74.3984537723274, 4.716856549148765 ], [ -74.381862484498853, 4.723752011669339 ], [ -74.37231882335854, 4.726300334774771 ], [ -74.36908866112644, 4.731247079626487 ], [ -74.360132302210147, 4.738292443506205 ], [ -74.359691825542129, 4.744738201949352 ], [ -74.353965628857949, 4.751333861751641 ], [ -74.350588641069834, 4.760028140581931 ], [ -74.346771176613714, 4.762726365046505 ], [ -74.32783067988909, 4.764675082715363 ], [ -74.323425913208951, 4.745337807385924 ], [ -74.31549733318468, 4.738442344865349 ], [ -74.303310812036287, 4.72015437904991 ], [ -74.299493347580153, 4.716856549148765 ] ] ] } },
{ "type": "Feature", "properties": { "Código departamento": "25", "Departamento": "Cundinamarca", "Código municipio": "120", "Municipio": "CABRERA", "DIVIPOLA": "25120" }, "geometry": { "type": "Polygon", "coordinates": [ [ [ -74.379366450046774, 4.03615447728068 ], [ -74.365564847782323, 4.034805365048393 ], [ -74.362187859994208, 4.012320161176953 ], [ -74.374521206698617, 3.986087423326938 ], [ -74.365564847782323, 3.981890185270935 ], [ -74.356902139978047, 3.970947386053502 ], [ -74.35660848886603, 3.946513464513202 ], [ -74.35469975663797, 3.944564746844343 ], [ -74.359544999986127, 3.913834968220042 ], [ -74.365124371114305, 3.898694930946605 ], [ -74.375402160034653, 3.876659431152592 ], [ -74.381715658942852, 3.872012489019162 ], [ -74.386560902291009, 3.8627186047523 ], [ -74.385679948954987, 3.85612294495001 ], [ -74.389497413411107, 3.849677186506864 ], [ -74.390378366747143, 3.84128271039486 ], [ -74.3952236100953, 3.824044054093421 ], [ -74.41210854903585, 3.803957271968268 ], [ -74.415632362379966, 3.794513486342262 ], [ -74.425029197964278, 3.784470095279686 ], [ -74.430902220204473, 3.784470095279686 ], [ -74.433691905768555, 3.778923744991396 ], [ -74.433691905768555, 3.764683115872818 ], [ -74.440445881344786, 3.757937554711385 ], [ -74.446906205808986, 3.755239330246813 ], [ -74.45072367026512, 3.749842881317666 ], [ -74.449989542485099, 3.743097320156235 ], [ -74.445584775804946, 3.735302449480801 ], [ -74.43956492800875, 3.73065550734737 ], [ -74.45263240249318, 3.730505605988228 ], [ -74.460267331405433, 3.736351758994802 ], [ -74.463497493637533, 3.742048010642233 ], [ -74.457771296953354, 3.755689034324241 ], [ -74.459533203625398, 3.764683115872818 ], [ -74.458211773621358, 3.772627887907393 ], [ -74.450430019153103, 3.794663387701406 ], [ -74.445291124692943, 3.800809343426265 ], [ -74.450283193597102, 3.818947407882562 ], [ -74.462469714745495, 3.819097309241704 ], [ -74.479354653686059, 3.823594350015992 ], [ -74.486108629262276, 3.817448394291131 ], [ -74.495064988178569, 3.819097309241704 ], [ -74.507104683770962, 3.82449375817085 ], [ -74.509894369335058, 3.832738332923712 ], [ -74.534707888299863, 3.843231428063718 ], [ -74.539406306092019, 3.844730441655147 ], [ -74.53691027163994, 3.856422747668296 ], [ -74.530449947175725, 3.870513475427733 ], [ -74.528688040503667, 3.878458247462308 ], [ -74.522961843819488, 3.886702822215169 ], [ -74.525898354939585, 3.89539710104546 ], [ -74.522668192707471, 3.917132798121187 ], [ -74.515033263795218, 3.927176189183762 ], [ -74.511362624895099, 3.946813267231488 ], [ -74.513124531567158, 3.953408927033778 ], [ -74.519144379363354, 3.959105178681209 ], [ -74.527513436055628, 3.96270281130064 ], [ -74.531184074955746, 3.967649556152357 ], [ -74.531624551623764, 3.97544442682779 ], [ -74.53368010940784, 3.9932826885658 ], [ -74.529862644951706, 3.999128841572374 ], [ -74.523989622711511, 4.022213650880386 ], [ -74.519584856031372, 4.018616018260956 ], [ -74.511803101563117, 4.022963157676101 ], [ -74.500938010418764, 4.023262960394386 ], [ -74.498441975966685, 4.029708718837534 ], [ -74.492422128170489, 4.034055858252679 ], [ -74.486549105930294, 4.028959212041818 ], [ -74.48008878146608, 4.028359606605247 ], [ -74.472453852553826, 4.036004575921537 ], [ -74.462910191413513, 4.037053885435538 ], [ -74.459533203625398, 4.031057831069819 ], [ -74.453513355829202, 4.027160395732102 ], [ -74.437215719112672, 4.02491187534496 ], [ -74.425029197964278, 4.02701049437296 ], [ -74.421505384620161, 4.024612072626673 ], [ -74.39977520233144, 4.027310297091247 ], [ -74.383330740058909, 4.019965130493243 ], [ -74.380687880050814, 4.021913848162101 ], [ -74.379366450046774, 4.03615447728068 ] ] ] } },
{ "type": "Feature", "properties": { "Código departamento": "25", "Departamento": "Cundinamarca", "Código municipio": "123", "Municipio": "CACHIPAY", "DIVIPOLA": "25123" }, "geometry": { "type": "Polygon", "coordinates": [ [ [ -74.437803021336691, 4.713109015170191 ], [ -74.452779228049181, 4.705464045853902 ], [ -74.457037169173319, 4.697669175178469 ], [ -74.468783213653708, 4.684927559651318 ], [ -74.48273164147416, 4.684777658292176 ], [ -74.497414197074647, 4.677432491694172 ], [ -74.509013415999021, 4.679681012081317 ], [ -74.50695785821496, 4.690024205862179 ], [ -74.499029278190704, 4.705613947213044 ], [ -74.502846742646824, 4.711759902937906 ], [ -74.509747543779056, 4.716706647789622 ], [ -74.510922148227095, 4.727949249725342 ], [ -74.494330860398549, 4.727949249725342 ], [ -74.490366570386414, 4.734544909527632 ], [ -74.483465769254195, 4.728398953802771 ], [ -74.46966416698973, 4.730197770112487 ], [ -74.45263240249318, 4.739641555738491 ], [ -74.449989542485099, 4.744888103308495 ], [ -74.44881493803706, 4.758529126990502 ], [ -74.443382392464869, 4.76047784465936 ], [ -74.436041114664633, 4.759128732427073 ], [ -74.426203802412317, 4.762276660969076 ], [ -74.42077125684014, 4.769322024848793 ], [ -74.410052991251789, 4.773519262904796 ], [ -74.406088701239653, 4.782063640375942 ], [ -74.404473620123596, 4.769471926207935 ], [ -74.40829108457973, 4.758079422913073 ], [ -74.411080770143812, 4.741290470689063 ], [ -74.420624431284125, 4.726000532056484 ], [ -74.437803021336691, 4.713109015170191 ] ] ] } },
{ "type": "Feature", "properties": { "Código departamento": "25", "Departamento": "Cundinamarca", "Código municipio": "126", "Municipio": "CAJICÁ", "DIVIPOLA": "25126" }, "geometry": { "type": "Polygon", "coordinates": [ [ [ -73.997179527766249, 4.973937380078906 ], [ -73.99527079553819, 4.970789451536903 ], [ -74.002905724450443, 4.955049808826895 ], [ -74.002024771114407, 4.946205628637462 ], [ -74.00833827002262, 4.940359475630886 ], [ -74.004961282234504, 4.929866380490881 ], [ -74.0109811300307, 4.92267111525202 ], [ -74.00642953779456, 4.917874271759445 ], [ -74.008631921134622, 4.911278611957157 ], [ -74.003639852230464, 4.907680979337726 ], [ -74.012155734478739, 4.897487686916006 ], [ -74.017147803382912, 4.89463956109229 ], [ -74.021699395619052, 4.884746071388856 ], [ -74.049008949035951, 4.892690843423432 ], [ -74.049008949035951, 4.897037982838577 ], [ -74.058258959064261, 4.900485714098864 ], [ -74.070885956880673, 4.910529105161442 ], [ -74.07705263023287, 4.9114285133163 ], [ -74.076024851340833, 4.91607545544973 ], [ -74.068096271316577, 4.921022200301448 ], [ -74.063691504636438, 4.928517268258594 ], [ -74.054735145720144, 4.934363421265169 ], [ -74.052385936824066, 4.941858489222317 ], [ -74.044457356799796, 4.95534961154518 ], [ -74.037556555667578, 4.962095172706612 ], [ -74.032858137875422, 4.963144482220613 ], [ -74.014798594486834, 4.974686886874619 ], [ -74.012008908922738, 4.985179982014626 ], [ -73.999822387774344, 4.985779587451197 ], [ -73.997179527766249, 4.973937380078906 ] ] ] } },
{ "type": "Feature", "properties": { "Código departamento": "25", "Departamento": "Cundinamarca", "Código municipio": "148", "Municipio": "CAPARRAPÍ", "DIVIPOLA": "25148" }, "geometry": { "type": "Polygon", "coordinates": [ [ [ -74.4226799890682, 5.443728239632875 ], [ -74.431342696872477, 5.433085243133726 ], [ -74.439124451340732, 5.432935341774583 ], [ -74.431342696872477, 5.420793331684005 ], [ -74.437215719112672, 5.402505365868566 ], [ -74.451310972489139, 5.387964934031703 ], [ -74.455568913613277, 5.381818978306842 ], [ -74.436628416888652, 5.37147578452598 ], [ -74.438243498004709, 5.359633577153686 ], [ -74.444263345800906, 5.350939298323396 ], [ -74.45395383249722, 5.344043835802821 ], [ -74.453807006941219, 5.339246992310247 ], [ -74.460267331405433, 5.328304193092813 ], [ -74.458211773621358, 5.314813070769948 ], [ -74.464084795861552, 5.311964944946232 ], [ -74.458064948065356, 5.305669087862229 ], [ -74.454541134721239, 5.298473822623367 ], [ -74.462029238077491, 5.293826880489937 ], [ -74.472453852553826, 5.290978754666221 ], [ -74.471719724773806, 5.283183883990788 ], [ -74.479207828130043, 5.275089210597069 ], [ -74.482437990362158, 5.262197693710776 ], [ -74.488751489270356, 5.260698680119346 ], [ -74.492422128170489, 5.256051737985916 ], [ -74.499910231526727, 5.248856472747055 ], [ -74.499763405970725, 5.230118802854187 ], [ -74.503287219314842, 5.22412274848847 ], [ -74.501818963754786, 5.218876200918467 ], [ -74.505783253766921, 5.207933401701033 ], [ -74.504314998206866, 5.204335769081601 ], [ -74.514299136015197, 5.194592180737311 ], [ -74.518997553807353, 5.194742082096453 ], [ -74.524870576047547, 5.189045830449023 ], [ -74.530156296063723, 5.188895929089878 ], [ -74.553061082800468, 5.192643463068452 ], [ -74.575084916201192, 5.192193758991023 ], [ -74.588739692909641, 5.199239122870742 ], [ -74.591088901805719, 5.202536952771887 ], [ -74.603275422954113, 5.205385078595602 ], [ -74.604596852958153, 5.208832809855891 ], [ -74.614434165210483, 5.215578371017322 ], [ -74.610176224086345, 5.225771663439041 ], [ -74.613993688542465, 5.235964955860761 ], [ -74.610176224086345, 5.238363377607048 ], [ -74.605477806294189, 5.247057656437339 ], [ -74.602541295174092, 5.259349567887061 ], [ -74.60812066630227, 5.271791380695924 ], [ -74.606065108518209, 5.280335758167072 ], [ -74.600045260722013, 5.292028064180221 ], [ -74.597108749601915, 5.301771652524512 ], [ -74.599164307385976, 5.314962972129091 ], [ -74.595640494041859, 5.32200833600881 ], [ -74.589180169577659, 5.354536930942827 ], [ -74.596374621821894, 5.363680913850545 ], [ -74.603128597398111, 5.363231209773118 ], [ -74.610029398530344, 5.372674995399122 ], [ -74.608561142970288, 5.378820951123983 ], [ -74.615021467434502, 5.387964934031703 ], [ -74.610616700754349, 5.393211481601704 ], [ -74.610910351866366, 5.400556648199708 ], [ -74.592850808477777, 5.426489583331437 ], [ -74.596227796265879, 5.435183862161728 ], [ -74.593584936257798, 5.446876168174877 ], [ -74.594759540705837, 5.456319953800882 ], [ -74.592997634033779, 5.470410681560318 ], [ -74.594025412925816, 5.474158215538892 ], [ -74.590354774025698, 5.481953086214324 ], [ -74.580223810661366, 5.49499450445976 ], [ -74.562164267272763, 5.508635528141768 ], [ -74.557612675036623, 5.522126650464632 ], [ -74.551005525016407, 5.53217004152721 ], [ -74.542783293880134, 5.538465898611213 ], [ -74.540434084984057, 5.554505344039508 ], [ -74.536176143859919, 5.551657218215792 ], [ -74.526338831607589, 5.551807119574934 ], [ -74.522815018263486, 5.546710473364075 ], [ -74.515473740463236, 5.546560572004931 ], [ -74.509600718223041, 5.54341264346293 ], [ -74.497414197074647, 5.546560572004931 ], [ -74.491100698166434, 5.553006330448077 ], [ -74.480529258134098, 5.555854456271793 ], [ -74.472307026997825, 5.550907711420076 ], [ -74.463497493637533, 5.552256823652363 ], [ -74.459826854737415, 5.550008303265218 ], [ -74.45263240249318, 5.554355442680364 ], [ -74.443382392464869, 5.546560572004931 ], [ -74.443235566908868, 5.538016194533784 ], [ -74.432957777988534, 5.529771619780923 ], [ -74.428993487976399, 5.512532963479484 ], [ -74.425469674632282, 5.510134541733197 ], [ -74.421064907952143, 5.499641446593192 ], [ -74.416366490159987, 5.497392926206047 ], [ -74.410493467919792, 5.477456045440037 ], [ -74.412549025703868, 5.467562555736602 ], [ -74.418715699056065, 5.462465909525743 ], [ -74.419156175724083, 5.452272617104023 ], [ -74.4226799890682, 5.443728239632875 ] ] ] } },
{ "type": "Feature", "properties": { "Código departamento": "25", "Departamento": "Cundinamarca", "Código municipio": "151", "Municipio": "CÁQUEZA", "DIVIPOLA": "25151" }, "geometry": { "type": "Polygon", "coordinates": [ [ [ -73.903651648591193, 4.441038048325757 ], [ -73.905413555263237, 4.434742191241754 ], [ -73.903064346367174, 4.426647517848035 ], [ -73.904092125259197, 4.417953239017744 ], [ -73.900715137471096, 4.411057776497169 ], [ -73.889262744102709, 4.398765865047449 ], [ -73.888381790766687, 4.392919712040874 ], [ -73.881334164078453, 4.39172050116773 ], [ -73.875607967394274, 4.385574545442871 ], [ -73.883096070750511, 4.382876320978297 ], [ -73.890584174106763, 4.383326025055726 ], [ -73.899981009691061, 4.377180069330865 ], [ -73.895282591898919, 4.361740229339143 ], [ -73.882068291858474, 4.352896049149709 ], [ -73.876782571842313, 4.343302362164562 ], [ -73.889262744102709, 4.345101178474276 ], [ -73.896457196346944, 4.349298416530279 ], [ -73.913488960843509, 4.36114062390257 ], [ -73.918627855303683, 4.367886185064003 ], [ -73.929639772004037, 4.371633719042577 ], [ -73.931695329788113, 4.368036086423147 ], [ -73.946377885388586, 4.361440426620857 ], [ -73.953425512076819, 4.363988749726286 ], [ -73.957096150976938, 4.358592300797141 ], [ -73.971925532133426, 4.354994668177711 ], [ -73.984112053281819, 4.356943385846569 ], [ -73.991893807750074, 4.355144569536853 ], [ -73.99468349331417, 4.357243188564854 ], [ -73.993802539978134, 4.369984804092005 ], [ -73.997766829990269, 4.377329970690009 ], [ -73.998060481102286, 4.392470007963445 ], [ -74.003493026674462, 4.404761919413166 ], [ -73.999822387774344, 4.411807283292885 ], [ -73.99277476108611, 4.413006494166027 ], [ -73.990719203302035, 4.418552844454317 ], [ -73.984993006617856, 4.431444361340609 ], [ -73.986167611065895, 4.439089330656899 ], [ -73.980588239937703, 4.445085385022616 ], [ -73.9802945888257, 4.452730354338907 ], [ -73.973540613249483, 4.457527197831481 ], [ -73.965465207669212, 4.460375323655197 ], [ -73.959004883204997, 4.459176112782052 ], [ -73.950048524288704, 4.453479861134622 ], [ -73.933750887572174, 4.457227395113194 ], [ -73.92156436642378, 4.453779663852907 ], [ -73.917600076411645, 4.439988738811757 ], [ -73.903651648591193, 4.441038048325757 ] ] ] } },
{ "type": "Feature", "properties": { "Código departamento": "25", "Departamento": "Cundinamarca", "Código municipio": "154", "Municipio": "CARMEN DE CARUPA", "DIVIPOLA": "25154" }, "geometry": { "type": "Polygon", "coordinates": [ [ [ -73.867238910702, 5.462016205448314 ], [ -73.882361942970491, 5.457968868751455 ], [ -73.886913535206645, 5.450024096716878 ], [ -73.887794488542667, 5.436532974394015 ], [ -73.875314316282257, 5.43323514449287 ], [ -73.86856034070604, 5.422742049352864 ], [ -73.861219062905803, 5.418544811296861 ], [ -73.860778586237785, 5.410150335184857 ], [ -73.855786517333613, 5.403704576741711 ], [ -73.864742876249906, 5.394260791115705 ], [ -73.858576202897709, 5.387065525876845 ], [ -73.857988900673689, 5.382268682384271 ], [ -73.84242539173718, 5.372375192680836 ], [ -73.839635706173084, 5.367578349188263 ], [ -73.8462428561933, 5.355886043175112 ], [ -73.850500797317451, 5.351988607837396 ], [ -73.848738890645393, 5.345243046675965 ], [ -73.850207146205435, 5.328154291733669 ], [ -73.861659539573807, 5.32665527814224 ], [ -73.87120320071412, 5.321858434649665 ], [ -73.879278606294392, 5.314813070769948 ], [ -73.886619884094628, 5.317061591157091 ], [ -73.890290522994746, 5.307767706890229 ], [ -73.888822267434705, 5.30267106067937 ], [ -73.873992886278216, 5.289479741074792 ], [ -73.867238910702, 5.281534969040215 ], [ -73.881334164078453, 5.272091183414211 ], [ -73.891171476330783, 5.269392958949637 ], [ -73.894401638562883, 5.261598088274204 ], [ -73.899393707467041, 5.25785055429563 ], [ -73.897631800794983, 5.251854499929913 ], [ -73.901449265251117, 5.252304204007342 ], [ -73.90849689193935, 5.24555864284591 ], [ -73.919068331971687, 5.241061602071622 ], [ -73.926262784215922, 5.23536535042419 ], [ -73.925969133103919, 5.229069493340186 ], [ -73.933016759792153, 5.226371268875615 ], [ -73.941532642040428, 5.210781527524749 ], [ -73.952691384296799, 5.205235177236459 ], [ -73.963703300997153, 5.210032020729034 ], [ -73.966199335449232, 5.218126694122753 ], [ -73.970750927685387, 5.222623734897041 ], [ -73.978532682153642, 5.224872255284185 ], [ -73.975742996589545, 5.234465942269332 ], [ -73.971778706577425, 5.238663180325335 ], [ -73.988663645517974, 5.246308149641625 ], [ -73.995417621094191, 5.258450159732203 ], [ -73.986608087733913, 5.266394931766778 ], [ -73.986608087733913, 5.280335758167072 ], [ -73.980441414381701, 5.290828853307077 ], [ -73.980147763269699, 5.29607540087708 ], [ -73.972953311025464, 5.30267106067937 ], [ -73.971631881021409, 5.313463958537661 ], [ -73.974421566585505, 5.319909716980807 ], [ -73.982056495497758, 5.323657250959381 ], [ -73.985873959953878, 5.330252910761671 ], [ -73.997620004434268, 5.33789788007796 ], [ -74.004961282234504, 5.345692750753392 ], [ -74.007163665574581, 5.351988607837396 ], [ -73.999088259994309, 5.367428447829119 ], [ -73.990572377746034, 5.375523121222838 ], [ -73.981469193273739, 5.403554675382568 ], [ -73.972953311025464, 5.419294318092576 ], [ -73.964731079889191, 5.422142443916292 ], [ -73.947552489836625, 5.418095107219433 ], [ -73.947112013168606, 5.42409116158515 ], [ -73.942119944264448, 5.434134552647728 ], [ -73.9253818308799, 5.439980705654302 ], [ -73.912461181951471, 5.43218583497887 ], [ -73.905413555263237, 5.445976760020019 ], [ -73.902036567475136, 5.467112851659174 ], [ -73.902036567475136, 5.459917586420313 ], [ -73.897631800794983, 5.45826867146974 ], [ -73.892933383002841, 5.463215416321458 ], [ -73.881334164078453, 5.469661174764604 ], [ -73.868853991818042, 5.467412654377459 ], [ -73.867238910702, 5.462016205448314 ] ] ] } },
{ "type": "Feature", "properties": { "Código departamento": "25", "Departamento": "Cundinamarca", "Código municipio": "168", "Municipio": "CHAGUANÍ", "DIVIPOLA": "25168" }, "geometry": { "type": "Polygon", "coordinates": [ [ [ -74.552033303908431, 4.964793397171186 ], [ -74.557465849480622, 4.954000499312895 ], [ -74.557906326148625, 4.949053754461176 ], [ -74.564219825056838, 4.939909771553459 ], [ -74.558493628372645, 4.925968945153165 ], [ -74.565834906172881, 4.914876244576587 ], [ -74.565100778392861, 4.903034037204296 ], [ -74.572148405081094, 4.890292421677144 ], [ -74.57684682287325, 4.888943309444859 ], [ -74.590354774025698, 4.890742125754573 ], [ -74.602541295174092, 4.895988673324577 ], [ -74.615315118546505, 4.892690843423432 ], [ -74.619866710782659, 4.887744098571715 ], [ -74.626767511914892, 4.892840744782576 ], [ -74.63234688304307, 4.892540942064289 ], [ -74.64350562529944, 4.896438377402005 ], [ -74.656719925339871, 4.907830880696868 ], [ -74.662886598692069, 4.921022200301448 ], [ -74.667585016484225, 4.922970917970306 ], [ -74.671108829828341, 4.93031608456831 ], [ -74.672723910944399, 4.94050937699003 ], [ -74.691811233225025, 4.951002472130035 ], [ -74.711485857729656, 4.955199710186037 ], [ -74.719708088865929, 4.949953162616034 ], [ -74.724259681102083, 4.951152373489179 ], [ -74.72587476221814, 4.962095172706612 ], [ -74.72910492445024, 4.964643495812044 ], [ -74.7277834944462, 4.977085308620906 ], [ -74.71471601996177, 4.97213856376919 ], [ -74.710311253281617, 4.974387084156334 ], [ -74.706053312157479, 4.982931461627481 ], [ -74.721176344425984, 4.994923570358917 ], [ -74.731160482234301, 4.996722386668632 ], [ -74.726902541110164, 5.006316073653779 ], [ -74.721616821093988, 5.009464002195782 ], [ -74.704731882153439, 5.012312128019498 ], [ -74.699886638805282, 5.008264791322637 ], [ -74.683295350976735, 5.004966961421494 ], [ -74.673017562056401, 4.99567307715463 ], [ -74.659950087571971, 4.993274655408343 ], [ -74.644092927523459, 4.999270709774062 ], [ -74.635283394163167, 5.005266764139779 ], [ -74.629704023034975, 4.999420611133204 ], [ -74.618545280778619, 5.005716468217208 ], [ -74.609001619638306, 5.000619822006349 ], [ -74.590061122913681, 4.997621794823488 ], [ -74.587858739573605, 4.995373274436345 ], [ -74.577287299541268, 4.997321992105204 ], [ -74.568918242848994, 4.994473866281488 ], [ -74.561723790604759, 4.996422583950346 ], [ -74.561870616160761, 4.98233185619091 ], [ -74.557612675036623, 4.970339747459474 ], [ -74.552033303908431, 4.964793397171186 ] ] ] } },
{ "type": "Feature", "properties": { "Código departamento": "25", "Departamento": "Cundinamarca", "Código municipio": "178", "Municipio": "CHIPAQUE", "DIVIPOLA": "25178" }, "geometry": { "type": "Polygon", "coordinates": [ [ [ -74.04827482125593, 4.512690897996083 ], [ -74.046806565695874, 4.50849365994008 ], [ -74.0352073467715, 4.500099183828076 ], [ -74.032124010095401, 4.491554806356928 ], [ -74.025223208963169, 4.486608061505211 ], [ -74.010393827806681, 4.484359541118066 ], [ -73.987782692181938, 4.476414769083491 ], [ -73.984112053281819, 4.474166248696346 ], [ -73.983965227725818, 4.463673153556342 ], [ -73.979560461045679, 4.457377296472338 ], [ -73.973540613249483, 4.457527197831481 ], [ -73.9802945888257, 4.452730354338907 ], [ -73.980588239937703, 4.445085385022616 ], [ -73.986167611065895, 4.439089330656899 ], [ -73.984993006617856, 4.431444361340609 ], [ -73.990719203302035, 4.418552844454317 ], [ -74.002171596670422, 4.425598208334034 ], [ -74.004814456678503, 4.429645545030893 ], [ -74.016854152270895, 4.430395051826609 ], [ -74.02537003451917, 4.426497616488892 ], [ -74.034620044547481, 4.426947320566321 ], [ -74.050330379039991, 4.416903929503744 ], [ -74.058112133508246, 4.407460143877739 ], [ -74.058112133508246, 4.393069613400017 ], [ -74.060608167960325, 4.389771783498872 ], [ -74.052532762380068, 4.362789538853144 ], [ -74.073088340220735, 4.347049896143134 ], [ -74.080429618020986, 4.352146542353995 ], [ -74.084981210257126, 4.336706702362272 ], [ -74.081751048025026, 4.329811239841697 ], [ -74.081457396913009, 4.31976784877912 ], [ -74.085274861369143, 4.310773767230544 ], [ -74.092762964725381, 4.309124852279971 ], [ -74.099370114745597, 4.303278699273396 ], [ -74.10832647366189, 4.303578501991683 ], [ -74.119191564806243, 4.310923668589687 ], [ -74.114199495902085, 4.313471991695116 ], [ -74.112437589230026, 4.325314199067409 ], [ -74.106270915877829, 4.327862522172839 ], [ -74.10568361365381, 4.336406899643985 ], [ -74.098195510297558, 4.345550882551705 ], [ -74.097755033629554, 4.356043977691711 ], [ -74.094378045841438, 4.363389144289715 ], [ -74.097755033629554, 4.379878293795438 ], [ -74.10568361365381, 4.379578491077152 ], [ -74.111262984781987, 4.385874348161155 ], [ -74.11684235591018, 4.404462116694881 ], [ -74.112584414786028, 4.416903929503744 ], [ -74.112143938118024, 4.433093276291182 ], [ -74.10700504365785, 4.44673429997319 ], [ -74.091882011389359, 4.458876310063768 ], [ -74.084981210257126, 4.45647788831748 ], [ -74.076465328008851, 4.462473942683197 ], [ -74.074703421336793, 4.469669207922059 ], [ -74.075143898004811, 4.486308258786925 ], [ -74.071913735772696, 4.51314060207351 ], [ -74.055909750168183, 4.509093265376651 ], [ -74.04827482125593, 4.512690897996083 ] ] ] } },
{ "type": "Feature", "properties": { "Código departamento": "25", "Departamento": "Cundinamarca", "Código municipio": "181", "Municipio": "CHOACHÍ", "DIVIPOLA": "25181" }, "geometry": { "type": "Polygon", "coordinates": [ [ [ -73.792798353807555, 4.637708631521293 ], [ -73.792504702695538, 4.630663267641576 ], [ -73.798230899379732, 4.629613958127574 ], [ -73.801754712723849, 4.619420665705854 ], [ -73.815262663876297, 4.59978358765813 ], [ -73.820842035004475, 4.5961859550387 ], [ -73.827008708356672, 4.584043944948122 ], [ -73.833028556152868, 4.578197791941546 ], [ -73.841691263957159, 4.574000553885544 ], [ -73.845802379525296, 4.567554795442399 ], [ -73.856226994001631, 4.558710615252964 ], [ -73.85740159844967, 4.554513377196963 ], [ -73.868413515150039, 4.54372047933867 ], [ -73.884711151866568, 4.540572550796669 ], [ -73.890730999662765, 4.532327976043807 ], [ -73.89924688191104, 4.530079455656662 ], [ -73.905560380819253, 4.525132710804946 ], [ -73.906588159711276, 4.514040010228368 ], [ -73.903504823035178, 4.507894054503509 ], [ -73.904679427483217, 4.500548887905505 ], [ -73.918040553079663, 4.506544942271222 ], [ -73.925088179767883, 4.50594533683465 ], [ -73.933897713128175, 4.509692870813223 ], [ -73.943588199824489, 4.504146520524935 ], [ -73.951810430960762, 4.50489602732065 ], [ -73.958564406536993, 4.509093265376651 ], [ -73.966199335449232, 4.533377285557807 ], [ -73.972659659913447, 4.539823044000953 ], [ -73.981469193273739, 4.539373339923526 ], [ -73.984258878837835, 4.551065645936675 ], [ -74.005401758902522, 4.560659332921822 ], [ -74.003052550006444, 4.578797397378119 ], [ -74.003493026674462, 4.58599266261698 ], [ -73.994243016646152, 4.60083289717213 ], [ -73.997032702210248, 4.606079444742133 ], [ -73.99527079553819, 4.614174118135852 ], [ -73.987048564401917, 4.627065635022144 ], [ -73.987489041069935, 4.631262873078147 ], [ -73.966639812117251, 4.642205672295581 ], [ -73.961500917657077, 4.652998570153874 ], [ -73.9560683720849, 4.654347682386159 ], [ -73.949901698732702, 4.649400937534442 ], [ -73.944762804272528, 4.641755968218152 ], [ -73.933310410904156, 4.641306264140723 ], [ -73.938008828696312, 4.635160308415863 ], [ -73.94167946759643, 4.622718495606999 ], [ -73.931695329788113, 4.618221454832711 ], [ -73.92156436642378, 4.59978358765813 ], [ -73.912754833063488, 4.591239210186981 ], [ -73.909231019719371, 4.593038026496697 ], [ -73.901596090807118, 4.610726386875563 ], [ -73.893080208558843, 4.619270764346711 ], [ -73.890730999662765, 4.62991376084586 ], [ -73.885592105202591, 4.634710604338435 ], [ -73.873992886278216, 4.639957151908438 ], [ -73.867238910702, 4.64010705326758 ], [ -73.855786517333613, 4.63650942064815 ], [ -73.843453170629218, 4.638158335598722 ], [ -73.836992846165003, 4.636059716570721 ], [ -73.830972998368807, 4.639507447831009 ], [ -73.810270594972124, 4.641006461422438 ], [ -73.802342014947868, 4.636959124725579 ], [ -73.792798353807555, 4.637708631521293 ] ] ] } },
{ "type": "Feature", "properties": { "Código departamento": "25", "Departamento": "Cundinamarca", "Código municipio": "183", "Municipio": "CHOCONTÁ", "DIVIPOLA": "25183" }, "geometry": { "type": "Polygon", "coordinates": [ [ [ -73.536734584135161, 5.132233215333849 ], [ -73.538056014139201, 5.122789429707843 ], [ -73.542754431931357, 5.11244623592698 ], [ -73.550829837511628, 5.108698701948406 ], [ -73.556262383083805, 5.112146433208694 ], [ -73.555675080859785, 5.125787456890701 ], [ -73.563163184216023, 5.137629664262994 ], [ -73.571238589796295, 5.141826902318996 ], [ -73.580635425380606, 5.149471871635286 ], [ -73.59414337653304, 5.148722364839572 ], [ -73.6170481632698, 5.13178351125642 ], [ -73.616020384377762, 5.121290416116413 ], [ -73.624829917738055, 5.113345644081838 ], [ -73.627913254414153, 5.114095150877552 ], [ -73.637750566666469, 5.091609947006112 ], [ -73.648175181142818, 5.075870304296104 ], [ -73.663298213411309, 5.049187862368661 ], [ -73.671814095659585, 5.041992597129799 ], [ -73.670639491211546, 5.033298318299509 ], [ -73.6751910834477, 5.024454138110076 ], [ -73.684734744588013, 5.016959070152928 ], [ -73.688699034600148, 5.00376775054835 ], [ -73.684000616807992, 4.992824951330916 ], [ -73.688552209044133, 4.988178009197484 ], [ -73.687524430152109, 4.983531067064052 ], [ -73.699270474632485, 4.990276628225485 ], [ -73.708226833548778, 5.003018243752636 ], [ -73.71630223912905, 5.004217454625778 ], [ -73.722028435813229, 5.009464002195782 ], [ -73.731278445841539, 5.00586636957635 ], [ -73.737151468081734, 5.013211536174356 ], [ -73.745961001442012, 5.017708576948643 ], [ -73.742290362541894, 5.024454138110076 ], [ -73.748163384782089, 5.027901869370363 ], [ -73.777381670427047, 5.031649403348937 ], [ -73.768278485954752, 5.040643484897513 ], [ -73.760349905930497, 5.051286481396661 ], [ -73.750512593678167, 5.058931450712952 ], [ -73.741996711429891, 5.069874249930385 ], [ -73.750072117010149, 5.078118824683247 ], [ -73.751099895902186, 5.08441468176725 ], [ -73.739353851421797, 5.089211525259825 ], [ -73.738472898085774, 5.096856494576115 ], [ -73.744933222549989, 5.10120363399126 ], [ -73.751393547014203, 5.111097123694694 ], [ -73.750659419234168, 5.114844657673268 ], [ -73.761230859266519, 5.134181933002707 ], [ -73.769012613734773, 5.138529072417852 ], [ -73.769453090402791, 5.14197680367814 ], [ -73.756972918142381, 5.167609936091583 ], [ -73.747869733670086, 5.155917630078434 ], [ -73.733627654737617, 5.15681703823329 ], [ -73.722615738037248, 5.174805201330442 ], [ -73.716449064685051, 5.173755891816442 ], [ -73.713072076896935, 5.187247014139307 ], [ -73.708667310216796, 5.188296323653307 ], [ -73.704849845760677, 5.200438333743885 ], [ -73.689726813492172, 5.216028075094751 ], [ -73.684294267919995, 5.228619789262758 ], [ -73.673135525663639, 5.232367323241331 ], [ -73.661976783407269, 5.24301031974048 ], [ -73.653754552270996, 5.240611897994193 ], [ -73.654488680051017, 5.226071466157328 ], [ -73.651111692262916, 5.22517205800247 ], [ -73.643770414462665, 5.216327877813037 ], [ -73.638337868890488, 5.201187840539601 ], [ -73.627325952190134, 5.187846619575878 ], [ -73.622040232173958, 5.189645435885594 ], [ -73.616167209933764, 5.183949184238162 ], [ -73.608238629909508, 5.18020165025959 ], [ -73.602218782113312, 5.173905793175586 ], [ -73.599869573217234, 5.166710527936725 ], [ -73.589885435408902, 5.168959048323868 ], [ -73.582250506496649, 5.160264769493577 ], [ -73.57593700758845, 5.158316051824719 ], [ -73.572413194244334, 5.164611908908722 ], [ -73.550536186399611, 5.15426871512786 ], [ -73.544075861935397, 5.140777592804995 ], [ -73.536734584135161, 5.132233215333849 ] ] ] } },
{ "type": "Feature", "properties": { "Código departamento": "25", "Departamento": "Cundinamarca", "Código municipio": "200", "Municipio": "COGUA", "DIVIPOLA": "25200" }, "geometry": { "type": "Polygon", "coordinates": [ [ [ -73.906294508599274, 5.132982722129563 ], [ -73.908350066383335, 5.127586273200417 ], [ -73.909671496387389, 5.111247025053838 ], [ -73.914810390847549, 5.103452154378403 ], [ -73.932135806456117, 5.085463991281251 ], [ -73.929786597560039, 5.074071487986388 ], [ -73.931548504232097, 5.062678984691524 ], [ -73.92479452865588, 5.055034015375235 ], [ -73.935659619800234, 5.043491610721229 ], [ -73.949167570952682, 5.036746049559796 ], [ -73.951369954292744, 5.044540920235229 ], [ -73.963850126553154, 5.040043879460941 ], [ -73.971191404353405, 5.043491610721229 ], [ -73.985286657729858, 5.042892005284657 ], [ -73.995564446650206, 5.047239144699803 ], [ -74.014211292262814, 5.048738158291232 ], [ -74.026838290079226, 5.0451405256718 ], [ -74.028453371195283, 5.050986678678375 ], [ -74.023461302291111, 5.054734212656949 ], [ -74.020524791171013, 5.062379181973239 ], [ -74.019937488946994, 5.076020205655246 ], [ -74.009806525582661, 5.086663202154395 ], [ -74.006282712238544, 5.100604028554689 ], [ -74.015973198934873, 5.108099096511835 ], [ -74.00642953779456, 5.1215902188347 ], [ -74.007163665574581, 5.126986667763846 ], [ -74.016120024490874, 5.128485681355275 ], [ -74.02537003451917, 5.133582327566136 ], [ -74.039171636783635, 5.13643045338985 ], [ -74.037556555667578, 5.145874239015856 ], [ -74.045778786803851, 5.158166150465576 ], [ -74.045485135691834, 5.169708555119583 ], [ -74.03388591676746, 5.177503425795016 ], [ -74.025516860075186, 5.180351551618732 ], [ -74.022433523399087, 5.168209541528154 ], [ -74.017881931162933, 5.160264769493577 ], [ -74.001877945558405, 5.164312106190438 ], [ -73.991306505526055, 5.159665164057006 ], [ -73.982790623277779, 5.150521181149286 ], [ -73.976623949925582, 5.149172068917001 ], [ -73.964143777665171, 5.142126705037282 ], [ -73.961207266545074, 5.138678973776995 ], [ -73.943147723156486, 5.128335779996132 ], [ -73.940064386480387, 5.141527099600711 ], [ -73.930667550896075, 5.152020194740715 ], [ -73.919802459751722, 5.142276606396424 ], [ -73.913048484175491, 5.129984694946704 ], [ -73.906294508599274, 5.132982722129563 ] ] ] } },
{ "type": "Feature", "properties": { "Código departamento": "25", "Departamento": "Cundinamarca", "Código municipio": "214", "Municipio": "COTA", "DIVIPOLA": "25214" }, "geometry": { "type": "Polygon", "coordinates": [ [ [ -74.082044699137029, 4.835128721512544 ], [ -74.086008989149164, 4.832880201125399 ], [ -74.07896136246093, 4.822087303267108 ], [ -74.086449465817182, 4.821037993753108 ], [ -74.087036768041202, 4.816091248901391 ], [ -74.079989141352968, 4.808446279585101 ], [ -74.088505023601243, 4.80334963337424 ], [ -74.087183593597203, 4.796154368135379 ], [ -74.0933502669494, 4.790757919206233 ], [ -74.095552650289477, 4.799002493959095 ], [ -74.105243136985791, 4.796753973571952 ], [ -74.108032822549887, 4.788659300178232 ], [ -74.114933623682106, 4.785511371636232 ], [ -74.114493147014102, 4.771420643876795 ], [ -74.11684235591018, 4.761826956891647 ], [ -74.125358238158455, 4.754032086216214 ], [ -74.125358238158455, 4.747286525054782 ], [ -74.130056655950611, 4.746087314181637 ], [ -74.129616179282593, 4.738742147583634 ], [ -74.125945540382475, 4.729598164675914 ], [ -74.137544759306849, 4.730797375549058 ], [ -74.148997152675221, 4.725700729338198 ], [ -74.15677890714349, 4.725400926619913 ], [ -74.150318582679276, 4.729448263316772 ], [ -74.149584454899241, 4.741290470689063 ], [ -74.157806686035514, 4.744288497871923 ], [ -74.162945580495688, 4.749984749519354 ], [ -74.152814617131355, 4.763325970483076 ], [ -74.161036848267628, 4.776067586010226 ], [ -74.156485256031473, 4.785811174354516 ], [ -74.146501118223142, 4.801101112987097 ], [ -74.133286818182711, 4.813992629873389 ], [ -74.118897913694241, 4.815641544823962 ], [ -74.111262984781987, 4.831830891611399 ], [ -74.099076463633594, 4.842024184033119 ], [ -74.094671696953441, 4.848469942476265 ], [ -74.086889942485186, 4.846970928884835 ], [ -74.07763993245689, 4.840675071800832 ], [ -74.082044699137029, 4.835128721512544 ] ] ] } },
{ "type": "Feature", "properties": { "Código departamento": "25", "Departamento": "Cundinamarca", "Código municipio": "224", "Municipio": "CUCUNUBÁ", "DIVIPOLA": "25224" }, "geometry": { "type": "Polygon", "coordinates": [ [ [ -73.684294267919995, 5.228619789262758 ], [ -73.696921265736407, 5.23281702731876 ], [ -73.713953030232972, 5.23176771780476 ], [ -73.718798273581129, 5.228769690621902 ], [ -73.720266529141171, 5.222773636256183 ], [ -73.728195109165441, 5.219026102277611 ], [ -73.732453050289578, 5.220675017228182 ], [ -73.738766549197777, 5.214229258785037 ], [ -73.749484814786129, 5.219475806355038 ], [ -73.752421325906226, 5.223223340333612 ], [ -73.758000697034419, 5.216477779172179 ], [ -73.75946895259446, 5.210181922088176 ], [ -73.773417380414912, 5.195941292969597 ], [ -73.776500717091025, 5.190394942681309 ], [ -73.785310250451303, 5.184248986956448 ], [ -73.794119783811595, 5.182000466569304 ], [ -73.806159479403988, 5.167759837450725 ], [ -73.821869813896512, 5.175105004048729 ], [ -73.832734905040866, 5.171207568711012 ], [ -73.838167450613042, 5.16446200754958 ], [ -73.840810310621123, 5.176903820358445 ], [ -73.83919522950508, 5.184248986956448 ], [ -73.846683332861318, 5.194142476659882 ], [ -73.847123809529336, 5.211680935679605 ], [ -73.834496811712924, 5.213030047911892 ], [ -73.833322207264885, 5.219176003636753 ], [ -73.824659499460594, 5.22307343897447 ], [ -73.827155533912673, 5.233716435473618 ], [ -73.813353931648223, 5.240761799353336 ], [ -73.802635666059871, 5.255002428471916 ], [ -73.804691223843946, 5.259049765168775 ], [ -73.793385656031575, 5.26699453720335 ], [ -73.791476923803515, 5.279586251371357 ], [ -73.765635625946658, 5.298024118545938 ], [ -73.762552289270559, 5.293826880489937 ], [ -73.746695129222047, 5.283483686709073 ], [ -73.739500676977812, 5.275838717392785 ], [ -73.738179246973758, 5.269542860308781 ], [ -73.72878241138946, 5.260698680119346 ], [ -73.733480829181616, 5.252304204007342 ], [ -73.725405423601345, 5.250805190415913 ], [ -73.721587959145225, 5.245408741486767 ], [ -73.71380620467697, 5.249006374106197 ], [ -73.697802219072443, 5.242110911585622 ], [ -73.696627614624404, 5.235964955860761 ], [ -73.684294267919995, 5.228619789262758 ] ] ] } },
{ "type": "Feature", "properties": { "Código departamento": "25", "Departamento": "Cundinamarca", "Código municipio": "245", "Municipio": "EL COLEGIO", "DIVIPOLA": "25245" }, "geometry": { "type": "Polygon", "coordinates": [ [ [ -74.394489482315279, 4.623018298325285 ], [ -74.395664086763318, 4.615223427649853 ], [ -74.393461703423242, 4.602182009404417 ], [ -74.390084715635126, 4.596485757756985 ], [ -74.389203762299104, 4.586142563976122 ], [ -74.384945821174966, 4.579546904173832 ], [ -74.373052951138575, 4.572951244371544 ], [ -74.364096592222282, 4.557211601661534 ], [ -74.373346602250578, 4.54671850652153 ], [ -74.369969614462462, 4.537274720895524 ], [ -74.372171997802539, 4.531728370607236 ], [ -74.378045020042734, 4.528430540706091 ], [ -74.38406486783893, 4.512241193918654 ], [ -74.394342656759264, 4.500099183828076 ], [ -74.396691865655342, 4.502797408292648 ], [ -74.399334725663437, 4.517038037411228 ], [ -74.404767271235613, 4.521535078185516 ], [ -74.41284267681587, 4.522734289058659 ], [ -74.428112534640377, 4.51209129255951 ], [ -74.430168092424438, 4.502047901496934 ], [ -74.44088635801279, 4.502797408292648 ], [ -74.448374461369042, 4.507144547707793 ], [ -74.461588761409473, 4.497550860722645 ], [ -74.469370515877728, 4.496951255286073 ], [ -74.465259400309591, 4.501298394701219 ], [ -74.466287179201629, 4.514939418383226 ], [ -74.463937970305551, 4.528580442065233 ], [ -74.470104643657749, 4.533677088276094 ], [ -74.479354653686059, 4.531578469248092 ], [ -74.487283233710315, 4.534276693712665 ], [ -74.497414197074647, 4.54117215623324 ], [ -74.490366570386414, 4.545069591570956 ], [ -74.485521327038256, 4.559610023407822 ], [ -74.489191965938375, 4.568454203597255 ], [ -74.477592747014, 4.575499567476974 ], [ -74.471426073661789, 4.585093254462122 ], [ -74.46511257475359, 4.586892070771836 ], [ -74.445437950248945, 4.597684968630129 ], [ -74.436187940220634, 4.599183982221558 ], [ -74.423414116848221, 4.609826978720707 ], [ -74.419596652392102, 4.618221454832711 ], [ -74.413723630151907, 4.622718495606999 ], [ -74.403592666787574, 4.625716522789857 ], [ -74.394489482315279, 4.623018298325285 ] ] ] } },
{ "type": "Feature", "properties": { "Código departamento": "25", "Departamento": "Cundinamarca", "Código municipio": "258", "Municipio": "EL PEÑÓN", "DIVIPOLA": "25258" }, "geometry": { "type": "Polygon", "coordinates": [ [ [ -74.249279007426509, 5.276738125547641 ], [ -74.246929798530431, 5.262497496429062 ], [ -74.250306786318546, 5.24960597954277 ], [ -74.249132181870507, 5.239562588480193 ], [ -74.256913936338762, 5.228919591981044 ], [ -74.272624270831272, 5.229819000135902 ], [ -74.27497347972735, 5.227270677030471 ], [ -74.284517140867663, 5.23641465993819 ], [ -74.289656035327837, 5.232217421882189 ], [ -74.285104443091683, 5.227870282467044 ], [ -74.287747303099778, 5.218726299559324 ], [ -74.285544919759701, 5.213629653348463 ], [ -74.290243337551857, 5.202087248694458 ], [ -74.29596953423605, 5.19354287122331 ], [ -74.300667952028192, 5.192343660350168 ], [ -74.310798915392525, 5.202237150053601 ], [ -74.320489402088853, 5.195191786173882 ], [ -74.335025132133325, 5.196690799765313 ], [ -74.340164026593499, 5.200288432384743 ], [ -74.343100537713582, 5.20478547315903 ], [ -74.350294989957831, 5.201187840539601 ], [ -74.359544999986127, 5.204635571799888 ], [ -74.36967596335046, 5.199988629666456 ], [ -74.361160081102184, 5.221874228101325 ], [ -74.362334685550223, 5.237763772170477 ], [ -74.355140233305988, 5.242410714303909 ], [ -74.35528705886199, 5.255901836626772 ], [ -74.340751328817518, 5.253653316239629 ], [ -74.339429898813464, 5.263846608661349 ], [ -74.340017201037483, 5.277337730984214 ], [ -74.337374341029403, 5.280335758167072 ], [ -74.335612434357344, 5.291278557384506 ], [ -74.345302921053658, 5.304170074270799 ], [ -74.354406105525953, 5.305818989221371 ], [ -74.359838651098144, 5.309566523199945 ], [ -74.363215638886246, 5.32200833600881 ], [ -74.35792991887007, 5.331452121634814 ], [ -74.347652129949736, 5.328753897170242 ], [ -74.328417982113109, 5.339846597746818 ], [ -74.323132262096934, 5.334600050176816 ], [ -74.317112414300738, 5.322158237367952 ], [ -74.31226717095258, 5.319310111544236 ], [ -74.309624310944486, 5.311065536791374 ], [ -74.304191765372309, 5.305669087862229 ], [ -74.293179848671954, 5.302820962038512 ], [ -74.289656035327837, 5.309716424559087 ], [ -74.281727455303582, 5.309716424559087 ], [ -74.274826654171349, 5.317061591157091 ], [ -74.262786958578957, 5.315262774847377 ], [ -74.259556796346857, 5.300872244369654 ], [ -74.255298855222705, 5.293676979130793 ], [ -74.254271076330681, 5.280035955448786 ], [ -74.249279007426509, 5.276738125547641 ] ] ] } },
{ "type": "Feature", "properties": { "Código departamento": "25", "Departamento": "Cundinamarca", "Código municipio": "269", "Municipio": "FACATATIVÁ", "DIVIPOLA": "25269" }, "geometry": { "type": "Polygon", "coordinates": [ [ [ -74.322544959872914, 4.886095183621143 ], [ -74.324747343212991, 4.88339695915657 ], [ -74.315350507628679, 4.873503469453136 ], [ -74.310798915392525, 4.87530228576285 ], [ -74.300374300916189, 4.869156330037991 ], [ -74.292005244223915, 4.87425297624885 ], [ -74.284370315311662, 4.875452187121994 ], [ -74.273358398611308, 4.859262840334556 ], [ -74.268072678595132, 4.847870337039693 ], [ -74.264842516363018, 4.830181976660827 ], [ -74.260437749682879, 4.823136612781108 ], [ -74.267044899703095, 4.815491643464818 ], [ -74.264548865251015, 4.809795391817388 ], [ -74.272477445275271, 4.790158313769662 ], [ -74.281140153079562, 4.786710582509374 ], [ -74.295235406456015, 4.793006439593378 ], [ -74.302136207588248, 4.801700718423668 ], [ -74.307568753160425, 4.788809201537375 ], [ -74.316525112076718, 4.782663245812516 ], [ -74.327390203221071, 4.768572518053079 ], [ -74.32783067988909, 4.764675082715363 ], [ -74.346771176613714, 4.762726365046505 ], [ -74.342072758821558, 4.775767783291939 ], [ -74.346477525501697, 4.780564626784513 ], [ -74.358223569982087, 4.783262851249087 ], [ -74.363949766666266, 4.788659300178232 ], [ -74.38024740338281, 4.795854565417094 ], [ -74.380100577826795, 4.799002493959095 ], [ -74.394636307871281, 4.803649436092527 ], [ -74.395957737875321, 4.816091248901391 ], [ -74.400656155667477, 4.821937401907966 ], [ -74.406822829019674, 4.835428524230829 ], [ -74.410933944587811, 4.839925565005118 ], [ -74.418128396832046, 4.834529116075973 ], [ -74.420624431284125, 4.838726354131974 ], [ -74.413723630151907, 4.841424578596548 ], [ -74.410493467919792, 4.858963037616271 ], [ -74.419890303504104, 4.866458105573417 ], [ -74.419303001280085, 4.876351595276852 ], [ -74.40887838680375, 4.881748044205998 ], [ -74.403005364563555, 4.880548833332853 ], [ -74.393021226755224, 4.876951200713424 ], [ -74.385533123398986, 4.871404850425134 ], [ -74.373640253362595, 4.871254949065992 ], [ -74.365124371114305, 4.886544887698572 ], [ -74.355433884417991, 4.887893999930857 ], [ -74.357048965534048, 4.894039955655718 ], [ -74.350001338845814, 4.89568887060629 ], [ -74.334878306577323, 4.894789462451434 ], [ -74.322544959872914, 4.886095183621143 ] ] ] } },
{ "type": "Feature", "properties": { "Código departamento": "25", "Departamento": "Cundinamarca", "Código municipio": "279", "Municipio": "FÓMEQUE", "DIVIPOLA": "25279" }, "geometry": { "type": "Polygon", "coordinates": [ [ [ -73.668730758983486, 4.539972945360097 ], [ -73.674603781223681, 4.533377285557807 ], [ -73.685762523480051, 4.529779652938378 ], [ -73.691341894608229, 4.517337840129513 ], [ -73.702941113532603, 4.518087346925229 ], [ -73.71380620467697, 4.515089319742368 ], [ -73.722468912481247, 4.503097211010934 ], [ -73.727607806941421, 4.502647506933505 ], [ -73.733187178069599, 4.488256976455783 ], [ -73.734068131405621, 4.470718517436059 ], [ -73.738326072529773, 4.460525225014339 ], [ -73.745373699217993, 4.455278677444336 ], [ -73.755211011470323, 4.461874337246626 ], [ -73.764167370386616, 4.449732327156048 ], [ -73.769746741514794, 4.451830946184049 ], [ -73.783254692667242, 4.448233313564619 ], [ -73.792504702695538, 4.4411879496849 ], [ -73.79867137604775, 4.43099465726318 ], [ -73.806893607184008, 4.422150477073747 ], [ -73.811592024976164, 4.401763892230307 ], [ -73.808802339412082, 4.395917739223733 ], [ -73.81819917499638, 4.400264878638878 ], [ -73.823484895012555, 4.398915766406591 ], [ -73.844921426189259, 4.406860538441168 ], [ -73.853730959549551, 4.402363497666879 ], [ -73.856080168445629, 4.39726685145602 ], [ -73.872524630718161, 4.382276715541725 ], [ -73.875607967394274, 4.385574545442871 ], [ -73.881334164078453, 4.39172050116773 ], [ -73.888381790766687, 4.392919712040874 ], [ -73.889262744102709, 4.398765865047449 ], [ -73.900715137471096, 4.411057776497169 ], [ -73.904092125259197, 4.417953239017744 ], [ -73.903064346367174, 4.426647517848035 ], [ -73.905413555263237, 4.434742191241754 ], [ -73.903651648591193, 4.441038048325757 ], [ -73.904532601927215, 4.457527197831481 ], [ -73.90056831191508, 4.459775718218626 ], [ -73.901596090807118, 4.46817019433063 ], [ -73.907615938603314, 4.474016347337204 ], [ -73.911873879727452, 4.488256976455783 ], [ -73.910552449723411, 4.493953228103215 ], [ -73.904679427483217, 4.500548887905505 ], [ -73.903504823035178, 4.507894054503509 ], [ -73.906588159711276, 4.514040010228368 ], [ -73.905560380819253, 4.525132710804946 ], [ -73.89924688191104, 4.530079455656662 ], [ -73.890730999662765, 4.532327976043807 ], [ -73.884711151866568, 4.540572550796669 ], [ -73.868413515150039, 4.54372047933867 ], [ -73.85740159844967, 4.554513377196963 ], [ -73.856226994001631, 4.558710615252964 ], [ -73.845802379525296, 4.567554795442399 ], [ -73.841691263957159, 4.574000553885544 ], [ -73.833028556152868, 4.578197791941546 ], [ -73.827008708356672, 4.584043944948122 ], [ -73.820842035004475, 4.5961859550387 ], [ -73.815262663876297, 4.59978358765813 ], [ -73.801754712723849, 4.619420665705854 ], [ -73.798230899379732, 4.629613958127574 ], [ -73.792504702695538, 4.630663267641576 ], [ -73.792798353807555, 4.637708631521293 ], [ -73.792651528251554, 4.653748076949587 ], [ -73.794560260479614, 4.663191862575593 ], [ -73.791476923803515, 4.669038015582168 ], [ -73.793092004919558, 4.681180025672746 ], [ -73.780171355991143, 4.68747588275675 ], [ -73.766957055950712, 4.688675093629892 ], [ -73.754623709246303, 4.677882195771601 ], [ -73.745226873661991, 4.680430518877031 ], [ -73.745373699217993, 4.67068693053274 ], [ -73.738032421417756, 4.661842750343307 ], [ -73.717183192465072, 4.643254981809583 ], [ -73.714099855788973, 4.642955179091296 ], [ -73.709695089108834, 4.631562675796432 ], [ -73.704996671316678, 4.62991376084586 ], [ -73.700445079080524, 4.623468002402714 ], [ -73.701472857972561, 4.618071553473569 ], [ -73.697802219072443, 4.612675104544423 ], [ -73.695893486844383, 4.602481812122703 ], [ -73.699123649076483, 4.58854098572241 ], [ -73.699417300188486, 4.570552822625257 ], [ -73.696187137956386, 4.561109036999251 ], [ -73.685468872368034, 4.552714560887247 ], [ -73.67651251345174, 4.54776781603553 ], [ -73.668730758983486, 4.539972945360097 ] ] ] } },
{ "type": "Feature", "properties": { "Código departamento": "25", "Departamento": "Cundinamarca", "Código municipio": "281", "Municipio": "FOSCA", "DIVIPOLA": "25281" }, "geometry": { "type": "Polygon", "coordinates": [ [ [ -73.896457196346944, 4.349298416530279 ], [ -73.888969092990706, 4.339854630904274 ], [ -73.903504823035178, 4.321416763729693 ], [ -73.904973078595233, 4.309274753639115 ], [ -73.907762764159315, 4.305527219660541 ], [ -73.911580228615449, 4.293085406851676 ], [ -73.906441334155275, 4.286189944331102 ], [ -73.903798474147194, 4.272848723367381 ], [ -73.901008788583098, 4.270600202980236 ], [ -73.919068331971687, 4.264604148614519 ], [ -73.935219143132215, 4.270600202980236 ], [ -73.946084234276583, 4.267602175797378 ], [ -73.950489000956722, 4.275247145113666 ], [ -73.96854854434531, 4.26880138667052 ], [ -73.973540613249483, 4.271199808416807 ], [ -73.97897315882166, 4.286189944331102 ], [ -73.986167611065895, 4.284990733457959 ], [ -73.992627935530109, 4.292635702774247 ], [ -73.998941434438308, 4.293685012288248 ], [ -74.007457316686583, 4.291286590541961 ], [ -74.014651768930818, 4.284690930739672 ], [ -74.023754953403127, 4.293085406851676 ], [ -74.031977184539386, 4.296982842189393 ], [ -74.042842275683753, 4.296683039471108 ], [ -74.044604182355812, 4.302978896555111 ], [ -74.019643837834991, 4.307925641406828 ], [ -74.008925572246639, 4.313471991695116 ], [ -74.002612073338426, 4.324714593630836 ], [ -74.003786677786465, 4.32951143712341 ], [ -73.999235085550325, 4.336107096925701 ], [ -73.989397773297995, 4.343901967601133 ], [ -73.994243016646152, 4.348099205657136 ], [ -73.991893807750074, 4.355144569536853 ], [ -73.984112053281819, 4.356943385846569 ], [ -73.971925532133426, 4.354994668177711 ], [ -73.957096150976938, 4.358592300797141 ], [ -73.953425512076819, 4.363988749726286 ], [ -73.946377885388586, 4.361440426620857 ], [ -73.931695329788113, 4.368036086423147 ], [ -73.929639772004037, 4.371633719042577 ], [ -73.918627855303683, 4.367886185064003 ], [ -73.913488960843509, 4.36114062390257 ], [ -73.896457196346944, 4.349298416530279 ] ] ] } },
{ "type": "Feature", "properties": { "Código departamento": "25", "Departamento": "Cundinamarca", "Código municipio": "286", "Municipio": "FUNZA", "DIVIPOLA": "25286" }, "geometry": { "type": "Polygon", "coordinates": [ [ [ -74.162945580495688, 4.749984749519354 ], [ -74.157806686035514, 4.744288497871923 ], [ -74.149584454899241, 4.741290470689063 ], [ -74.150318582679276, 4.729448263316772 ], [ -74.15677890714349, 4.725400926619913 ], [ -74.16059637159961, 4.720004477690767 ], [ -74.172195590523984, 4.711310198860477 ], [ -74.169699556071905, 4.698568583333325 ], [ -74.172342416079999, 4.69617016158704 ], [ -74.176013054980118, 4.694821049354753 ], [ -74.182913856112336, 4.699318090129041 ], [ -74.200826573944923, 4.697968977896754 ], [ -74.209929758417218, 4.701116906438757 ], [ -74.216536908437448, 4.708761875755045 ], [ -74.216536908437448, 4.712959113811048 ], [ -74.232247242929958, 4.736943331273918 ], [ -74.2272551740258, 4.742489681562208 ], [ -74.239441695174193, 4.752083368547356 ], [ -74.245608368526391, 4.754331888934499 ], [ -74.244580589634353, 4.76812281397565 ], [ -74.232100417373957, 4.782363443094229 ], [ -74.224612314017705, 4.797203677649381 ], [ -74.218298815109506, 4.793755946389093 ], [ -74.216390082881432, 4.777116895524226 ], [ -74.200679748388922, 4.79210703143852 ], [ -74.195100377260744, 4.785361470277087 ], [ -74.195834505040764, 4.777716500960797 ], [ -74.191576563916627, 4.76962182756708 ], [ -74.180858298328275, 4.773819065623081 ], [ -74.172489241636001, 4.773519262904796 ], [ -74.169846381627906, 4.761976858250789 ], [ -74.162945580495688, 4.749984749519354 ] ] ] } },
{ "type": "Feature", "properties": { "Código departamento": "25", "Departamento": "Cundinamarca", "Código municipio": "288", "Municipio": "FÚQUENE", "DIVIPOLA": "25288" }, "geometry": { "type": "Polygon", "coordinates": [ [ [ -73.71953240136115, 5.458868276906313 ], [ -73.725111772489328, 5.450623702153451 ], [ -73.736710991413716, 5.440430409731731 ], [ -73.746841954778048, 5.440430409731731 ], [ -73.743611792545948, 5.434884059443442 ], [ -73.742143536985893, 5.422742049352864 ], [ -73.743464966989933, 5.410749940621428 ], [ -73.749191163674126, 5.404304182178282 ], [ -73.756972918142381, 5.383617794616558 ], [ -73.767984834842736, 5.367428447829119 ], [ -73.77444515930695, 5.36233180161826 ], [ -73.774004682638932, 5.35108919968254 ], [ -73.776500717091025, 5.341045808619962 ], [ -73.780611832659162, 5.339097090951104 ], [ -73.792064226027534, 5.359183873076257 ], [ -73.79734994604371, 5.362781505695689 ], [ -73.800873759387812, 5.370426475011977 ], [ -73.809536467192103, 5.369527066857121 ], [ -73.817905523884377, 5.375373219863696 ], [ -73.825246801684614, 5.374323910349694 ], [ -73.81496901276428, 5.390213454418846 ], [ -73.815556314988299, 5.39605960742542 ], [ -73.80058010827581, 5.409550729748285 ], [ -73.791476923803515, 5.424690767021722 ], [ -73.794707086035615, 5.43533376352087 ], [ -73.780465007103146, 5.458868276906313 ], [ -73.775913414867006, 5.461866304089171 ], [ -73.770187218182812, 5.472209497870034 ], [ -73.743464966989933, 5.471010286996891 ], [ -73.734949084741658, 5.47250930058832 ], [ -73.728341934721442, 5.479104960390608 ], [ -73.717917320245107, 5.476256834566892 ], [ -73.717330018021073, 5.46591364078603 ], [ -73.71953240136115, 5.458868276906313 ] ] ] } },
{ "type": "Feature", "properties": { "Código departamento": "25", "Departamento": "Cundinamarca", "Código municipio": "293", "Municipio": "GACHALÁ", "DIVIPOLA": "25293" }, "geometry": { "type": "Polygon", "coordinates": [ [ [ -73.371849484741759, 4.800801310268811 ], [ -73.357754231365291, 4.794955157262236 ], [ -73.352762162461133, 4.795854565417094 ], [ -73.341016117980743, 4.791357524642806 ], [ -73.333821665736508, 4.78850939881909 ], [ -73.324424830152196, 4.779665218629655 ], [ -73.324865306820215, 4.775617881932797 ], [ -73.34512723354888, 4.76707350446165 ], [ -73.354230418021174, 4.765274688151934 ], [ -73.36876614806566, 4.772619854749938 ], [ -73.375960600309895, 4.767373307179935 ], [ -73.384329657002169, 4.758529126990502 ], [ -73.387266168122267, 4.742789484280494 ], [ -73.390936807022385, 4.735744120400775 ], [ -73.385210610338191, 4.730497572830772 ], [ -73.38183362255009, 4.718205661381051 ], [ -73.384036005890152, 4.7044147363399 ], [ -73.396956654818581, 4.694521246636467 ], [ -73.403416979282795, 4.678631702567315 ], [ -73.412373338199089, 4.666339791117594 ], [ -73.423972557123463, 4.659294427237877 ], [ -73.443647181628108, 4.644154389964439 ], [ -73.451428936096363, 4.643554784527868 ], [ -73.460532120568672, 4.638907842394437 ], [ -73.469488479484966, 4.630813169000718 ], [ -73.48108769840934, 4.606529148819562 ], [ -73.484464686197441, 4.5972352645527 ], [ -73.496063905121829, 4.596935461834414 ], [ -73.50531391515014, 4.591089308827839 ], [ -73.51177423961434, 4.576249074272687 ], [ -73.517353610742532, 4.570852625343542 ], [ -73.519996470750613, 4.564406866900396 ], [ -73.53409172412708, 4.547168210598959 ], [ -73.543048083043374, 4.548517322831244 ], [ -73.555381429747769, 4.545819098366672 ], [ -73.563016358660022, 4.53652521409981 ], [ -73.568155253120196, 4.525132710804946 ], [ -73.58107590204861, 4.543870380697814 ], [ -73.593556074309021, 4.545219492930101 ], [ -73.602218782113312, 4.549116928267817 ], [ -73.607504502129487, 4.556012390788392 ], [ -73.614258477705704, 4.555562686710963 ], [ -73.621893406617957, 4.562458149231538 ], [ -73.631583893314271, 4.558260911175535 ], [ -73.642008507790607, 4.546868407880672 ], [ -73.6477347044748, 4.557511404379821 ], [ -73.643183112238646, 4.566505485928396 ], [ -73.64509184446672, 4.572951244371544 ], [ -73.643623588906664, 4.587491676208409 ], [ -73.641421205566587, 4.589890097954696 ], [ -73.641274380010586, 4.601282601249559 ], [ -73.644651367798701, 4.605329937946418 ], [ -73.642889461126643, 4.61312480862185 ], [ -73.638484694446504, 4.617771750755282 ], [ -73.636722787774431, 4.625416720071573 ], [ -73.626885475522116, 4.642055770936438 ], [ -73.622774359953979, 4.645653403555868 ], [ -73.623508487734, 4.659294427237877 ], [ -73.617929116605822, 4.662892059857307 ], [ -73.616167209933764, 4.668288508786453 ], [ -73.601631479889292, 4.66259225713902 ], [ -73.591206865412943, 4.66409127073045 ], [ -73.577552088704493, 4.659894032674448 ], [ -73.568302078676197, 4.661393046265878 ], [ -73.56154810309998, 4.679231308003888 ], [ -73.557877464199862, 4.684178052855605 ], [ -73.562869533104021, 4.69212282489018 ], [ -73.560520324207943, 4.704864440417329 ], [ -73.550095709731607, 4.706813158086187 ], [ -73.541579827483318, 4.714458127402477 ], [ -73.534825851907101, 4.715807239634764 ], [ -73.521905202978672, 4.713708620606764 ], [ -73.518675040746572, 4.716256943712193 ], [ -73.500615497357984, 4.717905858662765 ], [ -73.495182951785807, 4.722552800796197 ], [ -73.486079767313498, 4.726000532056484 ], [ -73.478885315069263, 4.726150433415627 ], [ -73.468754351704931, 4.737093232633062 ], [ -73.448932901644284, 4.73904195030192 ], [ -73.436305903827872, 4.748335834568782 ], [ -73.427936847135598, 4.744438399231066 ], [ -73.414869372651168, 4.751333861751641 ], [ -73.410758257083032, 4.762426562328218 ], [ -73.413254291535111, 4.768572518053079 ], [ -73.403270153726794, 4.772020249313367 ], [ -73.39680982926258, 4.777566599601655 ], [ -73.394754271478504, 4.784911766199659 ], [ -73.388000295902287, 4.79105772192452 ], [ -73.382127273662093, 4.799602099395668 ], [ -73.371849484741759, 4.800801310268811 ] ] ] } },
{ "type": "Feature", "properties": { "Código departamento": "25", "Departamento": "Cundinamarca", "Código municipio": "295", "Municipio": "GACHANCIPÁ", "DIVIPOLA": "25295" }, "geometry": { "type": "Polygon", "coordinates": [ [ [ -73.870909549602118, 5.047389046058945 ], [ -73.858429377341707, 5.036146444123225 ], [ -73.85549286622161, 5.035996542764081 ], [ -73.853437308437535, 5.02520364490579 ], [ -73.838167450613042, 5.015759859279785 ], [ -73.844480949521241, 5.006016270935494 ], [ -73.845508728413279, 5.001069526083778 ], [ -73.855933342889628, 4.989377220070627 ], [ -73.867679387370003, 4.978884124930622 ], [ -73.868413515150039, 4.973037971924048 ], [ -73.874139711834218, 4.963294383579757 ], [ -73.885298454090588, 4.966592213480902 ], [ -73.892199255222806, 4.973637577360619 ], [ -73.898365928575018, 4.975586295029477 ], [ -73.890730999662765, 4.985779587451197 ], [ -73.907469113047313, 5.016809168793785 ], [ -73.905854031931256, 5.021156308208931 ], [ -73.912461181951471, 5.027901869370363 ], [ -73.894988940786902, 5.042742103925513 ], [ -73.888969092990706, 5.045440328390087 ], [ -73.870909549602118, 5.047389046058945 ] ] ] } },
{ "type": "Feature", "properties": { "Código departamento": "25", "Departamento": "Cundinamarca", "Código municipio": "297", "Municipio": "GACHETÁ", "DIVIPOLA": "25297" }, "geometry": { "type": "Polygon", "coordinates": [ [ [ -73.542313955263339, 4.913976836421729 ], [ -73.53864331636322, 4.896588278761148 ], [ -73.532770294123026, 4.891191829832002 ], [ -73.524548062986767, 4.892241139346003 ], [ -73.520583772974632, 4.878899918382282 ], [ -73.520877424086649, 4.86510899334113 ], [ -73.527190922994848, 4.864359486545417 ], [ -73.538056014139201, 4.849519251990265 ], [ -73.536881409691162, 4.839325959568545 ], [ -73.538056014139201, 4.831231286174828 ], [ -73.545984594163457, 4.813393024436817 ], [ -73.543929036379396, 4.796154368135379 ], [ -73.554500476411746, 4.791357524642806 ], [ -73.575202879808415, 4.796454170853665 ], [ -73.590472737632922, 4.795254959980523 ], [ -73.59414337653304, 4.78746008930509 ], [ -73.591060039856941, 4.779365415911371 ], [ -73.600603700997254, 4.786410779791088 ], [ -73.613230698813666, 4.787909793382517 ], [ -73.623508487734, 4.795105058621378 ], [ -73.627619603302136, 4.799152395318239 ], [ -73.63525453221439, 4.811594208127102 ], [ -73.640099775562547, 4.813842728514246 ], [ -73.644651367798701, 4.820438388316535 ], [ -73.652873598934974, 4.818039966570249 ], [ -73.658159318951135, 4.82013858559825 ], [ -73.660068051179209, 4.826734245400538 ], [ -73.664913294527366, 4.830032075301683 ], [ -73.682091884579933, 4.817740163851963 ], [ -73.695746661288368, 4.818789473365963 ], [ -73.707933182436776, 4.829582371224254 ], [ -73.715861762461032, 4.833779609280257 ], [ -73.724377644709307, 4.832880201125399 ], [ -73.722175261369244, 4.842174085392261 ], [ -73.714687158012993, 4.850268758785981 ], [ -73.714099855788973, 4.856714517229126 ], [ -73.696921265736407, 4.852217476454839 ], [ -73.693837929060308, 4.860012347130271 ], [ -73.697214916848424, 4.874103074889708 ], [ -73.700298253524522, 4.879199721100568 ], [ -73.697949044628444, 4.883846663233999 ], [ -73.703528415756622, 4.890742125754573 ], [ -73.691341894608229, 4.899886108662293 ], [ -73.695012533508347, 4.906631669823725 ], [ -73.694425231284328, 4.912178020112013 ], [ -73.701766509084564, 4.918923581273446 ], [ -73.685175221256031, 4.93391371718774 ], [ -73.677393466787777, 4.931815098159739 ], [ -73.670786316767561, 4.935262829420027 ], [ -73.665353771195385, 4.941108982426601 ], [ -73.654782331163034, 4.946355529996604 ], [ -73.642742635570642, 4.947254938151462 ], [ -73.635548183326392, 4.956249019700038 ], [ -73.625417219962074, 4.956099118340895 ], [ -73.617194988825801, 4.961045863192612 ], [ -73.61895689549786, 4.956398921059182 ], [ -73.614258477705704, 4.949953162616034 ], [ -73.613083873257665, 4.936911744370598 ], [ -73.610147362137567, 4.928217465540308 ], [ -73.603540212117352, 4.924170128843449 ], [ -73.601484654333291, 4.918024173118588 ], [ -73.593115597641003, 4.918473877196017 ], [ -73.588417179848861, 4.915925554090587 ], [ -73.566246520892122, 4.915026145935729 ], [ -73.55361952307571, 4.913377230985158 ], [ -73.542313955263339, 4.913976836421729 ] ] ] } },
{ "type": "Feature", "properties": { "Código departamento": "25", "Departamento": "Cundinamarca", "Código municipio": "299", "Municipio": "GAMA", "DIVIPOLA": "25299" }, "geometry": { "type": "Polygon", "coordinates": [ [ [ -73.591060039856941, 4.779365415911371 ], [ -73.582397332052665, 4.77172044659508 ], [ -73.575496530920432, 4.761976858250789 ], [ -73.573587798692373, 4.753732283497928 ], [ -73.568448904232199, 4.747286525054782 ], [ -73.569476683124236, 4.741740174766492 ], [ -73.564190963108061, 4.730947276908201 ], [ -73.557730638643847, 4.729448263316772 ], [ -73.546865547499493, 4.722103096718768 ], [ -73.536147281911141, 4.719704674972481 ], [ -73.534825851907101, 4.715807239634764 ], [ -73.541579827483318, 4.714458127402477 ], [ -73.550095709731607, 4.706813158086187 ], [ -73.560520324207943, 4.704864440417329 ], [ -73.562869533104021, 4.69212282489018 ], [ -73.557877464199862, 4.684178052855605 ], [ -73.56154810309998, 4.679231308003888 ], [ -73.568302078676197, 4.661393046265878 ], [ -73.577552088704493, 4.659894032674448 ], [ -73.591206865412943, 4.66409127073045 ], [ -73.601631479889292, 4.66259225713902 ], [ -73.616167209933764, 4.668288508786453 ], [ -73.623508487734, 4.687625784115892 ], [ -73.629675161086212, 4.693322035763324 ], [ -73.63466722999037, 4.708761875755045 ], [ -73.638484694446504, 4.711460100219619 ], [ -73.648175181142818, 4.710410790705619 ], [ -73.65155216893092, 4.712509409733619 ], [ -73.653754552270996, 4.720753984486481 ], [ -73.651258517818917, 4.734395008168488 ], [ -73.647294227806782, 4.744888103308495 ], [ -73.641861682234605, 4.747736229132211 ], [ -73.639659298894529, 4.764824984074505 ], [ -73.631730718870273, 4.776367388728512 ], [ -73.632464846650294, 4.779815119988799 ], [ -73.626298173298096, 4.78746008930509 ], [ -73.623508487734, 4.795105058621378 ], [ -73.613230698813666, 4.787909793382517 ], [ -73.600603700997254, 4.786410779791088 ], [ -73.591060039856941, 4.779365415911371 ] ] ] } },
{ "type": "Feature", "properties": { "Código departamento": "25", "Departamento": "Cundinamarca", "Código municipio": "312", "Municipio": "GRANADA", "DIVIPOLA": "25312" }, "geometry": { "type": "Polygon", "coordinates": [ [ [ -74.303751288704305, 4.554963081274392 ], [ -74.296703662016071, 4.549416730986102 ], [ -74.290390163107858, 4.54881712554953 ], [ -74.292739372003936, 4.524982809445803 ], [ -74.282461583083602, 4.525882217600661 ], [ -74.285691745315702, 4.514489714305797 ], [ -74.283636187531641, 4.512391095277796 ], [ -74.28671952420774, 4.504746125961506 ], [ -74.292445720891934, 4.500548887905505 ], [ -74.294060802007976, 4.507894054503509 ], [ -74.300374300916189, 4.511191884404652 ], [ -74.30301716092427, 4.503696816447506 ], [ -74.308302880940445, 4.501148493342076 ], [ -74.322838610984931, 4.500698789264647 ], [ -74.326068773217031, 4.496801353926931 ], [ -74.343687839937616, 4.496501551208644 ], [ -74.361600557770203, 4.493953228103215 ], [ -74.374668032254618, 4.496501551208644 ], [ -74.388763285631086, 4.494402932180644 ], [ -74.398600597883402, 4.491404904997785 ], [ -74.394342656759264, 4.500099183828076 ], [ -74.38406486783893, 4.512241193918654 ], [ -74.378045020042734, 4.528430540706091 ], [ -74.372171997802539, 4.531728370607236 ], [ -74.369969614462462, 4.537274720895524 ], [ -74.373346602250578, 4.54671850652153 ], [ -74.364096592222282, 4.557211601661534 ], [ -74.361306906658186, 4.559460122048679 ], [ -74.342513235489577, 4.551215547295818 ], [ -74.333263225461266, 4.551665251373247 ], [ -74.324747343212991, 4.549416730986102 ], [ -74.320342576532838, 4.553014363605533 ], [ -74.315644158740696, 4.550016336422673 ], [ -74.305806846488366, 4.549416730986102 ], [ -74.303751288704305, 4.554963081274392 ] ] ] } },
{ "type": "Feature", "properties": { "Código departamento": "25", "Departamento": "Cundinamarca", "Código municipio": "317", "Municipio": "GUACHETÁ", "DIVIPOLA": "25317" }, "geometry": { "type": "Polygon", "coordinates": [ [ [ -73.618516418829842, 5.404753886255711 ], [ -73.611615617697623, 5.405353491692282 ], [ -73.594290202089041, 5.400256845481423 ], [ -73.592528295416997, 5.398458029171707 ], [ -73.590032260964904, 5.389913651700561 ], [ -73.598694968769195, 5.378371247046554 ], [ -73.610000536581566, 5.372824896758265 ], [ -73.617782291049821, 5.364880124723689 ], [ -73.628060079970155, 5.358434366280544 ], [ -73.635695008882408, 5.364730223364547 ], [ -73.653607726714995, 5.353337720069683 ], [ -73.67651251345174, 5.33534955697253 ], [ -73.68884586015615, 5.33430024745853 ], [ -73.693984754616309, 5.328753897170242 ], [ -73.707639531324759, 5.329803206684242 ], [ -73.71380620467697, 5.338947189591962 ], [ -73.722615738037248, 5.338947189591962 ], [ -73.727901458053424, 5.344643441239392 ], [ -73.736710991413716, 5.343294329007105 ], [ -73.741996711429891, 5.336099063768246 ], [ -73.748457035894106, 5.333400839303672 ], [ -73.756385615918362, 5.324406757755097 ], [ -73.763873719274599, 5.324406757755097 ], [ -73.772389601522889, 5.341345611338247 ], [ -73.774004682638932, 5.35108919968254 ], [ -73.77444515930695, 5.36233180161826 ], [ -73.767984834842736, 5.367428447829119 ], [ -73.756972918142381, 5.383617794616558 ], [ -73.749191163674126, 5.404304182178282 ], [ -73.743464966989933, 5.410749940621428 ], [ -73.742143536985893, 5.422742049352864 ], [ -73.743611792545948, 5.434884059443442 ], [ -73.746841954778048, 5.440430409731731 ], [ -73.736710991413716, 5.440430409731731 ], [ -73.725111772489328, 5.450623702153451 ], [ -73.71953240136115, 5.458868276906313 ], [ -73.706758577988737, 5.455870249723453 ], [ -73.696627614624404, 5.446726266815735 ], [ -73.69016729016019, 5.447475773611449 ], [ -73.679155373459835, 5.454071433413739 ], [ -73.675044257891699, 5.442229226041445 ], [ -73.6784212456798, 5.434734158084299 ], [ -73.671814095659585, 5.433385045852012 ], [ -73.655369633387053, 5.426189780613151 ], [ -73.653754552270996, 5.417795304501147 ], [ -73.647441053362797, 5.41539688275486 ], [ -73.640980728898583, 5.417945205860289 ], [ -73.626885475522116, 5.412698658290286 ], [ -73.618516418829842, 5.404753886255711 ] ] ] } },
{ "type": "Feature", "properties": { "Código departamento": "25", "Departamento": "Cundinamarca", "Código municipio": "320", "Municipio": "GUADUAS", "DIVIPOLA": "25320" }, "geometry": { "type": "Polygon", "coordinates": [ [ [ -74.649819124207639, 5.442379127400589 ], [ -74.648791345315601, 5.430387018669154 ], [ -74.636017521943188, 5.42559017517658 ], [ -74.626033384134857, 5.416745994987147 ], [ -74.638660381951269, 5.402055661791139 ], [ -74.641450067515365, 5.388114835390845 ], [ -74.636164347499189, 5.383617794616558 ], [ -74.621334966342715, 5.388264736749988 ], [ -74.615021467434502, 5.387964934031703 ], [ -74.608561142970288, 5.378820951123983 ], [ -74.610029398530344, 5.372674995399122 ], [ -74.603128597398111, 5.363231209773118 ], [ -74.596374621821894, 5.363680913850545 ], [ -74.589180169577659, 5.354536930942827 ], [ -74.595640494041859, 5.32200833600881 ], [ -74.599164307385976, 5.314962972129091 ], [ -74.597108749601915, 5.301771652524512 ], [ -74.600045260722013, 5.292028064180221 ], [ -74.606065108518209, 5.280335758167072 ], [ -74.60812066630227, 5.271791380695924 ], [ -74.602541295174092, 5.259349567887061 ], [ -74.605477806294189, 5.247057656437339 ], [ -74.610176224086345, 5.238363377607048 ], [ -74.613993688542465, 5.235964955860761 ], [ -74.610176224086345, 5.225771663439041 ], [ -74.614434165210483, 5.215578371017322 ], [ -74.604596852958153, 5.208832809855891 ], [ -74.603275422954113, 5.205385078595602 ], [ -74.591088901805719, 5.202536952771887 ], [ -74.588739692909641, 5.199239122870742 ], [ -74.575084916201192, 5.192193758991023 ], [ -74.553061082800468, 5.192643463068452 ], [ -74.530156296063723, 5.188895929089878 ], [ -74.524870576047547, 5.189045830449023 ], [ -74.518997553807353, 5.194742082096453 ], [ -74.514299136015197, 5.194592180737311 ], [ -74.516501519355273, 5.187396915498449 ], [ -74.514886438239216, 5.17210697686587 ], [ -74.518557077139334, 5.162063585803293 ], [ -74.515620566019237, 5.155467926001005 ], [ -74.517676123803312, 5.140927494164139 ], [ -74.524870576047547, 5.134181933002707 ], [ -74.53177137717978, 5.132682919411278 ], [ -74.539259480536018, 5.124588246017558 ], [ -74.541461863876094, 5.107499491075264 ], [ -74.540287259428055, 5.086513300795253 ], [ -74.543076944992137, 5.079917640992963 ], [ -74.540874561652075, 5.065077406437811 ], [ -74.544692026108194, 5.059081352072094 ], [ -74.540727736096073, 5.039144471306083 ], [ -74.539699957204036, 5.024753940828361 ], [ -74.536176143859919, 5.014860451124927 ], [ -74.536616620527937, 4.997172090746061 ], [ -74.540434084984057, 4.992824951330916 ], [ -74.53441423718786, 4.979933434444622 ], [ -74.535735667191901, 4.966592213480902 ], [ -74.552033303908431, 4.964793397171186 ], [ -74.557612675036623, 4.970339747459474 ], [ -74.561870616160761, 4.98233185619091 ], [ -74.561723790604759, 4.996422583950346 ], [ -74.568918242848994, 4.994473866281488 ], [ -74.577287299541268, 4.997321992105204 ], [ -74.587858739573605, 4.995373274436345 ], [ -74.590061122913681, 4.997621794823488 ], [ -74.609001619638306, 5.000619822006349 ], [ -74.618545280778619, 5.005716468217208 ], [ -74.629704023034975, 4.999420611133204 ], [ -74.635283394163167, 5.005266764139779 ], [ -74.644092927523459, 4.999270709774062 ], [ -74.659950087571971, 4.993274655408343 ], [ -74.673017562056401, 4.99567307715463 ], [ -74.683295350976735, 5.004966961421494 ], [ -74.699886638805282, 5.008264791322637 ], [ -74.704731882153439, 5.012312128019498 ], [ -74.721616821093988, 5.009464002195782 ], [ -74.726902541110164, 5.006316073653779 ], [ -74.731160482234301, 4.996722386668632 ], [ -74.74085096893063, 5.002118835597778 ], [ -74.743200177826708, 5.008264791322637 ], [ -74.738208108922535, 5.024304236750932 ], [ -74.730132703342278, 5.03644624684151 ], [ -74.72587476221814, 5.058481746635523 ], [ -74.72969222667426, 5.068075433620671 ], [ -74.72969222667426, 5.074371290704675 ], [ -74.724259681102083, 5.083964977689821 ], [ -74.716771577745831, 5.092359453801827 ], [ -74.716477926633829, 5.100753929913831 ], [ -74.719854914421944, 5.119491599806698 ], [ -74.73160095890232, 5.140777592804995 ], [ -74.7310136566783, 5.149471871635286 ], [ -74.719120786641909, 5.163712500753866 ], [ -74.71471601996177, 5.178552735309016 ], [ -74.71471601996177, 5.186047803266164 ], [ -74.719854914421944, 5.198339714715885 ], [ -74.733509691130379, 5.203136558208459 ], [ -74.734537470022417, 5.206884092187033 ], [ -74.72969222667426, 5.213030047911892 ], [ -74.73160095890232, 5.221724326742183 ], [ -74.730426354454281, 5.232217421882189 ], [ -74.723378727766047, 5.239862391198478 ], [ -74.727343017778182, 5.252903809443914 ], [ -74.724993808882104, 5.264296312738778 ], [ -74.734243818910414, 5.286931417969361 ], [ -74.73292238890636, 5.296525104954509 ], [ -74.727196192222181, 5.306118791939658 ], [ -74.71471601996177, 5.314962972129091 ], [ -74.709577125501596, 5.340146400465104 ], [ -74.701942196589357, 5.35108919968254 ], [ -74.701061243253321, 5.356035944534256 ], [ -74.707081091049517, 5.369377165497977 ], [ -74.7035572777054, 5.372375192680836 ], [ -74.697537429909204, 5.365030026082832 ], [ -74.688727896548912, 5.364580322005403 ], [ -74.680946142080657, 5.371325883166835 ], [ -74.677862805404558, 5.377771641609983 ], [ -74.682854874308731, 5.387665131313416 ], [ -74.685204083204795, 5.398907733249136 ], [ -74.681533444304677, 5.403104971305139 ], [ -74.666997714260205, 5.40520359033314 ], [ -74.665823109812166, 5.409400828389143 ], [ -74.667731842040226, 5.420343627606576 ], [ -74.676541375400518, 5.431286426824012 ], [ -74.676981852068536, 5.436532974394015 ], [ -74.667144539816206, 5.44342843691459 ], [ -74.654517541999795, 5.439980705654302 ], [ -74.649819124207639, 5.442379127400589 ] ] ] } },
{ "type": "Feature", "properties": { "Código departamento": "25", "Departamento": "Cundinamarca", "Código municipio": "322", "Municipio": "GUASCA", "DIVIPOLA": "25322" }, "geometry": { "type": "Polygon", "coordinates": [ [ [ -73.762405463714558, 4.82373621821768 ], [ -73.758734824814439, 4.821937401907966 ], [ -73.756385615918362, 4.81354292579596 ], [ -73.744345920325969, 4.798252987163381 ], [ -73.738032421417756, 4.783412752608229 ], [ -73.736710991413716, 4.755081395730214 ], [ -73.744052269213952, 4.746836820977353 ], [ -73.740968932537854, 4.738742147583634 ], [ -73.748603861450107, 4.728249052443629 ], [ -73.762111812602541, 4.724651419824197 ], [ -73.770921345962833, 4.729897967394201 ], [ -73.786338029343341, 4.73244629049963 ], [ -73.80190153827985, 4.718055760021909 ], [ -73.804838049399947, 4.702615920030186 ], [ -73.801167410499829, 4.694671147995609 ], [ -73.798965027159753, 4.68402815149646 ], [ -73.807480909408042, 4.681329927031888 ], [ -73.813500757204238, 4.686426573242747 ], [ -73.850794448429454, 4.686876277320176 ], [ -73.852556355101513, 4.702765821389328 ], [ -73.857107947337667, 4.717306253226194 ], [ -73.867385736258001, 4.710410790705619 ], [ -73.872818281830178, 4.726000532056484 ], [ -73.870615898490101, 4.731996586422201 ], [ -73.872230979606158, 4.743538991076208 ], [ -73.88676670965063, 4.744438399231066 ], [ -73.890290522994746, 4.750134650878498 ], [ -73.901889741919135, 4.75688021203993 ], [ -73.906294508599274, 4.765724392229363 ], [ -73.911873879727452, 4.768572518053079 ], [ -73.923913575319858, 4.783862456685658 ], [ -73.941532642040428, 4.787010385227661 ], [ -73.944322327604525, 4.790458116487948 ], [ -73.95415963985684, 4.793606045029949 ], [ -73.962675522105116, 4.79870269124081 ], [ -73.959445359873015, 4.802899929296811 ], [ -73.959445359873015, 4.81249361628196 ], [ -73.956655674308919, 4.828083357632825 ], [ -73.959739010985032, 4.829132667146825 ], [ -73.957536627644956, 4.839925565005118 ], [ -73.951076303180741, 4.836777636463116 ], [ -73.94109216537241, 4.835428524230829 ], [ -73.931108027564093, 4.839925565005118 ], [ -73.931548504232097, 4.843373296265406 ], [ -73.92479452865588, 4.860611952566843 ], [ -73.925822307547918, 4.874103074889708 ], [ -73.921123889755762, 4.876651397995137 ], [ -73.919215157527702, 4.884296367311427 ], [ -73.924500877543863, 4.896588278761148 ], [ -73.915838169739587, 4.913677033703444 ], [ -73.908350066383335, 4.922970917970306 ], [ -73.891024650774767, 4.915325948654016 ], [ -73.877223048510317, 4.907531077978583 ], [ -73.874873839614239, 4.903034037204296 ], [ -73.842865868405198, 4.888643506726573 ], [ -73.839488880617083, 4.884146465952285 ], [ -73.834056335044906, 4.887744098571715 ], [ -73.818492826108397, 4.873803272171421 ], [ -73.807040432740024, 4.860312149848558 ], [ -73.79999280605179, 4.854016292764554 ], [ -73.79734994604371, 4.858063629461413 ], [ -73.790302319355476, 4.85281708189141 ], [ -73.788687238239419, 4.845621816652549 ], [ -73.780611832659162, 4.85281708189141 ], [ -73.780171355991143, 4.84262378946969 ], [ -73.774885635974968, 4.833180003843686 ], [ -73.772242775966873, 4.824635626372538 ], [ -73.762405463714558, 4.82373621821768 ] ] ] } },
{ "type": "Feature", "properties": { "Código departamento": "25", "Departamento": "Cundinamarca", "Código municipio": "324", "Municipio": "GUATAQUÍ", "DIVIPOLA": "25324" }, "geometry": { "type": "Polygon", "coordinates": [ [ [ -74.751716060074983, 4.587791478926694 ], [ -74.756854954535143, 4.584343747666407 ], [ -74.753918443415046, 4.575199764758687 ], [ -74.761700197883314, 4.559909826126108 ], [ -74.763168453443356, 4.542821071183814 ], [ -74.758616861207202, 4.533976890994379 ], [ -74.752156536743001, 4.530079455656662 ], [ -74.754946222307083, 4.519586360516658 ], [ -74.753624792303043, 4.514489714305797 ], [ -74.747458118950846, 4.510442377608938 ], [ -74.752009711186986, 4.498450268877503 ], [ -74.756708128979142, 4.494103129462357 ], [ -74.748926374510887, 4.484209639758924 ], [ -74.747458118950846, 4.477613979956634 ], [ -74.743053352270692, 4.47581516364692 ], [ -74.74540256116677, 4.47281713646406 ], [ -74.7552398734191, 4.472217531027488 ], [ -74.75582717564312, 4.467870391612343 ], [ -74.768454173459531, 4.455578480162623 ], [ -74.769188301239552, 4.450331932592619 ], [ -74.776382753483787, 4.439988738811757 ], [ -74.787247844628141, 4.433093276291182 ], [ -74.793120866868335, 4.424398997460892 ], [ -74.799434365776548, 4.418852647172602 ], [ -74.807803422468822, 4.417353633581173 ], [ -74.806041515796764, 4.424998602897463 ], [ -74.819989943617216, 4.435491698037469 ], [ -74.822045501401291, 4.445385187740903 ], [ -74.814263746933037, 4.446434497254903 ], [ -74.804426434680707, 4.458876310063768 ], [ -74.80090262133659, 4.484059738399782 ], [ -74.794589122428391, 4.499949282468932 ], [ -74.78783514685216, 4.503546915088363 ], [ -74.786954193516138, 4.508943364017509 ], [ -74.797819284660491, 4.526481823037233 ], [ -74.805160562460728, 4.535925608663237 ], [ -74.801489923560609, 4.543870380697814 ], [ -74.802517702452647, 4.54881712554953 ], [ -74.808978026916861, 4.554963081274392 ], [ -74.805160562460728, 4.566955190005825 ], [ -74.805601039128746, 4.572951244371544 ], [ -74.810446282476903, 4.574600159322116 ], [ -74.814704223601041, 4.586142563976122 ], [ -74.806188341352765, 4.590339802032125 ], [ -74.795910552432431, 4.587791478926694 ], [ -74.793708169092355, 4.592138618341839 ], [ -74.782549426835985, 4.595886152320413 ], [ -74.774474021255728, 4.592738223778411 ], [ -74.768013696791513, 4.593787533292413 ], [ -74.751716060074983, 4.587791478926694 ] ] ] } },
{ "type": "Feature", "properties": { "Código departamento": "25", "Departamento": "Cundinamarca", "Código municipio": "326", "Municipio": "GUATAVITA", "DIVIPOLA": "25326" }, "geometry": { "type": "Polygon", "coordinates": [ [ [ -73.713953030232972, 4.952951189798893 ], [ -73.702500636864599, 4.943357502813746 ], [ -73.696774440180405, 4.945456121841747 ], [ -73.685909349036052, 4.9379610538846 ], [ -73.685175221256031, 4.93391371718774 ], [ -73.701766509084564, 4.918923581273446 ], [ -73.694425231284328, 4.912178020112013 ], [ -73.695012533508347, 4.906631669823725 ], [ -73.691341894608229, 4.899886108662293 ], [ -73.703528415756622, 4.890742125754573 ], [ -73.697949044628444, 4.883846663233999 ], [ -73.700298253524522, 4.879199721100568 ], [ -73.697214916848424, 4.874103074889708 ], [ -73.693837929060308, 4.860012347130271 ], [ -73.696921265736407, 4.852217476454839 ], [ -73.714099855788973, 4.856714517229126 ], [ -73.714687158012993, 4.850268758785981 ], [ -73.722175261369244, 4.842174085392261 ], [ -73.73524273585366, 4.840824973159974 ], [ -73.738179246973758, 4.827034048118825 ], [ -73.745373699217993, 4.827333850837111 ], [ -73.762405463714558, 4.82373621821768 ], [ -73.772242775966873, 4.824635626372538 ], [ -73.774885635974968, 4.833180003843686 ], [ -73.780171355991143, 4.84262378946969 ], [ -73.780611832659162, 4.85281708189141 ], [ -73.788687238239419, 4.845621816652549 ], [ -73.790302319355476, 4.85281708189141 ], [ -73.79734994604371, 4.858063629461413 ], [ -73.79999280605179, 4.854016292764554 ], [ -73.807040432740024, 4.860312149848558 ], [ -73.818492826108397, 4.873803272171421 ], [ -73.834056335044906, 4.887744098571715 ], [ -73.839488880617083, 4.884146465952285 ], [ -73.842865868405198, 4.888643506726573 ], [ -73.874873839614239, 4.903034037204296 ], [ -73.877223048510317, 4.907531077978583 ], [ -73.891024650774767, 4.915325948654016 ], [ -73.908350066383335, 4.922970917970306 ], [ -73.903357997479176, 4.935712533497456 ], [ -73.893520685226861, 4.946505431355747 ], [ -73.876782571842313, 4.959846652319469 ], [ -73.874139711834218, 4.963294383579757 ], [ -73.868413515150039, 4.973037971924048 ], [ -73.867679387370003, 4.978884124930622 ], [ -73.855933342889628, 4.989377220070627 ], [ -73.847270635085337, 4.982631658909196 ], [ -73.839635706173084, 4.979483730367193 ], [ -73.815262663876297, 4.97423718279719 ], [ -73.810270594972124, 4.975286492311191 ], [ -73.804838049399947, 4.967491621635758 ], [ -73.795000737147632, 4.961645468629183 ], [ -73.784576122671282, 4.971988662410047 ], [ -73.773270554858911, 4.970489648818618 ], [ -73.763139591494578, 4.971389056973474 ], [ -73.75814752259042, 4.977535012698335 ], [ -73.753742755910281, 4.967641522994902 ], [ -73.754330058134286, 4.96299458086147 ], [ -73.747576082558069, 4.954150400672037 ], [ -73.739060200309794, 4.953250992517179 ], [ -73.732453050289578, 4.948454149024605 ], [ -73.71894509913713, 4.94815434630632 ], [ -73.713953030232972, 4.952951189798893 ] ] ] } },
{ "type": "Feature", "properties": { "Código departamento": "25", "Departamento": "Cundinamarca", "Código municipio": "328", "Municipio": "GUAYABAL DE SÍQUIMA", "DIVIPOLA": "25328" }, "geometry": { "type": "Polygon", "coordinates": [ [ [ -74.483025292586177, 4.938260856602885 ], [ -74.474949887005906, 4.926568550589736 ], [ -74.478767351462039, 4.917124764963732 ], [ -74.474803061449904, 4.901684924972009 ], [ -74.475096712561921, 4.890742125754573 ], [ -74.461441935853472, 4.893440350219147 ], [ -74.457330820285335, 4.900036010021435 ], [ -74.4533665302732, 4.882647452360856 ], [ -74.454687960277241, 4.877700707509137 ], [ -74.4501363680411, 4.864209585186274 ], [ -74.440005404676768, 4.852517279173125 ], [ -74.44881493803706, 4.844572507138548 ], [ -74.454247483609237, 4.848469942476265 ], [ -74.459092726957394, 4.843373296265406 ], [ -74.458652250289376, 4.832880201125399 ], [ -74.46702130698165, 4.828682963069396 ], [ -74.485521327038256, 4.825085330449967 ], [ -74.49712054596263, 4.826584344041396 ], [ -74.505195951542902, 4.831980792970541 ], [ -74.504314998206866, 4.847570534321407 ], [ -74.505489602654905, 4.860611952566843 ], [ -74.499029278190704, 4.867657316446562 ], [ -74.504755474874884, 4.875002483044566 ], [ -74.509307067111038, 4.884596170029714 ], [ -74.504902300430899, 4.89568887060629 ], [ -74.513271357123159, 4.902584333126867 ], [ -74.513565008235176, 4.908280584774297 ], [ -74.509600718223041, 4.915625751372303 ], [ -74.511362624895099, 4.925069536998307 ], [ -74.503580870426845, 4.933763815828597 ], [ -74.504608649318882, 4.944256910968604 ], [ -74.503287219314842, 4.951602077566608 ], [ -74.489632442606393, 4.945006417764318 ], [ -74.483025292586177, 4.938260856602885 ] ] ] } },
{ "type": "Feature", "properties": { "Código departamento": "25", "Departamento": "Cundinamarca", "Código municipio": "335", "Municipio": "GUAYABETAL", "DIVIPOLA": "25335" }, "geometry": { "type": "Polygon", "coordinates": [ [ [ -73.764167370386616, 4.281093298120241 ], [ -73.753155453686247, 4.271499611135094 ], [ -73.744052269213952, 4.266103162205948 ], [ -73.751393547014203, 4.258907896967087 ], [ -73.757853871478403, 4.246615985517365 ], [ -73.760349905930497, 4.236422693095645 ], [ -73.755211011470323, 4.22847792106107 ], [ -73.754476883690302, 4.213337883787633 ], [ -73.749925291454147, 4.202844788647627 ], [ -73.742584013653911, 4.198647550591626 ], [ -73.753449104798264, 4.192951298944194 ], [ -73.777528495983049, 4.196399030204481 ], [ -73.788393587127416, 4.200296465542197 ], [ -73.802195189391867, 4.197298438359339 ], [ -73.813794408316241, 4.201495676415342 ], [ -73.819226953888418, 4.1800597820579 ], [ -73.825687278352632, 4.170016390995325 ], [ -73.83067934725679, 4.170316193713609 ], [ -73.837726973945024, 4.17646214943847 ], [ -73.846683332861318, 4.17646214943847 ], [ -73.851822227321492, 4.172115010023325 ], [ -73.860484935125768, 4.171815207305039 ], [ -73.865917480697945, 4.167617969249037 ], [ -73.87120320071412, 4.16776787060818 ], [ -73.882508768526492, 4.152477931975601 ], [ -73.891758778554802, 4.148730397997027 ], [ -73.896604021902959, 4.142584442272166 ], [ -73.91363578639951, 4.148880299356169 ], [ -73.920683413087744, 4.143933554504453 ], [ -73.92802469088798, 4.144233357222739 ], [ -73.933457236460157, 4.148880299356169 ], [ -73.933750887572174, 4.155925663235888 ], [ -73.937421526472292, 4.16417023798875 ], [ -73.934631840908196, 4.171215601868467 ], [ -73.926262784215922, 4.184406921473045 ], [ -73.917159599743627, 4.188304356810762 ], [ -73.913488960843509, 4.192501594866765 ], [ -73.904973078595233, 4.190552877197907 ], [ -73.89865957968702, 4.206292519907914 ], [ -73.898953230799037, 4.217984825921065 ], [ -73.904973078595233, 4.222032162617924 ], [ -73.909524670831374, 4.235223482222502 ], [ -73.907028636379295, 4.245716577362509 ], [ -73.908203240827334, 4.253361546678797 ], [ -73.919068331971687, 4.264604148614519 ], [ -73.901008788583098, 4.270600202980236 ], [ -73.892933383002841, 4.270000597543665 ], [ -73.888675441878689, 4.262355628227374 ], [ -73.867092085145984, 4.254560757551942 ], [ -73.859897632901749, 4.262355628227374 ], [ -73.861659539573807, 4.268051879874807 ], [ -73.854758738441589, 4.281992706275099 ], [ -73.839048403949064, 4.280493692683669 ], [ -73.832441253928849, 4.278095270937382 ], [ -73.827155533912673, 4.284091325303101 ], [ -73.828183312804711, 4.293535110929105 ], [ -73.824365848348592, 4.303728403350825 ], [ -73.81819917499638, 4.311373372667116 ], [ -73.806453130516005, 4.318118933828548 ], [ -73.801754712723849, 4.332659365665413 ], [ -73.799405503827771, 4.347949304297992 ], [ -73.792504702695538, 4.35244634507228 ], [ -73.786484854899342, 4.341503545854846 ], [ -73.782226913775204, 4.322016369166264 ], [ -73.78428247155928, 4.307775740047684 ], [ -73.78369516933526, 4.300280672090538 ], [ -73.774591984862951, 4.298032151703393 ], [ -73.771068171518834, 4.29473432180225 ], [ -73.764167370386616, 4.281093298120241 ] ] ] } },
{ "type": "Feature", "properties": { "Código departamento": "25", "Departamento": "Cundinamarca", "Código municipio": "339", "Municipio": "GUTIÉRREZ", "DIVIPOLA": "25339" }, "geometry": { "type": "Polygon", "coordinates": [ [ [ -73.919068331971687, 4.264604148614519 ], [ -73.908203240827334, 4.253361546678797 ], [ -73.907028636379295, 4.245716577362509 ], [ -73.909524670831374, 4.235223482222502 ], [ -73.904973078595233, 4.222032162617924 ], [ -73.898953230799037, 4.217984825921065 ], [ -73.89865957968702, 4.206292519907914 ], [ -73.904973078595233, 4.190552877197907 ], [ -73.913488960843509, 4.192501594866765 ], [ -73.917159599743627, 4.188304356810762 ], [ -73.926262784215922, 4.184406921473045 ], [ -73.934631840908196, 4.171215601868467 ], [ -73.937421526472292, 4.16417023798875 ], [ -73.933750887572174, 4.155925663235888 ], [ -73.933457236460157, 4.148880299356169 ], [ -73.937127875360289, 4.141984836835594 ], [ -73.940358037592389, 4.129692925385874 ], [ -73.944615978716527, 4.127894109076158 ], [ -73.945056455384545, 4.118450323450152 ], [ -73.950782652068739, 4.113053874521007 ], [ -73.955774720972897, 4.099562752198143 ], [ -73.96781441656529, 4.090718572008709 ], [ -73.973981089917487, 4.093416796473282 ], [ -73.973540613249483, 4.100911864430429 ], [ -73.982790623277779, 4.109306340542434 ], [ -73.991012854414052, 4.103010483458431 ], [ -74.001290643334386, 4.103160384817573 ], [ -74.005108107790505, 4.110055847338148 ], [ -74.016266850046875, 4.097763935888428 ], [ -74.025076383407168, 4.097464133170141 ], [ -74.026104162299205, 4.090868473367853 ], [ -74.030215277867342, 4.084272813565563 ], [ -74.036235125663538, 4.081724490460133 ], [ -74.036822427887557, 4.070781691242698 ], [ -74.033445440099442, 4.067933565418982 ], [ -74.034913695659483, 4.060888201539265 ], [ -74.054294669052126, 4.062387215130694 ], [ -74.061048644628343, 4.055941456687548 ], [ -74.063838330192439, 4.061337905616694 ], [ -74.070739131324657, 4.057740272997262 ], [ -74.079401839128948, 4.042900038442112 ], [ -74.081457396913009, 4.034955266407535 ], [ -74.09261613916938, 4.026560790295531 ], [ -74.100251068081633, 4.012919766613524 ], [ -74.109207426997926, 4.012320161176953 ], [ -74.123889982598399, 4.00917223263495 ], [ -74.123743157042398, 4.001227460600375 ], [ -74.137251108194846, 4.000328052445517 ], [ -74.150612233791279, 4.004825093219805 ], [ -74.146794769335159, 4.016667300592098 ], [ -74.134167771518747, 4.034355660970964 ], [ -74.125358238158455, 4.05504204853269 ], [ -74.126239191494477, 4.068683072214697 ], [ -74.132699515958691, 4.080525279586989 ], [ -74.127854272610534, 4.100162357634715 ], [ -74.131524911510652, 4.10346018753586 ], [ -74.129028877058573, 4.125345785970729 ], [ -74.119044739250242, 4.125795490048158 ], [ -74.109354252553928, 4.133290558005304 ], [ -74.113465368122064, 4.146032173532453 ], [ -74.114493147014102, 4.155326057799315 ], [ -74.109354252553928, 4.168667278763038 ], [ -74.110088380333949, 4.182008499726758 ], [ -74.093790743617419, 4.187554850015048 ], [ -74.083659780253086, 4.187255047296762 ], [ -74.076612153564852, 4.18920376496562 ], [ -74.06780262020456, 4.185756033705332 ], [ -74.064278806860457, 4.187105145937619 ], [ -74.063104202412418, 4.196998635641052 ], [ -74.058699435732265, 4.213337883787633 ], [ -74.070445480212655, 4.218584431357637 ], [ -74.074409770224776, 4.21828462863935 ], [ -74.07954866468495, 4.230276737370786 ], [ -74.067949445760576, 4.239120917560219 ], [ -74.061635946852363, 4.257708686093943 ], [ -74.05018355348399, 4.267152471719949 ], [ -74.056790703504205, 4.279744185887956 ], [ -74.076465328008851, 4.288738267436531 ], [ -74.06838992242858, 4.29578363131625 ], [ -74.054881971276146, 4.293385209569963 ], [ -74.042842275683753, 4.296683039471108 ], [ -74.031977184539386, 4.296982842189393 ], [ -74.023754953403127, 4.293085406851676 ], [ -74.014651768930818, 4.284690930739672 ], [ -74.007457316686583, 4.291286590541961 ], [ -73.998941434438308, 4.293685012288248 ], [ -73.992627935530109, 4.292635702774247 ], [ -73.986167611065895, 4.284990733457959 ], [ -73.97897315882166, 4.286189944331102 ], [ -73.973540613249483, 4.271199808416807 ], [ -73.96854854434531, 4.26880138667052 ], [ -73.950489000956722, 4.275247145113666 ], [ -73.946084234276583, 4.267602175797378 ], [ -73.935219143132215, 4.270600202980236 ], [ -73.919068331971687, 4.264604148614519 ] ] ] } },
{ "type": "Feature", "properties": { "Código departamento": "25", "Departamento": "Cundinamarca", "Código municipio": "368", "Municipio": "JERUSALÉN", "DIVIPOLA": "25368" }, "geometry": { "type": "Polygon", "coordinates": [ [ [ -74.608707968526289, 4.651199753844158 ], [ -74.603128597398111, 4.644903896760154 ], [ -74.589033344021644, 4.644753995401012 ], [ -74.590061122913681, 4.634110998901863 ], [ -74.597402400713918, 4.627065635022144 ], [ -74.600485737390031, 4.618970961628425 ], [ -74.616930199662562, 4.592738223778411 ], [ -74.621041315230698, 4.588990689799838 ], [ -74.621628617454718, 4.580896016406119 ], [ -74.624711954130817, 4.577748087864118 ], [ -74.632053231931053, 4.560809234280966 ], [ -74.638660381951269, 4.553164264964676 ], [ -74.646882613087541, 4.548517322831244 ], [ -74.651287379767695, 4.540422649437526 ], [ -74.660096913127973, 4.532178074684665 ], [ -74.663180249804086, 4.526631724396375 ], [ -74.670081050936304, 4.523034091776945 ], [ -74.689462024328947, 4.504596224602364 ], [ -74.703704103261401, 4.489456187328927 ], [ -74.719854914421944, 4.462473942683197 ], [ -74.725581111106123, 4.460225422296053 ], [ -74.732775563350359, 4.461724435887484 ], [ -74.743053352270692, 4.47581516364692 ], [ -74.747458118950846, 4.477613979956634 ], [ -74.748926374510887, 4.484209639758924 ], [ -74.756708128979142, 4.494103129462357 ], [ -74.752009711186986, 4.498450268877503 ], [ -74.747458118950846, 4.510442377608938 ], [ -74.753624792303043, 4.514489714305797 ], [ -74.754946222307083, 4.519586360516658 ], [ -74.752156536743001, 4.530079455656662 ], [ -74.758616861207202, 4.533976890994379 ], [ -74.763168453443356, 4.542821071183814 ], [ -74.761700197883314, 4.559909826126108 ], [ -74.753918443415046, 4.575199764758687 ], [ -74.756854954535143, 4.584343747666407 ], [ -74.751716060074983, 4.587791478926694 ], [ -74.74789859561885, 4.592588322419268 ], [ -74.746430340058808, 4.600233291735559 ], [ -74.736299376694475, 4.606229346101276 ], [ -74.733216040018377, 4.620919679297283 ], [ -74.726902541110164, 4.624367410557572 ], [ -74.722350948874023, 4.634410801620148 ], [ -74.710751729949635, 4.638907842394437 ], [ -74.691370756557006, 4.635310209775006 ], [ -74.681533444304677, 4.636959124725579 ], [ -74.681680269860692, 4.650600148407587 ], [ -74.668612795376262, 4.646402910351584 ], [ -74.666850888704204, 4.639807250549294 ], [ -74.656573099783856, 4.636809223366435 ], [ -74.643358799743424, 4.643854587246154 ], [ -74.637045300835226, 4.645203699478441 ], [ -74.625152430798835, 4.651499556562443 ], [ -74.622803221902757, 4.655247090541017 ], [ -74.608707968526289, 4.651199753844158 ] ] ] } },
{ "type": "Feature", "properties": { "Código departamento": "25", "Departamento": "Cundinamarca", "Código municipio": "372", "Municipio": "JUNÍN", "DIVIPOLA": "25372" }, "geometry": { "type": "Polygon", "coordinates": [ [ [ -73.623508487734, 4.795105058621378 ], [ -73.626298173298096, 4.78746008930509 ], [ -73.632464846650294, 4.779815119988799 ], [ -73.631730718870273, 4.776367388728512 ], [ -73.639659298894529, 4.764824984074505 ], [ -73.641861682234605, 4.747736229132211 ], [ -73.647294227806782, 4.744888103308495 ], [ -73.651258517818917, 4.734395008168488 ], [ -73.653754552270996, 4.720753984486481 ], [ -73.65155216893092, 4.712509409733619 ], [ -73.648175181142818, 4.710410790705619 ], [ -73.638484694446504, 4.711460100219619 ], [ -73.63466722999037, 4.708761875755045 ], [ -73.629675161086212, 4.693322035763324 ], [ -73.623508487734, 4.687625784115892 ], [ -73.616167209933764, 4.668288508786453 ], [ -73.617929116605822, 4.662892059857307 ], [ -73.623508487734, 4.659294427237877 ], [ -73.622774359953979, 4.645653403555868 ], [ -73.626885475522116, 4.642055770936438 ], [ -73.636722787774431, 4.625416720071573 ], [ -73.638484694446504, 4.617771750755282 ], [ -73.642889461126643, 4.61312480862185 ], [ -73.644651367798701, 4.605329937946418 ], [ -73.641274380010586, 4.601282601249559 ], [ -73.641421205566587, 4.589890097954696 ], [ -73.643623588906664, 4.587491676208409 ], [ -73.64509184446672, 4.572951244371544 ], [ -73.643183112238646, 4.566505485928396 ], [ -73.6477347044748, 4.557511404379821 ], [ -73.642008507790607, 4.546868407880672 ], [ -73.649349785590857, 4.544769788852672 ], [ -73.661242655627248, 4.547018309239815 ], [ -73.668730758983486, 4.539972945360097 ], [ -73.67651251345174, 4.54776781603553 ], [ -73.685468872368034, 4.552714560887247 ], [ -73.696187137956386, 4.561109036999251 ], [ -73.699417300188486, 4.570552822625257 ], [ -73.699123649076483, 4.58854098572241 ], [ -73.695893486844383, 4.602481812122703 ], [ -73.697802219072443, 4.612675104544423 ], [ -73.701472857972561, 4.618071553473569 ], [ -73.700445079080524, 4.623468002402714 ], [ -73.704996671316678, 4.62991376084586 ], [ -73.709695089108834, 4.631562675796432 ], [ -73.714099855788973, 4.642955179091296 ], [ -73.717183192465072, 4.643254981809583 ], [ -73.738032421417756, 4.661842750343307 ], [ -73.745373699217993, 4.67068693053274 ], [ -73.745226873661991, 4.680430518877031 ], [ -73.754623709246303, 4.677882195771601 ], [ -73.766957055950712, 4.688675093629892 ], [ -73.780171355991143, 4.68747588275675 ], [ -73.793092004919558, 4.681180025672746 ], [ -73.798965027159753, 4.68402815149646 ], [ -73.801167410499829, 4.694671147995609 ], [ -73.804838049399947, 4.702615920030186 ], [ -73.80190153827985, 4.718055760021909 ], [ -73.786338029343341, 4.73244629049963 ], [ -73.770921345962833, 4.729897967394201 ], [ -73.762111812602541, 4.724651419824197 ], [ -73.748603861450107, 4.728249052443629 ], [ -73.740968932537854, 4.738742147583634 ], [ -73.744052269213952, 4.746836820977353 ], [ -73.736710991413716, 4.755081395730214 ], [ -73.738032421417756, 4.783412752608229 ], [ -73.744345920325969, 4.798252987163381 ], [ -73.756385615918362, 4.81354292579596 ], [ -73.758734824814439, 4.821937401907966 ], [ -73.762405463714558, 4.82373621821768 ], [ -73.745373699217993, 4.827333850837111 ], [ -73.738179246973758, 4.827034048118825 ], [ -73.73524273585366, 4.840824973159974 ], [ -73.722175261369244, 4.842174085392261 ], [ -73.724377644709307, 4.832880201125399 ], [ -73.715861762461032, 4.833779609280257 ], [ -73.707933182436776, 4.829582371224254 ], [ -73.695746661288368, 4.818789473365963 ], [ -73.682091884579933, 4.817740163851963 ], [ -73.664913294527366, 4.830032075301683 ], [ -73.660068051179209, 4.826734245400538 ], [ -73.658159318951135, 4.82013858559825 ], [ -73.652873598934974, 4.818039966570249 ], [ -73.644651367798701, 4.820438388316535 ], [ -73.640099775562547, 4.813842728514246 ], [ -73.63525453221439, 4.811594208127102 ], [ -73.627619603302136, 4.799152395318239 ], [ -73.623508487734, 4.795105058621378 ] ] ] } },
{ "type": "Feature", "properties": { "Código departamento": "25", "Departamento": "Cundinamarca", "Código municipio": "377", "Municipio": "LA CALERA", "DIVIPOLA": "25377" }, "geometry": { "type": "Polygon", "coordinates": [ [ [ -73.959445359873015, 4.81249361628196 ], [ -73.959445359873015, 4.802899929296811 ], [ -73.962675522105116, 4.79870269124081 ], [ -73.95415963985684, 4.793606045029949 ], [ -73.944322327604525, 4.790458116487948 ], [ -73.941532642040428, 4.787010385227661 ], [ -73.923913575319858, 4.783862456685658 ], [ -73.911873879727452, 4.768572518053079 ], [ -73.906294508599274, 4.765724392229363 ], [ -73.901889741919135, 4.75688021203993 ], [ -73.890290522994746, 4.750134650878498 ], [ -73.88676670965063, 4.744438399231066 ], [ -73.872230979606158, 4.743538991076208 ], [ -73.870615898490101, 4.731996586422201 ], [ -73.872818281830178, 4.726000532056484 ], [ -73.867385736258001, 4.710410790705619 ], [ -73.857107947337667, 4.717306253226194 ], [ -73.852556355101513, 4.702765821389328 ], [ -73.850794448429454, 4.686876277320176 ], [ -73.813500757204238, 4.686426573242747 ], [ -73.807480909408042, 4.681329927031888 ], [ -73.798965027159753, 4.68402815149646 ], [ -73.793092004919558, 4.681180025672746 ], [ -73.791476923803515, 4.669038015582168 ], [ -73.794560260479614, 4.663191862575593 ], [ -73.792651528251554, 4.653748076949587 ], [ -73.792798353807555, 4.637708631521293 ], [ -73.802342014947868, 4.636959124725579 ], [ -73.810270594972124, 4.641006461422438 ], [ -73.830972998368807, 4.639507447831009 ], [ -73.836992846165003, 4.636059716570721 ], [ -73.843453170629218, 4.638158335598722 ], [ -73.855786517333613, 4.63650942064815 ], [ -73.867238910702, 4.64010705326758 ], [ -73.873992886278216, 4.639957151908438 ], [ -73.885592105202591, 4.634710604338435 ], [ -73.890730999662765, 4.62991376084586 ], [ -73.893080208558843, 4.619270764346711 ], [ -73.901596090807118, 4.610726386875563 ], [ -73.909231019719371, 4.593038026496697 ], [ -73.912754833063488, 4.591239210186981 ], [ -73.92156436642378, 4.59978358765813 ], [ -73.931695329788113, 4.618221454832711 ], [ -73.94167946759643, 4.622718495606999 ], [ -73.938008828696312, 4.635160308415863 ], [ -73.933310410904156, 4.641306264140723 ], [ -73.944762804272528, 4.641755968218152 ], [ -73.949901698732702, 4.649400937534442 ], [ -73.9560683720849, 4.654347682386159 ], [ -73.961500917657077, 4.652998570153874 ], [ -73.966639812117251, 4.642205672295581 ], [ -73.987489041069935, 4.631262873078147 ], [ -73.998794608882307, 4.627065635022144 ], [ -74.009806525582661, 4.626765832303859 ], [ -74.009366048914657, 4.638158335598722 ], [ -74.022286697843072, 4.642505475013867 ], [ -74.028306545639268, 4.642955179091296 ], [ -74.028600196751285, 4.654347682386159 ], [ -74.02213987228707, 4.662742158498165 ], [ -74.016266850046875, 4.661692848984162 ], [ -74.007016840018579, 4.664540974807879 ], [ -74.001584294446403, 4.6757835767436 ], [ -74.010540653362696, 4.68297884198246 ], [ -74.014358117818816, 4.698118879255898 ], [ -74.010100176694678, 4.715207634198193 ], [ -74.007457316686583, 4.716107042353051 ], [ -74.008631921134622, 4.733945304091059 ], [ -74.007163665574581, 4.739341753020205 ], [ -74.008925572246639, 4.754931494371072 ], [ -74.018616058942953, 4.764824984074505 ], [ -74.015826373378857, 4.775318079214512 ], [ -74.015826373378857, 4.79210703143852 ], [ -74.012596211146757, 4.798252987163381 ], [ -74.006282712238544, 4.79765338172681 ], [ -73.999088259994309, 4.802600126578526 ], [ -74.005548584458523, 4.810694799972244 ], [ -74.003639852230464, 4.814892038028247 ], [ -74.006723188906562, 4.823286514140251 ], [ -73.999528736662327, 4.816840755697105 ], [ -73.999381911106326, 4.812793419000246 ], [ -73.984258878837835, 4.813692827155104 ], [ -73.959445359873015, 4.81249361628196 ] ] ] } },
{ "type": "Feature", "properties": { "Código departamento": "25", "Departamento": "Cundinamarca", "Código municipio": "386", "Municipio": "LA MESA", "DIVIPOLA": "25386" }, "geometry": { "type": "Polygon", "coordinates": [ [ [ -74.3984537723274, 4.716856549148765 ], [ -74.392727575643221, 4.712509409733619 ], [ -74.39331487786724, 4.699318090129041 ], [ -74.394195831203263, 4.690473909939608 ], [ -74.389791064523124, 4.685227362369605 ], [ -74.398600597883402, 4.673535056356456 ], [ -74.41152124681183, 4.661093243547591 ], [ -74.416219664603986, 4.653748076949587 ], [ -74.421505384620161, 4.651949260639872 ], [ -74.425029197964278, 4.646402910351584 ], [ -74.424882372408263, 4.635310209775006 ], [ -74.431342696872477, 4.632162281233005 ], [ -74.428846662420398, 4.622718495606999 ], [ -74.444997473580926, 4.62886445133186 ], [ -74.445437950248945, 4.597684968630129 ], [ -74.46511257475359, 4.586892070771836 ], [ -74.471426073661789, 4.585093254462122 ], [ -74.477592747014, 4.575499567476974 ], [ -74.489632442606393, 4.588840788440694 ], [ -74.496239592626608, 4.589740196595552 ], [ -74.505930079322923, 4.594387138728984 ], [ -74.50886659044302, 4.599633686298987 ], [ -74.514152310459195, 4.600682995812988 ], [ -74.514739612683215, 4.609077471924992 ], [ -74.51811660047133, 4.612225400466994 ], [ -74.540287259428055, 4.622868396966143 ], [ -74.542195991656115, 4.631262873078147 ], [ -74.552033303908431, 4.647602121224726 ], [ -74.557612675036623, 4.647602121224726 ], [ -74.558053151704627, 4.660793440829306 ], [ -74.549096792788333, 4.665140580244452 ], [ -74.547775362784293, 4.674584365870456 ], [ -74.537203922751956, 4.681779631109317 ], [ -74.537791224975976, 4.68597686916532 ], [ -74.527366610499627, 4.686126770524463 ], [ -74.526045180495586, 4.679531110722173 ], [ -74.52061263492341, 4.675483774025314 ], [ -74.509013415999021, 4.679681012081317 ], [ -74.497414197074647, 4.677432491694172 ], [ -74.48273164147416, 4.684777658292176 ], [ -74.468783213653708, 4.684927559651318 ], [ -74.457037169173319, 4.697669175178469 ], [ -74.452779228049181, 4.705464045853902 ], [ -74.437803021336691, 4.713109015170191 ], [ -74.425616500188298, 4.703515328185044 ], [ -74.409906165695773, 4.710110987987332 ], [ -74.401683934559514, 4.71101039614219 ], [ -74.3984537723274, 4.716856549148765 ] ] ] } },
{ "type": "Feature", "properties": { "Código departamento": "25", "Departamento": "Cundinamarca", "Código municipio": "394", "Municipio": "LA PALMA", "DIVIPOLA": "25394" }, "geometry": { "type": "Polygon", "coordinates": [ [ [ -74.365124371114305, 5.418095107219433 ], [ -74.373346602250578, 5.40415428081914 ], [ -74.376576764482692, 5.39501029791142 ], [ -74.3709973933545, 5.391562566651133 ], [ -74.362921987774243, 5.378671049764839 ], [ -74.35851722109409, 5.37717203617341 ], [ -74.359398174430126, 5.36233180161826 ], [ -74.355727535530008, 5.349889988809395 ], [ -74.359398174430126, 5.342095118133963 ], [ -74.35792991887007, 5.331452121634814 ], [ -74.363215638886246, 5.32200833600881 ], [ -74.359838651098144, 5.309566523199945 ], [ -74.354406105525953, 5.305818989221371 ], [ -74.345302921053658, 5.304170074270799 ], [ -74.335612434357344, 5.291278557384506 ], [ -74.337374341029403, 5.280335758167072 ], [ -74.340017201037483, 5.277337730984214 ], [ -74.339429898813464, 5.263846608661349 ], [ -74.340751328817518, 5.253653316239629 ], [ -74.35528705886199, 5.255901836626772 ], [ -74.358076744426086, 5.266544833125921 ], [ -74.363509289998262, 5.268343649435637 ], [ -74.370410091130481, 5.274939309237927 ], [ -74.381128356718833, 5.27568881603364 ], [ -74.390672017859146, 5.284682897582218 ], [ -74.398160121215398, 5.286181911173647 ], [ -74.408584735691733, 5.281085264962786 ], [ -74.411668072367831, 5.27104187390021 ], [ -74.415779187935968, 5.270142465745352 ], [ -74.418275222388047, 5.260548778760204 ], [ -74.428846662420398, 5.252903809443914 ], [ -74.435160161328611, 5.252753908084771 ], [ -74.438683974672728, 5.257250948859059 ], [ -74.450870495821121, 5.250955091775055 ], [ -74.456303041393298, 5.2521543026482 ], [ -74.46320384252553, 5.259649370605346 ], [ -74.476711793677964, 5.2521543026482 ], [ -74.492422128170489, 5.256051737985916 ], [ -74.488751489270356, 5.260698680119346 ], [ -74.482437990362158, 5.262197693710776 ], [ -74.479207828130043, 5.275089210597069 ], [ -74.471719724773806, 5.283183883990788 ], [ -74.472453852553826, 5.290978754666221 ], [ -74.462029238077491, 5.293826880489937 ], [ -74.454541134721239, 5.298473822623367 ], [ -74.458064948065356, 5.305669087862229 ], [ -74.464084795861552, 5.311964944946232 ], [ -74.458211773621358, 5.314813070769948 ], [ -74.460267331405433, 5.328304193092813 ], [ -74.453807006941219, 5.339246992310247 ], [ -74.45395383249722, 5.344043835802821 ], [ -74.444263345800906, 5.350939298323396 ], [ -74.438243498004709, 5.359633577153686 ], [ -74.436628416888652, 5.37147578452598 ], [ -74.455568913613277, 5.381818978306842 ], [ -74.451310972489139, 5.387964934031703 ], [ -74.437215719112672, 5.402505365868566 ], [ -74.431342696872477, 5.420793331684005 ], [ -74.439124451340732, 5.432935341774583 ], [ -74.431342696872477, 5.433085243133726 ], [ -74.4226799890682, 5.443728239632875 ], [ -74.419743477948103, 5.4368327771123 ], [ -74.406088701239653, 5.432935341774583 ], [ -74.406822829019674, 5.419444219451719 ], [ -74.405648224571635, 5.410749940621428 ], [ -74.396838691211343, 5.41179925013543 ], [ -74.387588681183047, 5.41539688275486 ], [ -74.378632322266753, 5.425889977894866 ], [ -74.373199776694577, 5.42559017517658 ], [ -74.365124371114305, 5.418095107219433 ] ] ] } },
{ "type": "Feature", "properties": { "Código departamento": "25", "Departamento": "Cundinamarca", "Código municipio": "398", "Municipio": "LA PEÑA", "DIVIPOLA": "25398" }, "geometry": { "type": "Polygon", "coordinates": [ [ [ -74.35528705886199, 5.255901836626772 ], [ -74.355140233305988, 5.242410714303909 ], [ -74.362334685550223, 5.237763772170477 ], [ -74.361160081102184, 5.221874228101325 ], [ -74.36967596335046, 5.199988629666456 ], [ -74.370410091130481, 5.195941292969597 ], [ -74.377898194486733, 5.188596126371594 ], [ -74.383771216726927, 5.187396915498449 ], [ -74.389937890079125, 5.162813092599008 ], [ -74.392580750087205, 5.145724337656714 ], [ -74.39581091231932, 5.138379171058708 ], [ -74.402271236783534, 5.129984694946704 ], [ -74.402711713451538, 5.12413854194013 ], [ -74.407703782355711, 5.119791402524984 ], [ -74.417834745720043, 5.117992586215268 ], [ -74.420624431284125, 5.120990613398129 ], [ -74.440739532456789, 5.125637555531559 ], [ -74.447053031365002, 5.125337752813274 ], [ -74.453660181385217, 5.137779565622137 ], [ -74.449549065817081, 5.155467926001005 ], [ -74.450576844709104, 5.179452143463874 ], [ -74.453513355829202, 5.186797310061878 ], [ -74.451604623601142, 5.192643463068452 ], [ -74.442648264684848, 5.196241095687884 ], [ -74.440152230232769, 5.211980738397892 ], [ -74.431342696872477, 5.217826891404466 ], [ -74.428259360196378, 5.224722353925041 ], [ -74.430902220204473, 5.229369296058473 ], [ -74.444410171356907, 5.23941268712105 ], [ -74.452779228049181, 5.239112884402764 ], [ -74.456303041393298, 5.2521543026482 ], [ -74.450870495821121, 5.250955091775055 ], [ -74.438683974672728, 5.257250948859059 ], [ -74.435160161328611, 5.252753908084771 ], [ -74.428846662420398, 5.252903809443914 ], [ -74.418275222388047, 5.260548778760204 ], [ -74.415779187935968, 5.270142465745352 ], [ -74.411668072367831, 5.27104187390021 ], [ -74.408584735691733, 5.281085264962786 ], [ -74.398160121215398, 5.286181911173647 ], [ -74.390672017859146, 5.284682897582218 ], [ -74.381128356718833, 5.27568881603364 ], [ -74.370410091130481, 5.274939309237927 ], [ -74.363509289998262, 5.268343649435637 ], [ -74.358076744426086, 5.266544833125921 ], [ -74.35528705886199, 5.255901836626772 ] ] ] } },
{ "type": "Feature", "properties": { "Código departamento": "25", "Departamento": "Cundinamarca", "Código municipio": "402", "Municipio": "LA VEGA", "DIVIPOLA": "25402" }, "geometry": { "type": "Polygon", "coordinates": [ [ [ -74.278056816403463, 5.029101080243506 ], [ -74.289509209771836, 5.024753940828361 ], [ -74.298025092020112, 5.015609957920643 ], [ -74.311092566504541, 5.012911733456069 ], [ -74.315350507628679, 5.013661240251783 ], [ -74.320929878756857, 5.006316073653779 ], [ -74.31549733318468, 4.994923570358917 ], [ -74.308449706496447, 4.991176036380343 ], [ -74.308156055384444, 4.982032053472623 ], [ -74.315350507628679, 4.968840733868045 ], [ -74.306247323156384, 4.957298329214038 ], [ -74.309477485388484, 4.948004444947176 ], [ -74.302136207588248, 4.943207601454602 ], [ -74.297731440908109, 4.94515631912346 ], [ -74.294354453119993, 4.937061645729742 ], [ -74.287747303099778, 4.938260856602885 ], [ -74.287600477543776, 4.92267111525202 ], [ -74.292298895335918, 4.912028118752871 ], [ -74.308743357608463, 4.900785516817151 ], [ -74.322544959872914, 4.886095183621143 ], [ -74.334878306577323, 4.894789462451434 ], [ -74.350001338845814, 4.89568887060629 ], [ -74.357048965534048, 4.894039955655718 ], [ -74.362041034438207, 4.914876244576587 ], [ -74.36967596335046, 4.924020227484307 ], [ -74.381862484498853, 4.934363421265169 ], [ -74.385533123398986, 4.948004444947176 ], [ -74.38274343783489, 4.962394975424899 ], [ -74.388910111187087, 4.969740142022903 ], [ -74.389937890079125, 4.976635604543477 ], [ -74.387588681183047, 4.985329883373768 ], [ -74.37951327560279, 4.997022189386917 ], [ -74.3952236100953, 5.021306209568073 ], [ -74.393021226755224, 5.032249008785509 ], [ -74.384945821174966, 5.040643484897513 ], [ -74.384798995618951, 5.048588256932088 ], [ -74.378045020042734, 5.048138552854661 ], [ -74.374814857810634, 5.041842695770657 ], [ -74.365124371114305, 5.044391018876087 ], [ -74.35528705886199, 5.044540920235229 ], [ -74.348826734397775, 5.050536974600946 ], [ -74.341191805485522, 5.051436382755804 ], [ -74.322838610984931, 5.049487665086946 ], [ -74.321517180980877, 5.054584311297806 ], [ -74.314322728736641, 5.060730267022666 ], [ -74.310798915392525, 5.068375236338956 ], [ -74.303751288704305, 5.073921586627246 ], [ -74.298171917576113, 5.064327899642097 ], [ -74.297731440908109, 5.053984705861235 ], [ -74.293326674227956, 5.048588256932088 ], [ -74.288334605323797, 5.047988651495516 ], [ -74.287453651987761, 5.040943287615799 ], [ -74.278056816403463, 5.029101080243506 ] ] ] } },
{ "type": "Feature", "properties": { "Código departamento": "25", "Departamento": "Cundinamarca", "Código municipio": "407", "Municipio": "LENGUAZAQUE", "DIVIPOLA": "25407" }, "geometry": { "type": "Polygon", "coordinates": [ [ [ -73.661976783407269, 5.24301031974048 ], [ -73.673135525663639, 5.232367323241331 ], [ -73.684294267919995, 5.228619789262758 ], [ -73.696627614624404, 5.235964955860761 ], [ -73.697802219072443, 5.242110911585622 ], [ -73.71380620467697, 5.249006374106197 ], [ -73.721587959145225, 5.245408741486767 ], [ -73.725405423601345, 5.250805190415913 ], [ -73.733480829181616, 5.252304204007342 ], [ -73.72878241138946, 5.260698680119346 ], [ -73.738179246973758, 5.269542860308781 ], [ -73.739500676977812, 5.275838717392785 ], [ -73.746695129222047, 5.283483686709073 ], [ -73.762552289270559, 5.293826880489937 ], [ -73.765635625946658, 5.298024118545938 ], [ -73.768718962622771, 5.323807152318524 ], [ -73.763873719274599, 5.324406757755097 ], [ -73.756385615918362, 5.324406757755097 ], [ -73.748457035894106, 5.333400839303672 ], [ -73.741996711429891, 5.336099063768246 ], [ -73.736710991413716, 5.343294329007105 ], [ -73.727901458053424, 5.344643441239392 ], [ -73.722615738037248, 5.338947189591962 ], [ -73.71380620467697, 5.338947189591962 ], [ -73.707639531324759, 5.329803206684242 ], [ -73.693984754616309, 5.328753897170242 ], [ -73.68884586015615, 5.33430024745853 ], [ -73.67651251345174, 5.33534955697253 ], [ -73.653607726714995, 5.353337720069683 ], [ -73.635695008882408, 5.364730223364547 ], [ -73.628060079970155, 5.358434366280544 ], [ -73.617782291049821, 5.364880124723689 ], [ -73.610000536581566, 5.372824896758265 ], [ -73.598694968769195, 5.378371247046554 ], [ -73.599429096549216, 5.370276573652835 ], [ -73.5960521087611, 5.364580322005403 ], [ -73.598401317657178, 5.361732196181687 ], [ -73.596345759873117, 5.347191764344823 ], [ -73.598401317657178, 5.339846597746818 ], [ -73.607064025461469, 5.325905771346526 ], [ -73.609560059913548, 5.318260802030236 ], [ -73.618075942161823, 5.310615832713945 ], [ -73.618663244385843, 5.298923526700796 ], [ -73.627766428858138, 5.292177965539364 ], [ -73.638778345558507, 5.289629642433934 ], [ -73.656691063391094, 5.270292367104495 ], [ -73.663004562299307, 5.265945227689349 ], [ -73.656250586723075, 5.251254894493342 ], [ -73.661976783407269, 5.24301031974048 ] ] ] } },
{ "type": "Feature", "properties": { "Código departamento": "25", "Departamento": "Cundinamarca", "Código municipio": "426", "Municipio": "MACHETÁ", "DIVIPOLA": "25426" }, "geometry": { "type": "Polygon", "coordinates": [ [ [ -73.538056014139201, 5.122789429707843 ], [ -73.53600045635514, 5.112296334567838 ], [ -73.536440933023158, 5.104351562533261 ], [ -73.544222687491413, 5.099704620399831 ], [ -73.544369513047414, 5.092959059238399 ], [ -73.548921105283569, 5.088012314386682 ], [ -73.551270314179632, 5.079467936915534 ], [ -73.54774650083553, 5.073771685268102 ], [ -73.541433001927317, 5.07212277031753 ], [ -73.539817920811259, 5.052335790910662 ], [ -73.541873478595335, 5.044540920235229 ], [ -73.545984594163457, 5.040643484897513 ], [ -73.553766348631726, 5.026402855778934 ], [ -73.56345683532804, 5.025653348983218 ], [ -73.576083833144452, 5.020256900054073 ], [ -73.583571936500704, 5.012012325301211 ], [ -73.587095749844806, 5.002868342393492 ], [ -73.595171155425078, 4.991176036380343 ], [ -73.606770374349452, 4.983081362986623 ], [ -73.615433082153743, 4.968091227072331 ], [ -73.617194988825801, 4.961045863192612 ], [ -73.625417219962074, 4.956099118340895 ], [ -73.635548183326392, 4.956249019700038 ], [ -73.642742635570642, 4.947254938151462 ], [ -73.654782331163034, 4.946355529996604 ], [ -73.665353771195385, 4.941108982426601 ], [ -73.670786316767561, 4.935262829420027 ], [ -73.677393466787777, 4.931815098159739 ], [ -73.685175221256031, 4.93391371718774 ], [ -73.685909349036052, 4.9379610538846 ], [ -73.696774440180405, 4.945456121841747 ], [ -73.702500636864599, 4.943357502813746 ], [ -73.713953030232972, 4.952951189798893 ], [ -73.711163344668876, 4.957298329214038 ], [ -73.703822066868639, 4.960746060474325 ], [ -73.698242695740447, 4.970789451536903 ], [ -73.691341894608229, 4.97573619638862 ], [ -73.687524430152109, 4.983531067064052 ], [ -73.688552209044133, 4.988178009197484 ], [ -73.684000616807992, 4.992824951330916 ], [ -73.688699034600148, 5.00376775054835 ], [ -73.684734744588013, 5.016959070152928 ], [ -73.6751910834477, 5.024454138110076 ], [ -73.670639491211546, 5.033298318299509 ], [ -73.671814095659585, 5.041992597129799 ], [ -73.663298213411309, 5.049187862368661 ], [ -73.648175181142818, 5.075870304296104 ], [ -73.637750566666469, 5.091609947006112 ], [ -73.627913254414153, 5.114095150877552 ], [ -73.624829917738055, 5.113345644081838 ], [ -73.616020384377762, 5.121290416116413 ], [ -73.6170481632698, 5.13178351125642 ], [ -73.59414337653304, 5.148722364839572 ], [ -73.580635425380606, 5.149471871635286 ], [ -73.571238589796295, 5.141826902318996 ], [ -73.563163184216023, 5.137629664262994 ], [ -73.555675080859785, 5.125787456890701 ], [ -73.556262383083805, 5.112146433208694 ], [ -73.550829837511628, 5.108698701948406 ], [ -73.542754431931357, 5.11244623592698 ], [ -73.538056014139201, 5.122789429707843 ] ] ] } },
{ "type": "Feature", "properties": { "Código departamento": "25", "Departamento": "Cundinamarca", "Código municipio": "430", "Municipio": "MADRID", "DIVIPOLA": "25430" }, "geometry": { "type": "Polygon", "coordinates": [ [ [ -74.17762813609616, 4.857763826743127 ], [ -74.175132101644081, 4.855065602278555 ], [ -74.178362263876195, 4.843823000342835 ], [ -74.187759099460493, 4.839176058209403 ], [ -74.196568632820785, 4.816540952978818 ], [ -74.198771016160862, 4.814892038028247 ], [ -74.202735306172983, 4.801251014346239 ], [ -74.210076583973233, 4.800201704832239 ], [ -74.218298815109506, 4.793755946389093 ], [ -74.224612314017705, 4.797203677649381 ], [ -74.232100417373957, 4.782363443094229 ], [ -74.244580589634353, 4.76812281397565 ], [ -74.245608368526391, 4.754331888934499 ], [ -74.239441695174193, 4.752083368547356 ], [ -74.2272551740258, 4.742489681562208 ], [ -74.232247242929958, 4.736943331273918 ], [ -74.249425832982524, 4.721653392641339 ], [ -74.253683774106662, 4.70891177711419 ], [ -74.251187739654583, 4.702316117311899 ], [ -74.255152029666704, 4.696619865664467 ], [ -74.253683774106662, 4.68852519227075 ], [ -74.256326634114743, 4.685377263728747 ], [ -74.26910045748717, 4.696469964305325 ], [ -74.286425873095737, 4.708012368959332 ], [ -74.289802860883839, 4.713858521965906 ], [ -74.299493347580153, 4.716856549148765 ], [ -74.303310812036287, 4.72015437904991 ], [ -74.31549733318468, 4.738442344865349 ], [ -74.323425913208951, 4.745337807385924 ], [ -74.32783067988909, 4.764675082715363 ], [ -74.327390203221071, 4.768572518053079 ], [ -74.316525112076718, 4.782663245812516 ], [ -74.307568753160425, 4.788809201537375 ], [ -74.302136207588248, 4.801700718423668 ], [ -74.295235406456015, 4.793006439593378 ], [ -74.281140153079562, 4.786710582509374 ], [ -74.272477445275271, 4.790158313769662 ], [ -74.264548865251015, 4.809795391817388 ], [ -74.267044899703095, 4.815491643464818 ], [ -74.260437749682879, 4.823136612781108 ], [ -74.254271076330681, 4.82013858559825 ], [ -74.250306786318546, 4.822686908703679 ], [ -74.239294869618192, 4.821637599189679 ], [ -74.23312819626598, 4.828233258991969 ], [ -74.22857660402984, 4.827483752196254 ], [ -74.216536908437448, 4.838576452772831 ], [ -74.21550912954541, 4.843373296265406 ], [ -74.201560701724944, 4.856864418588271 ], [ -74.196421807264784, 4.858213530820556 ], [ -74.184822588340396, 4.856714517229126 ], [ -74.17762813609616, 4.857763826743127 ] ] ] } },
{ "type": "Feature", "properties": { "Código departamento": "25", "Departamento": "Cundinamarca", "Código municipio": "436", "Municipio": "MANTA", "DIVIPOLA": "25436" }, "geometry": { "type": "Polygon", "coordinates": [ [ [ -73.522345679646691, 5.02925098160265 ], [ -73.521905202978672, 5.017558675589501 ], [ -73.515738529626475, 5.00376775054835 ], [ -73.506928996266183, 4.996422583950346 ], [ -73.516913134074514, 4.990576430943771 ], [ -73.518675040746572, 4.979483730367193 ], [ -73.524107586318749, 4.973487676001477 ], [ -73.533798073015063, 4.953850597953751 ], [ -73.544222687491413, 4.945006417764318 ], [ -73.548774279727553, 4.925219438357449 ], [ -73.542313955263339, 4.913976836421729 ], [ -73.55361952307571, 4.913377230985158 ], [ -73.566246520892122, 4.915026145935729 ], [ -73.588417179848861, 4.915925554090587 ], [ -73.593115597641003, 4.918473877196017 ], [ -73.601484654333291, 4.918024173118588 ], [ -73.603540212117352, 4.924170128843449 ], [ -73.610147362137567, 4.928217465540308 ], [ -73.613083873257665, 4.936911744370598 ], [ -73.614258477705704, 4.949953162616034 ], [ -73.61895689549786, 4.956398921059182 ], [ -73.617194988825801, 4.961045863192612 ], [ -73.615433082153743, 4.968091227072331 ], [ -73.606770374349452, 4.983081362986623 ], [ -73.595171155425078, 4.991176036380343 ], [ -73.587095749844806, 5.002868342393492 ], [ -73.583571936500704, 5.012012325301211 ], [ -73.576083833144452, 5.020256900054073 ], [ -73.56345683532804, 5.025653348983218 ], [ -73.553766348631726, 5.026402855778934 ], [ -73.545984594163457, 5.040643484897513 ], [ -73.541873478595335, 5.044540920235229 ], [ -73.539817920811259, 5.052335790910662 ], [ -73.541433001927317, 5.07212277031753 ], [ -73.527337748550849, 5.061779576536668 ], [ -73.528512352998888, 5.035696740045796 ], [ -73.522345679646691, 5.02925098160265 ] ] ] } },
{ "type": "Feature", "properties": { "Código departamento": "25", "Departamento": "Cundinamarca", "Código municipio": "438", "Municipio": "MEDINA", "DIVIPOLA": "25438" }, "geometry": { "type": "Polygon", "coordinates": [ [ [ -73.247635064361688, 4.623767805120999 ], [ -73.246460459913649, 4.611625795030421 ], [ -73.234861240989261, 4.607578458333562 ], [ -73.219004080940749, 4.608028162410991 ], [ -73.212103279808517, 4.61207549910785 ], [ -73.208726292020415, 4.606529148819562 ], [ -73.220178685388788, 4.591988716982697 ], [ -73.222381068728865, 4.583444339511549 ], [ -73.218857255384748, 4.575649468836116 ], [ -73.217535825380708, 4.563957162822967 ], [ -73.195658817535985, 4.560359530203537 ], [ -73.194043736419928, 4.554663278556105 ], [ -73.197420724208044, 4.545669197007528 ], [ -73.191841353079866, 4.538773734486953 ], [ -73.190666748631827, 4.533077482839523 ], [ -73.198595328656083, 4.519586360516658 ], [ -73.206083432012321, 4.503546915088363 ], [ -73.203000095336222, 4.496351649849502 ], [ -73.20344057200424, 4.489755990047212 ], [ -73.211956454252515, 4.486757962864353 ], [ -73.227519963189025, 4.47581516364692 ], [ -73.22766678874504, 4.46157453452834 ], [ -73.233099334317217, 4.448982820360333 ], [ -73.243083472125534, 4.449282623078619 ], [ -73.244845378797592, 4.441487752403186 ], [ -73.249837447701765, 4.438489725220328 ], [ -73.254829516605923, 4.423199786587747 ], [ -73.269512072206396, 4.42185067435546 ], [ -73.278027954454686, 4.414955211834886 ], [ -73.287131138926981, 4.411207677856313 ], [ -73.290654952271097, 4.406710637082024 ], [ -73.306805763431626, 4.392170205245159 ], [ -73.322662923480152, 4.38047789923201 ], [ -73.339841513532704, 4.372683028556577 ], [ -73.366710590281585, 4.375531154380293 ], [ -73.374785995861856, 4.369984804092005 ], [ -73.386678865898247, 4.35904200487457 ], [ -73.388587598126307, 4.35544437225514 ], [ -73.415309849319186, 4.336856603721414 ], [ -73.416484453767225, 4.323965086835122 ], [ -73.424413033791481, 4.313921695772545 ], [ -73.427643196023581, 4.306576529174541 ], [ -73.430286056031676, 4.306426627815399 ], [ -73.437920984943929, 4.295184025879679 ], [ -73.446436867192205, 4.288438464718246 ], [ -73.454805923884479, 4.28813866199996 ], [ -73.462587678352733, 4.278694876373955 ], [ -73.471984513937045, 4.276296454627668 ], [ -73.484024209529437, 4.28559033889453 ], [ -73.493714696225751, 4.286639648408531 ], [ -73.49679803290185, 4.283791522584814 ], [ -73.516472657406496, 4.292485801415105 ], [ -73.521171075198652, 4.292335900055963 ], [ -73.55038936084361, 4.307625838688542 ], [ -73.554353650855745, 4.319168243342548 ], [ -73.549361581951572, 4.328612028968553 ], [ -73.55361952307571, 4.334608083334271 ], [ -73.553179046407706, 4.349148515171136 ], [ -73.556409208639806, 4.35544437225514 ], [ -73.571532240908297, 4.373432535352292 ], [ -73.572119543132317, 4.388722473984871 ], [ -73.576817960924473, 4.396217541942019 ], [ -73.576377484256454, 4.407610045236882 ], [ -73.572413194244334, 4.419302351250031 ], [ -73.575349705364431, 4.423799392024319 ], [ -73.587976703180843, 4.433093276291182 ], [ -73.59150051652496, 4.444935483663474 ], [ -73.602365607669313, 4.454229367930336 ], [ -73.602365607669313, 4.462024238605768 ], [ -73.597814015433158, 4.476264867724349 ], [ -73.596198934317115, 4.486907864223496 ], [ -73.585627494284765, 4.494852636258073 ], [ -73.575790182032449, 4.498450268877503 ], [ -73.577258437592491, 4.50849365994008 ], [ -73.575643356476434, 4.516588333333799 ], [ -73.568155253120196, 4.525132710804946 ], [ -73.563016358660022, 4.53652521409981 ], [ -73.555381429747769, 4.545819098366672 ], [ -73.543048083043374, 4.548517322831244 ], [ -73.53409172412708, 4.547168210598959 ], [ -73.519996470750613, 4.564406866900396 ], [ -73.517353610742532, 4.570852625343542 ], [ -73.51177423961434, 4.576249074272687 ], [ -73.50531391515014, 4.591089308827839 ], [ -73.496063905121829, 4.596935461834414 ], [ -73.484464686197441, 4.5972352645527 ], [ -73.48108769840934, 4.606529148819562 ], [ -73.469488479484966, 4.630813169000718 ], [ -73.460532120568672, 4.638907842394437 ], [ -73.451428936096363, 4.643554784527868 ], [ -73.443647181628108, 4.644154389964439 ], [ -73.423972557123463, 4.659294427237877 ], [ -73.412373338199089, 4.666339791117594 ], [ -73.403416979282795, 4.678631702567315 ], [ -73.395047922590521, 4.667838804709024 ], [ -73.385797912562211, 4.661692848984162 ], [ -73.382861401442113, 4.654947287822732 ], [ -73.371555833629742, 4.658544920442162 ], [ -73.364508206941522, 4.654197781027016 ], [ -73.35378994135317, 4.653298372872158 ], [ -73.346742314664937, 4.649550838893584 ], [ -73.337051827968622, 4.649850641611871 ], [ -73.333968491292524, 4.639207645112722 ], [ -73.323397051260173, 4.633661294824434 ], [ -73.318258156799999, 4.635460111134148 ], [ -73.303135124531508, 4.623917706480143 ], [ -73.290214475603079, 4.634710604338435 ], [ -73.280817640018768, 4.629763859486718 ], [ -73.273182711106529, 4.630513366282432 ], [ -73.266281909974296, 4.624817114635001 ], [ -73.256885074389984, 4.621968988811285 ], [ -73.247635064361688, 4.623767805120999 ] ] ] } },
{ "type": "Feature", "properties": { "Código departamento": "25", "Departamento": "Cundinamarca", "Código municipio": "483", "Municipio": "NARIÑO", "DIVIPOLA": "25483" }, "geometry": { "type": "Polygon", "coordinates": [ [ [ -74.725581111106123, 4.460225422296053 ], [ -74.730866831122299, 4.458126803268052 ], [ -74.738061283366534, 4.459625816859481 ], [ -74.74540256116677, 4.453929565212051 ], [ -74.747017642282827, 4.443886174149474 ], [ -74.753477966747042, 4.434592289882612 ], [ -74.760819244547278, 4.430694854544895 ], [ -74.773152591251687, 4.427247123284608 ], [ -74.781815299055964, 4.417653436299459 ], [ -74.784458159064059, 4.411957184652027 ], [ -74.794882773540394, 4.400864484075449 ], [ -74.803985958012689, 4.387523263111729 ], [ -74.807656596912807, 4.379878293795438 ], [ -74.815438351381076, 4.373582436711435 ], [ -74.818081211389156, 4.367136678268289 ], [ -74.830120906981549, 4.356043977691711 ], [ -74.840398695901882, 4.341653447213988 ], [ -74.846565369254094, 4.335357590129985 ], [ -74.85581537928239, 4.334757984693414 ], [ -74.855521728170388, 4.342103151291417 ], [ -74.851851089270269, 4.358892103515427 ], [ -74.854347123722349, 4.366387171472573 ], [ -74.84333520702198, 4.375081450302864 ], [ -74.839077265897842, 4.382576518260012 ], [ -74.838049487005804, 4.395468035146304 ], [ -74.832616941433628, 4.405361524849737 ], [ -74.835112975885721, 4.411957184652027 ], [ -74.830708209205568, 4.423199786587747 ], [ -74.833938371437682, 4.433842783086896 ], [ -74.833057418101646, 4.443436470072045 ], [ -74.828065349197487, 4.446284595895761 ], [ -74.822045501401291, 4.445385187740903 ], [ -74.819989943617216, 4.435491698037469 ], [ -74.806041515796764, 4.424998602897463 ], [ -74.807803422468822, 4.417353633581173 ], [ -74.799434365776548, 4.418852647172602 ], [ -74.793120866868335, 4.424398997460892 ], [ -74.787247844628141, 4.433093276291182 ], [ -74.776382753483787, 4.439988738811757 ], [ -74.769188301239552, 4.450331932592619 ], [ -74.768454173459531, 4.455578480162623 ], [ -74.75582717564312, 4.467870391612343 ], [ -74.7552398734191, 4.472217531027488 ], [ -74.74540256116677, 4.47281713646406 ], [ -74.743053352270692, 4.47581516364692 ], [ -74.732775563350359, 4.461724435887484 ], [ -74.725581111106123, 4.460225422296053 ] ] ] } },
{ "type": "Feature", "properties": { "Código departamento": "25", "Departamento": "Cundinamarca", "Código municipio": "486", "Municipio": "NEMOCÓN", "DIVIPOLA": "25486" }, "geometry": { "type": "Polygon", "coordinates": [ [ [ -73.845361902857277, 5.154718419205289 ], [ -73.846096030637298, 5.145124732220141 ], [ -73.835671416160963, 5.143325915910427 ], [ -73.840810310621123, 5.134181933002707 ], [ -73.853437308437535, 5.127736174559559 ], [ -73.853290482881533, 5.119341698447555 ], [ -73.834790462824927, 5.102252943505261 ], [ -73.830238870588786, 5.096256889139544 ], [ -73.837139671721005, 5.088761821182396 ], [ -73.848151588421374, 5.072722375754101 ], [ -73.855933342889628, 5.065976814592669 ], [ -73.853437308437535, 5.056083324889236 ], [ -73.870322247378098, 5.051286481396661 ], [ -73.870909549602118, 5.047389046058945 ], [ -73.888969092990706, 5.045440328390087 ], [ -73.894988940786902, 5.042742103925513 ], [ -73.912461181951471, 5.027901869370363 ], [ -73.914076263067528, 5.030749995194079 ], [ -73.931254853120095, 5.039594175383512 ], [ -73.935659619800234, 5.043491610721229 ], [ -73.92479452865588, 5.055034015375235 ], [ -73.931548504232097, 5.062678984691524 ], [ -73.929786597560039, 5.074071487986388 ], [ -73.932135806456117, 5.085463991281251 ], [ -73.914810390847549, 5.103452154378403 ], [ -73.909671496387389, 5.111247025053838 ], [ -73.908350066383335, 5.127586273200417 ], [ -73.906294508599274, 5.132982722129563 ], [ -73.899834184135059, 5.14047779008671 ], [ -73.892933383002841, 5.141677000959853 ], [ -73.891758778554802, 5.15067108250843 ], [ -73.894254813006881, 5.154718419205289 ], [ -73.888234965210685, 5.159665164057006 ], [ -73.879572257406394, 5.151120786585859 ], [ -73.871643677382139, 5.154118813768718 ], [ -73.866945259589983, 5.149022167557857 ], [ -73.856667470669649, 5.151720392022431 ], [ -73.856373819557632, 5.159215459979577 ], [ -73.845361902857277, 5.154718419205289 ] ] ] } },
{ "type": "Feature", "properties": { "Código departamento": "25", "Departamento": "Cundinamarca", "Código municipio": "488", "Municipio": "NILO", "DIVIPOLA": "25488" }, "geometry": { "type": "Polygon", "coordinates": [ [ [ -74.548509490564328, 4.364138651085431 ], [ -74.528981691615684, 4.367886185064003 ], [ -74.521493588259432, 4.363239242930573 ], [ -74.511803101563117, 4.364138651085431 ], [ -74.498588801522686, 4.354694865459424 ], [ -74.505342777098903, 4.345850685269991 ], [ -74.507398334882978, 4.335657392848272 ], [ -74.517088821579293, 4.325464100426552 ], [ -74.539993608316038, 4.307326035970257 ], [ -74.545426153888215, 4.299681066653966 ], [ -74.550858699460392, 4.287988760640817 ], [ -74.554382512804509, 4.274947342395381 ], [ -74.551886478352429, 4.265053852691946 ], [ -74.555557117252548, 4.267152471719949 ], [ -74.56245791838478, 4.272099216571665 ], [ -74.58007698510535, 4.26670276764252 ], [ -74.58859286735364, 4.267452274438233 ], [ -74.601219865170052, 4.262205726868232 ], [ -74.604596852958153, 4.257109080657371 ], [ -74.619866710782659, 4.251862533087368 ], [ -74.621041315230698, 4.242868451538793 ], [ -74.618838931890622, 4.238371410764503 ], [ -74.626180209690872, 4.223081472131924 ], [ -74.632787359711088, 4.223531176209353 ], [ -74.640275463067326, 4.215136700097349 ], [ -74.639541335287305, 4.21063965932306 ], [ -74.654811193111811, 4.203294492725056 ], [ -74.656279448671853, 4.214537094660776 ], [ -74.662299296468049, 4.211089363400489 ], [ -74.676835026512521, 4.206592322626201 ], [ -74.68916837321693, 4.207791533499345 ], [ -74.691223931000991, 4.211239264759633 ], [ -74.70164854547734, 4.211988771555347 ], [ -74.700473941029301, 4.218434529998492 ], [ -74.711192206617653, 4.232525257757929 ], [ -74.717505705525866, 4.234623876785931 ], [ -74.721910472206005, 4.231026244166499 ], [ -74.730720005566297, 4.244817169207651 ], [ -74.719854914421944, 4.249164308622796 ], [ -74.716918403301847, 4.253811250756226 ], [ -74.706493788825497, 4.2586080942488 ], [ -74.694747744345108, 4.261456220072517 ], [ -74.691223931000991, 4.270150498902807 ], [ -74.674926294284461, 4.285140634817101 ], [ -74.675807247620497, 4.28813866199996 ], [ -74.660977866464009, 4.305677121019683 ], [ -74.660390564239989, 4.310773767230544 ], [ -74.664942156476144, 4.322016369166264 ], [ -74.66303342424807, 4.335957195566558 ], [ -74.664501679808126, 4.340454236340846 ], [ -74.649672298651637, 4.354095260022853 ], [ -74.63425561527113, 4.347049896143134 ], [ -74.630584976371011, 4.343752066241991 ], [ -74.625299256354836, 4.350197824685137 ], [ -74.614287339654481, 4.358892103515427 ], [ -74.610469875198348, 4.355744174973425 ], [ -74.596961924045914, 4.358292498078856 ], [ -74.583307147337464, 4.368335889141432 ], [ -74.560696011712722, 4.373882239429721 ], [ -74.551886478352429, 4.371184014965148 ], [ -74.548509490564328, 4.364138651085431 ] ] ] } },
{ "type": "Feature", "properties": { "Código departamento": "25", "Departamento": "Cundinamarca", "Código municipio": "489", "Municipio": "NIMAIMA", "DIVIPOLA": "25489" }, "geometry": { "type": "Polygon", "coordinates": [ [ [ -74.340164026593499, 5.200288432384743 ], [ -74.341338631041538, 5.190245041322165 ], [ -74.35337832663393, 5.182899874724161 ], [ -74.35660848886603, 5.1736059904573 ], [ -74.357342616646051, 5.158765755902148 ], [ -74.362481511106225, 5.152919602895573 ], [ -74.365418022226322, 5.143176014551282 ], [ -74.373199776694577, 5.137179960185565 ], [ -74.371144218910501, 5.128485681355275 ], [ -74.366592626674361, 5.123089232426129 ], [ -74.365418022226322, 5.114245052236696 ], [ -74.36835453334642, 5.10734958971612 ], [ -74.374961683366635, 5.104951167969834 ], [ -74.381568833386851, 5.103901858455832 ], [ -74.391993447863186, 5.110197715539836 ], [ -74.402124411227518, 5.10270264758269 ], [ -74.407556956799695, 5.103602055737547 ], [ -74.410933944587811, 5.098055705449258 ], [ -74.419596652392102, 5.100454127195545 ], [ -74.426644279080321, 5.089211525259825 ], [ -74.429140313532415, 5.070473855366958 ], [ -74.427525232416357, 5.065227307796955 ], [ -74.436481591332651, 5.0685251376981 ], [ -74.440005404676768, 5.067026124106669 ], [ -74.448668112481045, 5.072872277113244 ], [ -74.4501363680411, 5.082915668175821 ], [ -74.454687960277241, 5.089211525259825 ], [ -74.451457798045141, 5.0971562972944 ], [ -74.446759380252985, 5.116643473982983 ], [ -74.450870495821121, 5.123239133785272 ], [ -74.447053031365002, 5.125337752813274 ], [ -74.440739532456789, 5.125637555531559 ], [ -74.420624431284125, 5.120990613398129 ], [ -74.417834745720043, 5.117992586215268 ], [ -74.407703782355711, 5.119791402524984 ], [ -74.402711713451538, 5.12413854194013 ], [ -74.402271236783534, 5.129984694946704 ], [ -74.39581091231932, 5.138379171058708 ], [ -74.392580750087205, 5.145724337656714 ], [ -74.389937890079125, 5.162813092599008 ], [ -74.383771216726927, 5.187396915498449 ], [ -74.377898194486733, 5.188596126371594 ], [ -74.370410091130481, 5.195941292969597 ], [ -74.36967596335046, 5.199988629666456 ], [ -74.359544999986127, 5.204635571799888 ], [ -74.350294989957831, 5.201187840539601 ], [ -74.343100537713582, 5.20478547315903 ], [ -74.340164026593499, 5.200288432384743 ] ] ] } },
{ "type": "Feature", "properties": { "Código departamento": "25", "Departamento": "Cundinamarca", "Código municipio": "491", "Municipio": "NOCAIMA", "DIVIPOLA": "25491" }, "geometry": { "type": "Polygon", "coordinates": [ [ [ -74.374961683366635, 5.104951167969834 ], [ -74.364977545558304, 5.097456100012686 ], [ -74.357195791090049, 5.085463991281251 ], [ -74.350148164401816, 5.082465964098392 ], [ -74.342953712157581, 5.090560637492112 ], [ -74.337667992141405, 5.084864385844679 ], [ -74.338548945477442, 5.071673066240101 ], [ -74.337374341029403, 5.06192947789581 ], [ -74.341779107709542, 5.056533028966665 ], [ -74.341191805485522, 5.051436382755804 ], [ -74.348826734397775, 5.050536974600946 ], [ -74.35528705886199, 5.044540920235229 ], [ -74.365124371114305, 5.044391018876087 ], [ -74.374814857810634, 5.041842695770657 ], [ -74.378045020042734, 5.048138552854661 ], [ -74.384798995618951, 5.048588256932088 ], [ -74.384945821174966, 5.040643484897513 ], [ -74.393021226755224, 5.032249008785509 ], [ -74.3952236100953, 5.021306209568073 ], [ -74.400802981223478, 5.013811141610927 ], [ -74.412402200147866, 5.020406801413215 ], [ -74.423414116848221, 5.025953151701505 ], [ -74.423414116848221, 5.040793386256655 ], [ -74.436041114664633, 5.0451405256718 ], [ -74.435600637996615, 5.053535001783806 ], [ -74.427525232416357, 5.065227307796955 ], [ -74.429140313532415, 5.070473855366958 ], [ -74.426644279080321, 5.089211525259825 ], [ -74.419596652392102, 5.100454127195545 ], [ -74.410933944587811, 5.098055705449258 ], [ -74.407556956799695, 5.103602055737547 ], [ -74.402124411227518, 5.10270264758269 ], [ -74.391993447863186, 5.110197715539836 ], [ -74.381568833386851, 5.103901858455832 ], [ -74.374961683366635, 5.104951167969834 ] ] ] } },
{ "type": "Feature", "properties": { "Código departamento": "25", "Departamento": "Cundinamarca", "Código municipio": "506", "Municipio": "VENECIA", "DIVIPOLA": "25506" }, "geometry": { "type": "Polygon", "coordinates": [ [ [ -74.444997473580926, 4.110805354133864 ], [ -74.440005404676768, 4.100312258993857 ], [ -74.431636347984494, 4.104959201127289 ], [ -74.407263305687692, 4.094915810064712 ], [ -74.403005364563555, 4.094466105987283 ], [ -74.397425993435377, 4.085472024438707 ], [ -74.392580750087205, 4.082324095896705 ], [ -74.387001378959027, 4.072130803474985 ], [ -74.384945821174966, 4.062237313771552 ], [ -74.384652170062949, 4.039902011259254 ], [ -74.379366450046774, 4.03615447728068 ], [ -74.380687880050814, 4.021913848162101 ], [ -74.383330740058909, 4.019965130493243 ], [ -74.39977520233144, 4.027310297091247 ], [ -74.421505384620161, 4.024612072626673 ], [ -74.425029197964278, 4.02701049437296 ], [ -74.437215719112672, 4.02491187534496 ], [ -74.453513355829202, 4.027160395732102 ], [ -74.459533203625398, 4.031057831069819 ], [ -74.462910191413513, 4.037053885435538 ], [ -74.472453852553826, 4.036004575921537 ], [ -74.48008878146608, 4.028359606605247 ], [ -74.486549105930294, 4.028959212041818 ], [ -74.492422128170489, 4.034055858252679 ], [ -74.498441975966685, 4.029708718837534 ], [ -74.500938010418764, 4.023262960394386 ], [ -74.511803101563117, 4.022963157676101 ], [ -74.519584856031372, 4.018616018260956 ], [ -74.523989622711511, 4.022213650880386 ], [ -74.526926133831608, 4.023562763112673 ], [ -74.531330900511762, 4.033756055534393 ], [ -74.527660261611643, 4.040651518054967 ], [ -74.529715819395705, 4.044099249315255 ], [ -74.525604703827568, 4.052193922708974 ], [ -74.517969774915315, 4.057740272997262 ], [ -74.51870390269535, 4.061787609694123 ], [ -74.508719764887019, 4.078126857840702 ], [ -74.486255454818277, 4.096414823656141 ], [ -74.48331894369818, 4.106907918796147 ], [ -74.476418142565961, 4.111554860929577 ], [ -74.476418142565961, 4.120099238400726 ], [ -74.469810992545746, 4.118450323450152 ], [ -74.448080810257025, 4.121448350633012 ], [ -74.444997473580926, 4.110805354133864 ] ] ] } },
{ "type": "Feature", "properties": { "Código departamento": "25", "Departamento": "Cundinamarca", "Código municipio": "513", "Municipio": "PACHO", "DIVIPOLA": "25513" }, "geometry": { "type": "Polygon", "coordinates": [ [ [ -74.137691584862864, 5.234615843628476 ], [ -74.129028877058573, 5.238063574888764 ], [ -74.110822508113984, 5.241361404789909 ], [ -74.103628055869734, 5.245858445564196 ], [ -74.097314556961535, 5.246308149641625 ], [ -74.087183593597203, 5.232667125959618 ], [ -74.077786758012891, 5.23071840829076 ], [ -74.078227234680909, 5.226970874312186 ], [ -74.068096271316577, 5.220974819946469 ], [ -74.060461342404324, 5.218726299559324 ], [ -74.055909750168183, 5.214229258785037 ], [ -74.041374020123698, 5.209882119369891 ], [ -74.039612113451639, 5.20628448675046 ], [ -74.049889902371973, 5.20163754461703 ], [ -74.04959625125997, 5.189495534526452 ], [ -74.045485135691834, 5.169708555119583 ], [ -74.045778786803851, 5.158166150465576 ], [ -74.056056575724185, 5.147223351248143 ], [ -74.067068492424539, 5.153819011050431 ], [ -74.074116119112773, 5.14302611319214 ], [ -74.070005003544637, 5.127586273200417 ], [ -74.07763993245689, 5.119191797088413 ], [ -74.078227234680909, 5.093708566034112 ], [ -74.076758979120854, 5.086663202154395 ], [ -74.082925652473065, 5.069874249930385 ], [ -74.089826453605284, 5.065077406437811 ], [ -74.093790743617419, 5.067026124106669 ], [ -74.098342335853573, 5.070923559444386 ], [ -74.10891377588591, 5.070174052648672 ], [ -74.113759019234067, 5.072872277113244 ], [ -74.11816378591422, 5.069724348571243 ], [ -74.126532842606494, 5.068824940416385 ], [ -74.131378085954651, 5.061629675177524 ], [ -74.137691584862864, 5.056682930325807 ], [ -74.137397933750847, 5.049937369164375 ], [ -74.141655874874985, 5.047838750136374 ], [ -74.141802700430986, 5.040793386256655 ], [ -74.145326513775103, 5.037495556355512 ], [ -74.152667791575354, 5.039294372665226 ], [ -74.157659860479512, 5.043791413439515 ], [ -74.158247162703532, 5.05173618547409 ], [ -74.174251148308059, 5.064927505078669 ], [ -74.174104322752044, 5.070323954007814 ], [ -74.178362263876195, 5.080367345070392 ], [ -74.185703541676432, 5.087412708950109 ], [ -74.187612273904492, 5.096556691857828 ], [ -74.195540853928748, 5.10270264758269 ], [ -74.203469433953018, 5.104201661174119 ], [ -74.21492182732139, 5.102103042146118 ], [ -74.226814697357781, 5.118442290292697 ], [ -74.226961522913783, 5.136130650671565 ], [ -74.225199616241724, 5.142876211832998 ], [ -74.242818682962309, 5.150221378431001 ], [ -74.246342496306411, 5.149471871635286 ], [ -74.256179808558741, 5.158166150465576 ], [ -74.261612354130918, 5.16551131706358 ], [ -74.270275061935209, 5.16191368444415 ], [ -74.276148084175389, 5.167160232014154 ], [ -74.291564767555897, 5.169108949683012 ], [ -74.294060802007976, 5.179302242104732 ], [ -74.299493347580153, 5.184698691033877 ], [ -74.300667952028192, 5.192343660350168 ], [ -74.29596953423605, 5.19354287122331 ], [ -74.290243337551857, 5.202087248694458 ], [ -74.285544919759701, 5.213629653348463 ], [ -74.287747303099778, 5.218726299559324 ], [ -74.285104443091683, 5.227870282467044 ], [ -74.289656035327837, 5.232217421882189 ], [ -74.284517140867663, 5.23641465993819 ], [ -74.27497347972735, 5.227270677030471 ], [ -74.272624270831272, 5.229819000135902 ], [ -74.256913936338762, 5.228919591981044 ], [ -74.249132181870507, 5.239562588480193 ], [ -74.250306786318546, 5.24960597954277 ], [ -74.246929798530431, 5.262497496429062 ], [ -74.249279007426509, 5.276738125547641 ], [ -74.242671857406293, 5.293077373694222 ], [ -74.22064802400557, 5.289629642433934 ], [ -74.213306746205333, 5.295625696799651 ], [ -74.207286898409137, 5.287680924765076 ], [ -74.209489281749214, 5.277337730984214 ], [ -74.208167851745173, 5.265795326330207 ], [ -74.20376308506502, 5.26234759506992 ], [ -74.202588480616981, 5.251854499929913 ], [ -74.204203561733038, 5.241511306149051 ], [ -74.201854352836961, 5.239112884402764 ], [ -74.201854352836961, 5.228469887903615 ], [ -74.205231340625076, 5.224272649847612 ], [ -74.20376308506502, 5.210481724806463 ], [ -74.20112022505694, 5.206584289468746 ], [ -74.202735306172983, 5.195791391610455 ], [ -74.19862419060486, 5.192643463068452 ], [ -74.191870215028629, 5.211081330243034 ], [ -74.179536868324234, 5.214379160144179 ], [ -74.17366384608404, 5.220375214509896 ], [ -74.174104322752044, 5.229519197417615 ], [ -74.167350347175827, 5.233716435473618 ], [ -74.154282872691397, 5.231467915086474 ], [ -74.151199536015298, 5.234166139551047 ], [ -74.137691584862864, 5.234615843628476 ] ] ] } },
{ "type": "Feature", "properties": { "Código departamento": "25", "Departamento": "Cundinamarca", "Código municipio": "518", "Municipio": "PAIME", "DIVIPOLA": "25518" }, "geometry": { "type": "Polygon", "coordinates": [ [ [ -74.096874080293517, 5.470560582919462 ], [ -74.097020905849519, 5.459617783702027 ], [ -74.094084394729435, 5.449874195357736 ], [ -74.097608208073538, 5.440130607013445 ], [ -74.094818522509456, 5.436383073034871 ], [ -74.101572498085673, 5.420793331684005 ], [ -74.101425672529672, 5.409550729748285 ], [ -74.110382031445965, 5.39860793053085 ], [ -74.108620124773907, 5.391112862573704 ], [ -74.113318542566063, 5.382268682384271 ], [ -74.108473299217906, 5.376422529377696 ], [ -74.10641774143383, 5.361732196181687 ], [ -74.110675682557968, 5.355286437738541 ], [ -74.120953471478316, 5.358434366280544 ], [ -74.126092365938476, 5.351239101041682 ], [ -74.131818562622669, 5.348840679295395 ], [ -74.130497132618615, 5.333700642021959 ], [ -74.138278887086869, 5.334450148817672 ], [ -74.147088420447162, 5.331901825712243 ], [ -74.147822548227197, 5.324856461832526 ], [ -74.157953511591515, 5.321258829213094 ], [ -74.158981290483553, 5.314663169410806 ], [ -74.168524951623866, 5.299373230778225 ], [ -74.173810671640041, 5.297574414468509 ], [ -74.183060681668337, 5.301321948447083 ], [ -74.187171797236473, 5.311365339509661 ], [ -74.198477365048845, 5.319310111544236 ], [ -74.196421807264784, 5.322308138727094 ], [ -74.20244165506098, 5.328753897170242 ], [ -74.203175782841001, 5.336248965127388 ], [ -74.206846421741119, 5.341345611338247 ], [ -74.21360039731735, 5.339546795028533 ], [ -74.220941675117587, 5.342095118133963 ], [ -74.224465488461703, 5.352738114633111 ], [ -74.222850407345646, 5.360682886667687 ], [ -74.231072638481919, 5.370876179089406 ], [ -74.232100417373957, 5.379120753842268 ], [ -74.235624230718059, 5.383018189179984 ], [ -74.234302800714019, 5.397408719657707 ], [ -74.219326594001529, 5.416745994987147 ], [ -74.211691665089276, 5.41749550178286 ], [ -74.205524991737079, 5.42663948469058 ], [ -74.199651969496884, 5.43068682138744 ], [ -74.194659900592725, 5.439231198858587 ], [ -74.191429738360625, 5.440130607013445 ], [ -74.17762813609616, 5.459617783702027 ], [ -74.175278927200083, 5.462166106807456 ], [ -74.159128116039554, 5.44807537904802 ], [ -74.151052710459297, 5.444327845069448 ], [ -74.143858258215062, 5.448525083125449 ], [ -74.13710428263883, 5.443278535555446 ], [ -74.128735225946571, 5.429937314591725 ], [ -74.123155854818378, 5.429037906436867 ], [ -74.119778867030277, 5.449274589921164 ], [ -74.113024891454046, 5.46696295030003 ], [ -74.116401879242161, 5.474158215538892 ], [ -74.096874080293517, 5.470560582919462 ] ] ] } },
{ "type": "Feature", "properties": { "Código departamento": "25", "Departamento": "Cundinamarca", "Código municipio": "524", "Municipio": "PANDI", "DIVIPOLA": "25524" }, "geometry": { "type": "Polygon", "coordinates": [ [ [ -74.466140353645628, 4.216935516407063 ], [ -74.458945901401393, 4.205393111753058 ], [ -74.451164146933138, 4.20044636690134 ], [ -74.444116520244904, 4.192351693507622 ], [ -74.439271276896747, 4.180959190212758 ], [ -74.43956492800875, 4.173614023614754 ], [ -74.435453812440613, 4.16986648963618 ], [ -74.426937930192338, 4.151428622461599 ], [ -74.427378406860356, 4.146631778969026 ], [ -74.434719684660593, 4.140635724603308 ], [ -74.439418102452748, 4.123397068301871 ], [ -74.444997473580926, 4.110805354133864 ], [ -74.448080810257025, 4.121448350633012 ], [ -74.469810992545746, 4.118450323450152 ], [ -74.476418142565961, 4.120099238400726 ], [ -74.474803061449904, 4.128643615871872 ], [ -74.483612594810197, 4.147231384405598 ], [ -74.484640373702234, 4.157124874109031 ], [ -74.48331894369818, 4.176761952156757 ], [ -74.501231661530767, 4.187704751374191 ], [ -74.500791184862763, 4.194150509817336 ], [ -74.50622373043494, 4.196399030204481 ], [ -74.512537229343138, 4.211239264759633 ], [ -74.511803101563117, 4.218434529998492 ], [ -74.516501519355273, 4.229827033293357 ], [ -74.518850728251351, 4.240470029792506 ], [ -74.504755474874884, 4.243767859693651 ], [ -74.492422128170489, 4.242568648820506 ], [ -74.482291164806156, 4.238971016201076 ], [ -74.466140353645628, 4.216935516407063 ] ] ] } },
{ "type": "Feature", "properties": { "Código departamento": "25", "Departamento": "Cundinamarca", "Código municipio": "530", "Municipio": "PARATEBUENO", "DIVIPOLA": "25530" }, "geometry": { "type": "Polygon", "coordinates": [ [ [ -73.05250390043129, 4.736343725837346 ], [ -73.06689280491976, 4.641006461422438 ], [ -73.09170632388458, 4.475215558210347 ], [ -73.109472216161151, 4.35754299128314 ], [ -73.124154771761638, 4.259807305121945 ], [ -73.124888899541659, 4.256959179298229 ], [ -73.136928595134066, 4.213787587865062 ], [ -73.14852781405844, 4.22742861154707 ], [ -73.152638929626576, 4.226529203392212 ], [ -73.170111170791145, 4.238371410764503 ], [ -73.169377043011124, 4.244067662411935 ], [ -73.177746099703398, 4.244367465130222 ], [ -73.181269913047515, 4.252462138523941 ], [ -73.192575480859887, 4.264454247255375 ], [ -73.198888979768086, 4.266402964924233 ], [ -73.203734223116243, 4.273298427444808 ], [ -73.212103279808517, 4.273898032881381 ], [ -73.223408847620888, 4.28154300219767 ], [ -73.234861240989261, 4.286489747049388 ], [ -73.245726332133628, 4.287239253845102 ], [ -73.261436666626139, 4.293834913647392 ], [ -73.265254131082258, 4.290686985105389 ], [ -73.27332953666253, 4.292785604133392 ], [ -73.282285895578823, 4.298032151703393 ], [ -73.295647021175256, 4.298781658499109 ], [ -73.326186736824269, 4.306126825097112 ], [ -73.349091523561015, 4.319917750138262 ], [ -73.353643115797155, 4.321266862370549 ], [ -73.380805843658052, 4.317819131110261 ], [ -73.386238389230229, 4.318718539265119 ], [ -73.397690782598602, 4.314371399849974 ], [ -73.401948723722739, 4.315870413441403 ], [ -73.415163023763171, 4.311823076744544 ], [ -73.42235747600742, 4.305677121019683 ], [ -73.427643196023581, 4.306576529174541 ], [ -73.424413033791481, 4.313921695772545 ], [ -73.416484453767225, 4.323965086835122 ], [ -73.415309849319186, 4.336856603721414 ], [ -73.388587598126307, 4.35544437225514 ], [ -73.386678865898247, 4.35904200487457 ], [ -73.374785995861856, 4.369984804092005 ], [ -73.366710590281585, 4.375531154380293 ], [ -73.339841513532704, 4.372683028556577 ], [ -73.322662923480152, 4.38047789923201 ], [ -73.306805763431626, 4.392170205245159 ], [ -73.290654952271097, 4.406710637082024 ], [ -73.287131138926981, 4.411207677856313 ], [ -73.278027954454686, 4.414955211834886 ], [ -73.269512072206396, 4.42185067435546 ], [ -73.254829516605923, 4.423199786587747 ], [ -73.249837447701765, 4.438489725220328 ], [ -73.244845378797592, 4.441487752403186 ], [ -73.243083472125534, 4.449282623078619 ], [ -73.233099334317217, 4.448982820360333 ], [ -73.22766678874504, 4.46157453452834 ], [ -73.227519963189025, 4.47581516364692 ], [ -73.211956454252515, 4.486757962864353 ], [ -73.20344057200424, 4.489755990047212 ], [ -73.203000095336222, 4.496351649849502 ], [ -73.206083432012321, 4.503546915088363 ], [ -73.198595328656083, 4.519586360516658 ], [ -73.190666748631827, 4.533077482839523 ], [ -73.191841353079866, 4.538773734486953 ], [ -73.197420724208044, 4.545669197007528 ], [ -73.194043736419928, 4.554663278556105 ], [ -73.195658817535985, 4.560359530203537 ], [ -73.217535825380708, 4.563957162822967 ], [ -73.218857255384748, 4.575649468836116 ], [ -73.222381068728865, 4.583444339511549 ], [ -73.220178685388788, 4.591988716982697 ], [ -73.208726292020415, 4.606529148819562 ], [ -73.212103279808517, 4.61207549910785 ], [ -73.219004080940749, 4.608028162410991 ], [ -73.234861240989261, 4.607578458333562 ], [ -73.246460459913649, 4.611625795030421 ], [ -73.247635064361688, 4.623767805120999 ], [ -73.244992204353593, 4.64370468588701 ], [ -73.240146961005436, 4.662742158498165 ], [ -73.23412711320924, 4.670537029173597 ], [ -73.229869172085102, 4.670087325096168 ], [ -73.220619162056806, 4.676682984898457 ], [ -73.207845338684379, 4.680580420236173 ], [ -73.193456434195909, 4.672185944124169 ], [ -73.181857215271535, 4.66813860742731 ], [ -73.15968655631481, 4.662442355779878 ], [ -73.154254010742619, 4.657345709569019 ], [ -73.147353209610401, 4.655396991900161 ], [ -73.132817479565929, 4.665140580244452 ], [ -73.127531759549754, 4.665590284321881 ], [ -73.120924609529538, 4.671436437328455 ], [ -73.112702378393266, 4.661243144906735 ], [ -73.103305542808954, 4.661243144906735 ], [ -73.100222206132855, 4.669487719659597 ], [ -73.091412672772563, 4.676233280821028 ], [ -73.091412672772563, 4.688824994989035 ], [ -73.085686476088384, 4.698268780615041 ], [ -73.079666628292188, 4.7044147363399 ], [ -73.080400756072208, 4.70891177711419 ], [ -73.072031699379934, 4.719854576331623 ], [ -73.07863884940015, 4.726450236133913 ], [ -73.072472176047938, 4.738142542147062 ], [ -73.062047561571603, 4.731846685063059 ], [ -73.05250390043129, 4.736343725837346 ] ] ] } },
{ "type": "Feature", "properties": { "Código departamento": "25", "Departamento": "Cundinamarca", "Código municipio": "535", "Municipio": "PASCA", "DIVIPOLA": "25535" }, "geometry": { "type": "Polygon", "coordinates": [ [ [ -74.236064707386078, 4.40041477999802 ], [ -74.228723429585841, 4.399065667765735 ], [ -74.217124210661467, 4.387972967189158 ], [ -74.21418769954137, 4.381227406027725 ], [ -74.215802780657413, 4.364288552444573 ], [ -74.215215478433393, 4.356793484487425 ], [ -74.21741786177347, 4.345850685269991 ], [ -74.215949606213428, 4.341653447213988 ], [ -74.213747222873351, 4.306876331892828 ], [ -74.216683733993449, 4.286789549767673 ], [ -74.221822628453609, 4.282142607634243 ], [ -74.217124210661467, 4.273298427444808 ], [ -74.205524991737079, 4.268951288029663 ], [ -74.206405945073115, 4.258008488812229 ], [ -74.20435038728904, 4.252761941242226 ], [ -74.207727375077155, 4.243468056975364 ], [ -74.217711512885472, 4.234473975426787 ], [ -74.220207547337566, 4.225329992519069 ], [ -74.228136127361822, 4.222182063977066 ], [ -74.23180676626194, 4.216635713688778 ], [ -74.234743277382037, 4.201495676415342 ], [ -74.237679788502135, 4.195499622049623 ], [ -74.246636147418428, 4.199097254669055 ], [ -74.260437749682879, 4.196099227486195 ], [ -74.262052830798936, 4.192651496225907 ], [ -74.274826654171349, 4.19325110166248 ], [ -74.283195710863623, 4.197448339718481 ], [ -74.293620325339973, 4.19579942476791 ], [ -74.304044939816308, 4.197598241077626 ], [ -74.3128544731766, 4.196698832922768 ], [ -74.323132262096934, 4.208840843013346 ], [ -74.32533464543701, 4.225479893878211 ], [ -74.335612434357344, 4.227878315624499 ], [ -74.330767191009187, 4.240919733869934 ], [ -74.336346562137365, 4.244067662411935 ], [ -74.336052911025362, 4.251862533087368 ], [ -74.328124331001092, 4.266103162205948 ], [ -74.336787038805383, 4.27689606006424 ], [ -74.339870375481482, 4.284391128021386 ], [ -74.349267211065794, 4.289487774232247 ], [ -74.352056896629875, 4.295633729957106 ], [ -74.348386257729757, 4.303578501991683 ], [ -74.342953712157581, 4.325464100426552 ], [ -74.334144178797288, 4.33760611051713 ], [ -74.330914016565188, 4.34630038934742 ], [ -74.330620365453186, 4.356793484487425 ], [ -74.326362424329034, 4.371184014965148 ], [ -74.319461623196815, 4.386324052238584 ], [ -74.31476320540466, 4.384075531851441 ], [ -74.306687799824402, 4.368485790500576 ], [ -74.289068733103818, 4.368635691859718 ], [ -74.282461583083602, 4.379428589718009 ], [ -74.267779027483115, 4.385874348161155 ], [ -74.253096471882643, 4.400714582716307 ], [ -74.245021066302371, 4.40191379358945 ], [ -74.236064707386078, 4.40041477999802 ] ] ] } },
{ "type": "Feature", "properties": { "Código departamento": "25", "Departamento": "Cundinamarca", "Código municipio": "572", "Municipio": "PUERTO SALGAR", "DIVIPOLA": "25572" }, "geometry": { "type": "Polygon", "coordinates": [ [ [ -74.485668152594258, 5.770813005282768 ], [ -74.483906245922199, 5.759270600628761 ], [ -74.470104643657749, 5.754173954417902 ], [ -74.469957818101747, 5.748927406847899 ], [ -74.479207828130043, 5.746379083742469 ], [ -74.481116560358117, 5.742031944327324 ], [ -74.468489562541691, 5.733787369574462 ], [ -74.472013375885808, 5.718197628223597 ], [ -74.47627131700996, 5.716099009195594 ], [ -74.474215759225885, 5.706955026287877 ], [ -74.482878467030176, 5.702607886872731 ], [ -74.485668152594258, 5.696312029788728 ], [ -74.483906245922199, 5.68986627134558 ], [ -74.489191965938375, 5.686868244162722 ], [ -74.485814978150273, 5.67967297892386 ], [ -74.483759420366198, 5.667530968833282 ], [ -74.490513395942415, 5.656738070974991 ], [ -74.487723710378333, 5.647144383989843 ], [ -74.500203882638743, 5.639799217391839 ], [ -74.505930079322923, 5.641448132342412 ], [ -74.507985637106998, 5.634852472540122 ], [ -74.514445961571198, 5.630055629047548 ], [ -74.514299136015197, 5.624209476040973 ], [ -74.52061263492341, 5.611317959154682 ], [ -74.526926133831608, 5.605471806148107 ], [ -74.535882492747902, 5.592730190620956 ], [ -74.537350748307958, 5.577290350629233 ], [ -74.534707888299863, 5.56589784733437 ], [ -74.540434084984057, 5.554505344039508 ], [ -74.542783293880134, 5.538465898611213 ], [ -74.551005525016407, 5.53217004152721 ], [ -74.557612675036623, 5.522126650464632 ], [ -74.562164267272763, 5.508635528141768 ], [ -74.580223810661366, 5.49499450445976 ], [ -74.590354774025698, 5.481953086214324 ], [ -74.594025412925816, 5.474158215538892 ], [ -74.592997634033779, 5.470410681560318 ], [ -74.594759540705837, 5.456319953800882 ], [ -74.593584936257798, 5.446876168174877 ], [ -74.596227796265879, 5.435183862161728 ], [ -74.592850808477777, 5.426489583331437 ], [ -74.610910351866366, 5.400556648199708 ], [ -74.610616700754349, 5.393211481601704 ], [ -74.615021467434502, 5.387964934031703 ], [ -74.621334966342715, 5.388264736749988 ], [ -74.636164347499189, 5.383617794616558 ], [ -74.641450067515365, 5.388114835390845 ], [ -74.638660381951269, 5.402055661791139 ], [ -74.626033384134857, 5.416745994987147 ], [ -74.636017521943188, 5.42559017517658 ], [ -74.648791345315601, 5.430387018669154 ], [ -74.649819124207639, 5.442379127400589 ], [ -74.64996594976364, 5.445676957301733 ], [ -74.659509610903953, 5.449274589921164 ], [ -74.665382633144148, 5.475507327771179 ], [ -74.665676284256165, 5.483302198446611 ], [ -74.670081050936304, 5.502489572416907 ], [ -74.674338992060441, 5.515830793380629 ], [ -74.667144539816206, 5.520927439591488 ], [ -74.656279448671853, 5.523175959978633 ], [ -74.645120706415483, 5.533369252400353 ], [ -74.641450067515365, 5.539215405406927 ], [ -74.641450067515365, 5.549558599187789 ], [ -74.645708008639502, 5.55360593588465 ], [ -74.651581030879697, 5.565148340538655 ], [ -74.653049286439753, 5.573842619368945 ], [ -74.648791345315601, 5.586134530818668 ], [ -74.648791345315601, 5.593479697416671 ], [ -74.644680229747479, 5.604572397993249 ], [ -74.64482705530348, 5.618813027111828 ], [ -74.640422288623327, 5.623909673322689 ], [ -74.629557197478974, 5.629306122251834 ], [ -74.629263546366971, 5.63680119020898 ], [ -74.634402440827131, 5.642947145933841 ], [ -74.637045300835226, 5.651341622045845 ], [ -74.635430219719169, 5.661684815826708 ], [ -74.628235767474933, 5.678173965332431 ], [ -74.627501639694913, 5.696761733866157 ], [ -74.630291325259009, 5.704256801823303 ], [ -74.637779428615247, 5.70920354667502 ], [ -74.649231821983619, 5.708304138520162 ], [ -74.657747704231895, 5.723294274434456 ], [ -74.659950087571971, 5.734836679088462 ], [ -74.658041355343912, 5.74383076063704 ], [ -74.660977866464009, 5.752375138108186 ], [ -74.654077065331776, 5.753724250340473 ], [ -74.651140554211679, 5.749077308207041 ], [ -74.652021507547715, 5.740532930735895 ], [ -74.643946101967444, 5.735136481806749 ], [ -74.639688160843306, 5.741282437531608 ], [ -74.638513556395267, 5.754923461213616 ], [ -74.627795290806915, 5.762118726452477 ], [ -74.626033384134857, 5.756872178882474 ], [ -74.620013536338661, 5.758820896551332 ], [ -74.611350828534384, 5.757022080241618 ], [ -74.611204002978383, 5.751775532671615 ], [ -74.601513516282054, 5.747728195974756 ], [ -74.598723830717972, 5.743680859277895 ], [ -74.592703982921762, 5.747128590538183 ], [ -74.591529378473737, 5.754773559854473 ], [ -74.584922228453507, 5.758970797910476 ], [ -74.578608729545309, 5.751625631312472 ], [ -74.567303161732937, 5.758221291114761 ], [ -74.564072999500837, 5.757771587037332 ], [ -74.551005525016407, 5.764966852276193 ], [ -74.55071187390439, 5.773061525669912 ], [ -74.541755514988097, 5.778457974599058 ], [ -74.539406306092019, 5.78520353576049 ], [ -74.530156296063723, 5.790599984689636 ], [ -74.523989622711511, 5.786102943915348 ], [ -74.517235647135294, 5.791199590126207 ], [ -74.510922148227095, 5.783704522169061 ], [ -74.505489602654905, 5.785653239837919 ], [ -74.500938010418764, 5.779207481394772 ], [ -74.490366570386414, 5.780256790908774 ], [ -74.485668152594258, 5.770813005282768 ] ] ] } },
{ "type": "Feature", "properties": { "Código departamento": "25", "Departamento": "Cundinamarca", "Código municipio": "580", "Municipio": "PULÍ", "DIVIPOLA": "25580" }, "geometry": { "type": "Polygon", "coordinates": [ [ [ -74.684910432092792, 4.757779620194786 ], [ -74.67800963096056, 4.747436426413924 ], [ -74.673604864280421, 4.745937412822495 ], [ -74.653783414219774, 4.730047868753343 ], [ -74.642184195295386, 4.726750038852198 ], [ -74.628823069698953, 4.729148460598485 ], [ -74.62250957079074, 4.734395008168488 ], [ -74.610616700754349, 4.736943331273918 ], [ -74.606505585186227, 4.739791457097634 ], [ -74.5905015995817, 4.743389089717065 ], [ -74.594172238481818, 4.733945304091059 ], [ -74.595787319597875, 4.712509409733619 ], [ -74.593584936257798, 4.700367399643041 ], [ -74.585950007345545, 4.700367399643041 ], [ -74.5905015995817, 4.686426573242747 ], [ -74.603128597398111, 4.663491665293878 ], [ -74.602688120730093, 4.659894032674448 ], [ -74.608707968526289, 4.651199753844158 ], [ -74.622803221902757, 4.655247090541017 ], [ -74.625152430798835, 4.651499556562443 ], [ -74.637045300835226, 4.645203699478441 ], [ -74.643358799743424, 4.643854587246154 ], [ -74.656573099783856, 4.636809223366435 ], [ -74.666850888704204, 4.639807250549294 ], [ -74.668612795376262, 4.646402910351584 ], [ -74.681680269860692, 4.650600148407587 ], [ -74.681533444304677, 4.636959124725579 ], [ -74.691370756557006, 4.635310209775006 ], [ -74.710751729949635, 4.638907842394437 ], [ -74.722350948874023, 4.634410801620148 ], [ -74.726902541110164, 4.624367410557572 ], [ -74.733216040018377, 4.620919679297283 ], [ -74.743053352270692, 4.624217509198428 ], [ -74.746136688946791, 4.631112971719003 ], [ -74.748926374510887, 4.646402910351584 ], [ -74.7584700356512, 4.652099161999016 ], [ -74.755533524531103, 4.65689600549159 ], [ -74.759497814543238, 4.664391073448736 ], [ -74.754652571195081, 4.670986733251026 ], [ -74.763315278999357, 4.683128743341604 ], [ -74.758323210095199, 4.700667202361328 ], [ -74.753477966747042, 4.708761875755045 ], [ -74.746283514502807, 4.712809212451906 ], [ -74.743934305606729, 4.720304280409052 ], [ -74.748632723398885, 4.726300334774771 ], [ -74.748339072286868, 4.731846685063059 ], [ -74.74217239893467, 4.743538991076208 ], [ -74.738795411146555, 4.745637610104208 ], [ -74.735124772246436, 4.754481790293643 ], [ -74.724553332214086, 4.748335834568782 ], [ -74.714569194405769, 4.745487708745066 ], [ -74.708989823277577, 4.757180014758215 ], [ -74.700620766585303, 4.755681001166786 ], [ -74.694307267677104, 4.750584354955927 ], [ -74.684910432092792, 4.757779620194786 ] ] ] } },
{ "type": "Feature", "properties": { "Código departamento": "25", "Departamento": "Cundinamarca", "Código municipio": "592", "Municipio": "QUEBRADANEGRA", "DIVIPOLA": "25592" }, "geometry": { "type": "Polygon", "coordinates": [ [ [ -74.450870495821121, 5.123239133785272 ], [ -74.446759380252985, 5.116643473982983 ], [ -74.451457798045141, 5.0971562972944 ], [ -74.454687960277241, 5.089211525259825 ], [ -74.4501363680411, 5.082915668175821 ], [ -74.448668112481045, 5.072872277113244 ], [ -74.457330820285335, 5.061030069740952 ], [ -74.464084795861552, 5.063128688768953 ], [ -74.488898314826372, 5.061329872459239 ], [ -74.490807047054432, 5.064327899642097 ], [ -74.513565008235176, 5.065377209156098 ], [ -74.537203922751956, 5.063728294205526 ], [ -74.540874561652075, 5.065077406437811 ], [ -74.543076944992137, 5.079917640992963 ], [ -74.540287259428055, 5.086513300795253 ], [ -74.541461863876094, 5.107499491075264 ], [ -74.539259480536018, 5.124588246017558 ], [ -74.53177137717978, 5.132682919411278 ], [ -74.524870576047547, 5.134181933002707 ], [ -74.519144379363354, 5.131483708538133 ], [ -74.507251509326963, 5.130584300383275 ], [ -74.501084835974765, 5.132982722129563 ], [ -74.494771337066567, 5.140927494164139 ], [ -74.487870535934334, 5.137629664262994 ], [ -74.474509410337902, 5.153369306973002 ], [ -74.463644319193534, 5.146473844452427 ], [ -74.465993528089612, 5.138379171058708 ], [ -74.465406225865593, 5.127286470482132 ], [ -74.450870495821121, 5.123239133785272 ] ] ] } },
{ "type": "Feature", "properties": { "Código departamento": "25", "Departamento": "Cundinamarca", "Código municipio": "594", "Municipio": "QUETAME", "DIVIPOLA": "25594" }, "geometry": { "type": "Polygon", "coordinates": [ [ [ -73.808802339412082, 4.395917739223733 ], [ -73.805131700511964, 4.395018331068875 ], [ -73.801167410499829, 4.383775729133155 ], [ -73.792651528251554, 4.381077504668581 ], [ -73.795881690483654, 4.369385198655432 ], [ -73.795441213815636, 4.362789538853144 ], [ -73.791770574915517, 4.358142596719712 ], [ -73.792504702695538, 4.35244634507228 ], [ -73.799405503827771, 4.347949304297992 ], [ -73.801754712723849, 4.332659365665413 ], [ -73.806453130516005, 4.318118933828548 ], [ -73.81819917499638, 4.311373372667116 ], [ -73.824365848348592, 4.303728403350825 ], [ -73.828183312804711, 4.293535110929105 ], [ -73.827155533912673, 4.284091325303101 ], [ -73.832441253928849, 4.278095270937382 ], [ -73.839048403949064, 4.280493692683669 ], [ -73.854758738441589, 4.281992706275099 ], [ -73.861659539573807, 4.268051879874807 ], [ -73.859897632901749, 4.262355628227374 ], [ -73.867092085145984, 4.254560757551942 ], [ -73.888675441878689, 4.262355628227374 ], [ -73.892933383002841, 4.270000597543665 ], [ -73.901008788583098, 4.270600202980236 ], [ -73.903798474147194, 4.272848723367381 ], [ -73.906441334155275, 4.286189944331102 ], [ -73.911580228615449, 4.293085406851676 ], [ -73.907762764159315, 4.305527219660541 ], [ -73.904973078595233, 4.309274753639115 ], [ -73.903504823035178, 4.321416763729693 ], [ -73.888969092990706, 4.339854630904274 ], [ -73.896457196346944, 4.349298416530279 ], [ -73.889262744102709, 4.345101178474276 ], [ -73.876782571842313, 4.343302362164562 ], [ -73.882068291858474, 4.352896049149709 ], [ -73.895282591898919, 4.361740229339143 ], [ -73.899981009691061, 4.377180069330865 ], [ -73.890584174106763, 4.383326025055726 ], [ -73.883096070750511, 4.382876320978297 ], [ -73.875607967394274, 4.385574545442871 ], [ -73.872524630718161, 4.382276715541725 ], [ -73.856080168445629, 4.39726685145602 ], [ -73.853730959549551, 4.402363497666879 ], [ -73.844921426189259, 4.406860538441168 ], [ -73.823484895012555, 4.398915766406591 ], [ -73.81819917499638, 4.400264878638878 ], [ -73.808802339412082, 4.395917739223733 ] ] ] } },
{ "type": "Feature", "properties": { "Código departamento": "25", "Departamento": "Cundinamarca", "Código municipio": "596", "Municipio": "QUIPILE", "DIVIPOLA": "25596" }, "geometry": { "type": "Polygon", "coordinates": [ [ [ -74.524723750491546, 4.793905847748236 ], [ -74.521199937147429, 4.777566599601655 ], [ -74.505930079322923, 4.763176069123934 ], [ -74.512390403787137, 4.745337807385924 ], [ -74.512830880455155, 4.729448263316772 ], [ -74.510922148227095, 4.727949249725342 ], [ -74.509747543779056, 4.716706647789622 ], [ -74.502846742646824, 4.711759902937906 ], [ -74.499029278190704, 4.705613947213044 ], [ -74.50695785821496, 4.690024205862179 ], [ -74.509013415999021, 4.679681012081317 ], [ -74.52061263492341, 4.675483774025314 ], [ -74.526045180495586, 4.679531110722173 ], [ -74.527366610499627, 4.686126770524463 ], [ -74.537791224975976, 4.68597686916532 ], [ -74.537203922751956, 4.681779631109317 ], [ -74.547775362784293, 4.674584365870456 ], [ -74.549096792788333, 4.665140580244452 ], [ -74.558053151704627, 4.660793440829306 ], [ -74.557612675036623, 4.647602121224726 ], [ -74.561576965048744, 4.637109026084722 ], [ -74.567596812844954, 4.63246208395129 ], [ -74.568330940624975, 4.624217509198428 ], [ -74.575084916201192, 4.624217509198428 ], [ -74.57875555510131, 4.629613958127574 ], [ -74.590061122913681, 4.634110998901863 ], [ -74.589033344021644, 4.644753995401012 ], [ -74.603128597398111, 4.644903896760154 ], [ -74.608707968526289, 4.651199753844158 ], [ -74.602688120730093, 4.659894032674448 ], [ -74.603128597398111, 4.663491665293878 ], [ -74.5905015995817, 4.686426573242747 ], [ -74.585950007345545, 4.700367399643041 ], [ -74.593584936257798, 4.700367399643041 ], [ -74.595787319597875, 4.712509409733619 ], [ -74.594172238481818, 4.733945304091059 ], [ -74.5905015995817, 4.743389089717065 ], [ -74.588886518465642, 4.756430507962501 ], [ -74.584041275117485, 4.756430507962501 ], [ -74.567156336176936, 4.767223405820793 ], [ -74.567890463956957, 4.781314133580229 ], [ -74.56377934838882, 4.796154368135379 ], [ -74.559815058376685, 4.796004466776236 ], [ -74.558493628372645, 4.790308215128804 ], [ -74.54674758389227, 4.790008412410519 ], [ -74.540874561652075, 4.786260878431945 ], [ -74.532505504959801, 4.788959102896519 ], [ -74.530303121619724, 4.797803283085952 ], [ -74.524723750491546, 4.793905847748236 ] ] ] } },
{ "type": "Feature", "properties": { "Código departamento": "25", "Departamento": "Cundinamarca", "Código municipio": "599", "Municipio": "APULO", "DIVIPOLA": "25599" }, "geometry": { "type": "Polygon", "coordinates": [ [ [ -74.502112614866803, 4.483909837040637 ], [ -74.510334846003076, 4.479712598984636 ], [ -74.517969774915315, 4.466221476661771 ], [ -74.527660261611643, 4.463223449478913 ], [ -74.534120586075844, 4.456927592394909 ], [ -74.543957898328173, 4.46921950384463 ], [ -74.539993608316038, 4.484509442477211 ], [ -74.559080930596664, 4.480612007139492 ], [ -74.56245791838478, 4.446884201332332 ], [ -74.573323009529133, 4.444935483663474 ], [ -74.583307147337464, 4.447034102691474 ], [ -74.608414317414287, 4.454828973366907 ], [ -74.605037329626171, 4.46262384404234 ], [ -74.609442096306324, 4.475515360928633 ], [ -74.614580990766484, 4.47791378267492 ], [ -74.615608769658522, 4.490955200920356 ], [ -74.620894489674697, 4.505495632757222 ], [ -74.617517501886581, 4.515988727897226 ], [ -74.618838931890622, 4.521834880903801 ], [ -74.615021467434502, 4.534576496430952 ], [ -74.612819084094426, 4.569353611752113 ], [ -74.609735747418327, 4.5728013430124 ], [ -74.605918282962207, 4.589890097954696 ], [ -74.602394469618091, 4.598884179503272 ], [ -74.600485737390031, 4.618970961628425 ], [ -74.597402400713918, 4.627065635022144 ], [ -74.587711914017603, 4.625866424149002 ], [ -74.583013496225448, 4.622868396966143 ], [ -74.578608729545309, 4.61102618959385 ], [ -74.576112695093229, 4.593937434651555 ], [ -74.569652370629015, 4.580746115046977 ], [ -74.569211893960997, 4.571602132139257 ], [ -74.563338871720802, 4.568903907674684 ], [ -74.561430139492742, 4.563807261463825 ], [ -74.550858699460392, 4.552714560887247 ], [ -74.55262060613245, 4.542371367106385 ], [ -74.555557117252548, 4.538024227691239 ], [ -74.564513476168841, 4.531878271966378 ], [ -74.557906326148625, 4.524832908086661 ], [ -74.554529338360524, 4.528580442065233 ], [ -74.546307107224251, 4.52888024478352 ], [ -74.541315038320079, 4.520335867312371 ], [ -74.544692026108194, 4.513290503432654 ], [ -74.557465849480622, 4.501598197419505 ], [ -74.549537269456351, 4.497550860722645 ], [ -74.547188060560273, 4.50189800013779 ], [ -74.535295190523883, 4.502647506933505 ], [ -74.532065028291782, 4.495302340335502 ], [ -74.52061263492341, 4.495452241694644 ], [ -74.510334846003076, 4.491105102279499 ], [ -74.502112614866803, 4.483909837040637 ] ] ] } },
{ "type": "Feature", "properties": { "Código departamento": "25", "Departamento": "Cundinamarca", "Código municipio": "612", "Municipio": "RICAURTE", "DIVIPOLA": "25612" }, "geometry": { "type": "Polygon", "coordinates": [ [ [ -74.735418423358453, 4.380627800591154 ], [ -74.732775563350359, 4.376580463894293 ], [ -74.728077145558203, 4.361440426620857 ], [ -74.723378727766047, 4.357093287205712 ], [ -74.727196192222181, 4.349598219248565 ], [ -74.720442216645949, 4.348548909734563 ], [ -74.709283474389593, 4.338355617312843 ], [ -74.702382673257361, 4.334008477897698 ], [ -74.698271557689225, 4.339105124108559 ], [ -74.683442176532736, 4.328012423531981 ], [ -74.67742232873654, 4.339105124108559 ], [ -74.664501679808126, 4.340454236340846 ], [ -74.66303342424807, 4.335957195566558 ], [ -74.664942156476144, 4.322016369166264 ], [ -74.660390564239989, 4.310773767230544 ], [ -74.660977866464009, 4.305677121019683 ], [ -74.675807247620497, 4.28813866199996 ], [ -74.674926294284461, 4.285140634817101 ], [ -74.691223931000991, 4.270150498902807 ], [ -74.694747744345108, 4.261456220072517 ], [ -74.706493788825497, 4.2586080942488 ], [ -74.716918403301847, 4.253811250756226 ], [ -74.719854914421944, 4.249164308622796 ], [ -74.730720005566297, 4.244817169207651 ], [ -74.734096993354399, 4.247815196390509 ], [ -74.745108910054768, 4.236422693095645 ], [ -74.744815258942751, 4.247815196390509 ], [ -74.752009711186986, 4.259207699685372 ], [ -74.765517662339434, 4.256959179298229 ], [ -74.771243859023627, 4.260706713276803 ], [ -74.77285894013967, 4.266253063565091 ], [ -74.781521647943961, 4.265053852691946 ], [ -74.777410532375825, 4.272399019289952 ], [ -74.776970055707807, 4.282142607634243 ], [ -74.796791505768454, 4.288288563359102 ], [ -74.793120866868335, 4.292335900055963 ], [ -74.794589122428391, 4.303728403350825 ], [ -74.789450227968217, 4.308375345484257 ], [ -74.785779589068099, 4.303128797914254 ], [ -74.774620846811729, 4.306126825097112 ], [ -74.761847023439316, 4.314671202568261 ], [ -74.761847023439316, 4.320967059652264 ], [ -74.77153751013563, 4.328012423531981 ], [ -74.771390684579629, 4.337306307798843 ], [ -74.768160522347515, 4.344351671678562 ], [ -74.772565289027668, 4.347649501579707 ], [ -74.766985917899476, 4.359941413029428 ], [ -74.768747824571534, 4.369385198655432 ], [ -74.762140674551318, 4.37583095709858 ], [ -74.76037876787926, 4.381227406027725 ], [ -74.748045421174865, 4.378529181563152 ], [ -74.742906526714691, 4.380777701950296 ], [ -74.735418423358453, 4.380627800591154 ] ] ] } },
{ "type": "Feature", "properties": { "Código departamento": "25", "Departamento": "Cundinamarca", "Código municipio": "645", "Municipio": "SAN ANTONIO DEL TEQUENDAMA", "DIVIPOLA": "25645" }, "geometry": { "type": "Polygon", "coordinates": [ [ [ -74.306247323156384, 4.620619876578998 ], [ -74.306981450936405, 4.606828951537847 ], [ -74.301255254252212, 4.599633686298987 ], [ -74.303751288704305, 4.595136645524698 ], [ -74.300814777584208, 4.585093254462122 ], [ -74.300080649804173, 4.570103118547828 ], [ -74.306100497600383, 4.560059727485251 ], [ -74.303751288704305, 4.554963081274392 ], [ -74.305806846488366, 4.549416730986102 ], [ -74.315644158740696, 4.550016336422673 ], [ -74.320342576532838, 4.553014363605533 ], [ -74.324747343212991, 4.549416730986102 ], [ -74.333263225461266, 4.551665251373247 ], [ -74.342513235489577, 4.551215547295818 ], [ -74.361306906658186, 4.559460122048679 ], [ -74.364096592222282, 4.557211601661534 ], [ -74.373052951138575, 4.572951244371544 ], [ -74.384945821174966, 4.579546904173832 ], [ -74.389203762299104, 4.586142563976122 ], [ -74.390084715635126, 4.596485757756985 ], [ -74.393461703423242, 4.602182009404417 ], [ -74.395664086763318, 4.615223427649853 ], [ -74.394489482315279, 4.623018298325285 ], [ -74.383918042282929, 4.635759913852435 ], [ -74.380394228938812, 4.646253008992441 ], [ -74.372759300026559, 4.636359519289006 ], [ -74.358076744426086, 4.647002515788155 ], [ -74.344128316605619, 4.65389797830873 ], [ -74.337961643253422, 4.646402910351584 ], [ -74.321370355424875, 4.639507447831009 ], [ -74.316818763188735, 4.640256954626722 ], [ -74.313001298732601, 4.632911788028719 ], [ -74.308009229828443, 4.629014352691002 ], [ -74.306247323156384, 4.620619876578998 ] ] ] } },
{ "type": "Feature", "properties": { "Código departamento": "25", "Departamento": "Cundinamarca", "Código municipio": "649", "Municipio": "SAN BERNARDO", "DIVIPOLA": "25649" }, "geometry": { "type": "Polygon", "coordinates": [ [ [ -74.240028997398213, 4.186805343219333 ], [ -74.241497252958254, 4.180809288853616 ], [ -74.239882171842211, 4.171065700509325 ], [ -74.243112334074311, 4.15967319721446 ], [ -74.242525031850292, 4.153827044207886 ], [ -74.244580589634353, 4.137937500138736 ], [ -74.243552810742329, 4.131491741695588 ], [ -74.246489321862427, 4.112604170443578 ], [ -74.245608368526391, 4.103310286176716 ], [ -74.253390122994645, 4.100012456275571 ], [ -74.259997273014861, 4.091318177445282 ], [ -74.265723469699054, 4.091617980163567 ], [ -74.273064747499291, 4.099262949479857 ], [ -74.279671897519506, 4.101961173944431 ], [ -74.29596953423605, 4.104359595690716 ], [ -74.306687799824402, 4.111255058211293 ], [ -74.31740606541274, 4.122947364224442 ], [ -74.324453692100974, 4.127294503639587 ], [ -74.330179888785167, 4.120249139759868 ], [ -74.33898942214546, 4.103010483458431 ], [ -74.342513235489577, 4.101661371226144 ], [ -74.344568793273638, 4.088170248903279 ], [ -74.350441815513832, 4.074679126580414 ], [ -74.350735466625835, 4.056840864842406 ], [ -74.361013255546169, 4.048296487371258 ], [ -74.365564847782323, 4.034805365048393 ], [ -74.379366450046774, 4.03615447728068 ], [ -74.384652170062949, 4.039902011259254 ], [ -74.384945821174966, 4.062237313771552 ], [ -74.387001378959027, 4.072130803474985 ], [ -74.392580750087205, 4.082324095896705 ], [ -74.397425993435377, 4.085472024438707 ], [ -74.403005364563555, 4.094466105987283 ], [ -74.407263305687692, 4.094915810064712 ], [ -74.431636347984494, 4.104959201127289 ], [ -74.440005404676768, 4.100312258993857 ], [ -74.444997473580926, 4.110805354133864 ], [ -74.439418102452748, 4.123397068301871 ], [ -74.434719684660593, 4.140635724603308 ], [ -74.427378406860356, 4.146631778969026 ], [ -74.426937930192338, 4.151428622461599 ], [ -74.435453812440613, 4.16986648963618 ], [ -74.43956492800875, 4.173614023614754 ], [ -74.439271276896747, 4.180959190212758 ], [ -74.444116520244904, 4.192351693507622 ], [ -74.451164146933138, 4.20044636690134 ], [ -74.458945901401393, 4.205393111753058 ], [ -74.466140353645628, 4.216935516407063 ], [ -74.448080810257025, 4.226829006110498 ], [ -74.433545080212554, 4.226829006110498 ], [ -74.421945861288179, 4.218734332716779 ], [ -74.416660141272004, 4.202544985929342 ], [ -74.411961723479848, 4.19939705738734 ], [ -74.400215678999459, 4.197148537000197 ], [ -74.394489482315279, 4.202544985929342 ], [ -74.380981531162831, 4.199996662823911 ], [ -74.377751368930731, 4.197748142436768 ], [ -74.358076744426086, 4.191302383993622 ], [ -74.355580709973992, 4.192801397585051 ], [ -74.348826734397775, 4.182907907881616 ], [ -74.332235446569229, 4.187854652733333 ], [ -74.321957657648895, 4.185006526909619 ], [ -74.315790984296697, 4.179610077980471 ], [ -74.311239392060543, 4.180359584776187 ], [ -74.298025092020112, 4.176012445361041 ], [ -74.284370315311662, 4.177811261670757 ], [ -74.272917921943289, 4.181708697008474 ], [ -74.261906005242935, 4.181109091571902 ], [ -74.251921867434604, 4.186055836423619 ], [ -74.245314717414388, 4.183807316036474 ], [ -74.240028997398213, 4.186805343219333 ] ] ] } },
{ "type": "Feature", "properties": { "Código departamento": "25", "Departamento": "Cundinamarca", "Código municipio": "653", "Municipio": "SAN CAYETANO", "DIVIPOLA": "25653" }, "geometry": { "type": "Polygon", "coordinates": [ [ [ -73.999088259994309, 5.367428447829119 ], [ -74.007163665574581, 5.351988607837396 ], [ -74.004961282234504, 5.345692750753392 ], [ -73.997620004434268, 5.33789788007796 ], [ -73.985873959953878, 5.330252910761671 ], [ -73.982056495497758, 5.323657250959381 ], [ -73.974421566585505, 5.319909716980807 ], [ -73.971631881021409, 5.313463958537661 ], [ -73.972953311025464, 5.30267106067937 ], [ -73.980147763269699, 5.29607540087708 ], [ -73.980441414381701, 5.290828853307077 ], [ -73.986608087733913, 5.280335758167072 ], [ -73.986608087733913, 5.266394931766778 ], [ -73.995417621094191, 5.258450159732203 ], [ -74.000409689998364, 5.25979927196449 ], [ -74.015679547822856, 5.243909727895338 ], [ -74.029921626755325, 5.242110911585622 ], [ -74.043723229019776, 5.244659234691052 ], [ -74.048715297923934, 5.247507360514768 ], [ -74.067508969092557, 5.249905782261055 ], [ -74.076758979120854, 5.240012292557622 ], [ -74.077786758012891, 5.23071840829076 ], [ -74.087183593597203, 5.232667125959618 ], [ -74.097314556961535, 5.246308149641625 ], [ -74.103628055869734, 5.245858445564196 ], [ -74.110822508113984, 5.241361404789909 ], [ -74.129028877058573, 5.238063574888764 ], [ -74.137691584862864, 5.234615843628476 ], [ -74.142536828211021, 5.24765726187391 ], [ -74.161770976047649, 5.260099074682775 ], [ -74.162211452715667, 5.26699453720335 ], [ -74.169846381627906, 5.276288421470212 ], [ -74.177187659428157, 5.281534969040215 ], [ -74.174104322752044, 5.286331812532789 ], [ -74.17821543832018, 5.290828853307077 ], [ -74.173810671640041, 5.297574414468509 ], [ -74.168524951623866, 5.299373230778225 ], [ -74.158981290483553, 5.314663169410806 ], [ -74.157953511591515, 5.321258829213094 ], [ -74.147822548227197, 5.324856461832526 ], [ -74.147088420447162, 5.331901825712243 ], [ -74.138278887086869, 5.334450148817672 ], [ -74.130497132618615, 5.333700642021959 ], [ -74.131818562622669, 5.348840679295395 ], [ -74.126092365938476, 5.351239101041682 ], [ -74.120953471478316, 5.358434366280544 ], [ -74.110675682557968, 5.355286437738541 ], [ -74.10641774143383, 5.361732196181687 ], [ -74.108473299217906, 5.376422529377696 ], [ -74.113318542566063, 5.382268682384271 ], [ -74.108620124773907, 5.391112862573704 ], [ -74.110382031445965, 5.39860793053085 ], [ -74.101425672529672, 5.409550729748285 ], [ -74.101572498085673, 5.420793331684005 ], [ -74.094818522509456, 5.436383073034871 ], [ -74.087036768041202, 5.428138498282009 ], [ -74.073528816888754, 5.408201617515998 ], [ -74.061929597964379, 5.405353491692282 ], [ -74.055616099056166, 5.401456056354566 ], [ -74.044897833467815, 5.404304182178282 ], [ -74.040493066787676, 5.393061580242562 ], [ -74.031683533427383, 5.387515229954274 ], [ -74.021993046731069, 5.386465920440272 ], [ -74.023754953403127, 5.381519175588555 ], [ -74.023608127847112, 5.370426475011977 ], [ -74.019937488946994, 5.366079335596832 ], [ -74.00965970002666, 5.368327855983977 ], [ -73.999088259994309, 5.367428447829119 ] ] ] } },
{ "type": "Feature", "properties": { "Código departamento": "25", "Departamento": "Cundinamarca", "Código municipio": "658", "Municipio": "SAN FRANCISCO", "DIVIPOLA": "25658" }, "geometry": { "type": "Polygon", "coordinates": [ [ [ -74.214481350653372, 4.996572485309488 ], [ -74.219767070669548, 4.988627713274913 ], [ -74.219913896225549, 4.981132645317765 ], [ -74.226080569577761, 4.975586295029477 ], [ -74.220354372893567, 4.96194527134747 ], [ -74.220354372893567, 4.954899907467751 ], [ -74.230925812925918, 4.944556713686889 ], [ -74.235036928494054, 4.948753951742892 ], [ -74.242818682962309, 4.942907798736317 ], [ -74.249279007426509, 4.93496302670174 ], [ -74.253536948550646, 4.925369339716593 ], [ -74.260290924126878, 4.92476973428002 ], [ -74.265723469699054, 4.917424567682017 ], [ -74.267925853039131, 4.910679006520584 ], [ -74.266751248591092, 4.903183938563438 ], [ -74.276294909731405, 4.896588278761148 ], [ -74.279525071963505, 4.889243112163144 ], [ -74.279231420851502, 4.880998537410282 ], [ -74.284370315311662, 4.875452187121994 ], [ -74.292005244223915, 4.87425297624885 ], [ -74.300374300916189, 4.869156330037991 ], [ -74.310798915392525, 4.87530228576285 ], [ -74.315350507628679, 4.873503469453136 ], [ -74.324747343212991, 4.88339695915657 ], [ -74.322544959872914, 4.886095183621143 ], [ -74.308743357608463, 4.900785516817151 ], [ -74.292298895335918, 4.912028118752871 ], [ -74.287600477543776, 4.92267111525202 ], [ -74.287747303099778, 4.938260856602885 ], [ -74.294354453119993, 4.937061645729742 ], [ -74.297731440908109, 4.94515631912346 ], [ -74.302136207588248, 4.943207601454602 ], [ -74.309477485388484, 4.948004444947176 ], [ -74.306247323156384, 4.957298329214038 ], [ -74.315350507628679, 4.968840733868045 ], [ -74.308156055384444, 4.982032053472623 ], [ -74.308449706496447, 4.991176036380343 ], [ -74.31549733318468, 4.994923570358917 ], [ -74.320929878756857, 5.006316073653779 ], [ -74.315350507628679, 5.013661240251783 ], [ -74.311092566504541, 5.012911733456069 ], [ -74.298025092020112, 5.015609957920643 ], [ -74.289509209771836, 5.024753940828361 ], [ -74.278056816403463, 5.029101080243506 ], [ -74.272477445275271, 5.034047825095223 ], [ -74.265136167475035, 5.035996542764081 ], [ -74.261465528574917, 5.030000488398364 ], [ -74.253096471882643, 5.023404828596076 ], [ -74.236211532942093, 5.020556702772359 ], [ -74.232540894041961, 5.012911733456069 ], [ -74.224905965129722, 5.008264791322637 ], [ -74.221969454009624, 5.002418638316063 ], [ -74.214481350653372, 4.996572485309488 ] ] ] } },
{ "type": "Feature", "properties": { "Código departamento": "25", "Departamento": "Cundinamarca", "Código municipio": "718", "Municipio": "SASAIMA", "DIVIPOLA": "25718" }, "geometry": { "type": "Polygon", "coordinates": [ [ [ -74.357048965534048, 4.894039955655718 ], [ -74.355433884417991, 4.887893999930857 ], [ -74.365124371114305, 4.886544887698572 ], [ -74.373640253362595, 4.871254949065992 ], [ -74.385533123398986, 4.871404850425134 ], [ -74.393021226755224, 4.876951200713424 ], [ -74.403005364563555, 4.880548833332853 ], [ -74.414017281263909, 4.890142520318002 ], [ -74.417981571276044, 4.911278611957157 ], [ -74.423707767960224, 4.914426540499158 ], [ -74.425029197964278, 4.919223383991732 ], [ -74.440005404676768, 4.924170128843449 ], [ -74.446025252472964, 4.937511349807171 ], [ -74.45586256472528, 4.934363421265169 ], [ -74.459826854737415, 4.930016281850023 ], [ -74.467902260317686, 4.927318057385452 ], [ -74.469076864765725, 4.933763815828597 ], [ -74.477445921457985, 4.944406812327746 ], [ -74.48008878146608, 4.952501485721466 ], [ -74.471279248105787, 4.95939694824204 ], [ -74.467461783649668, 4.959097145523754 ], [ -74.460707808073437, 4.967041917558329 ], [ -74.461001459185454, 4.975586295029477 ], [ -74.458799075845377, 4.981882152113481 ], [ -74.45395383249722, 4.981432448036052 ], [ -74.4501363680411, 4.988477811915771 ], [ -74.43574746355263, 5.005716468217208 ], [ -74.427965709084376, 5.010063607632353 ], [ -74.4259101513003, 5.005566566858065 ], [ -74.416806966828005, 4.998671104337491 ], [ -74.412402200147866, 5.020406801413215 ], [ -74.400802981223478, 5.013811141610927 ], [ -74.3952236100953, 5.021306209568073 ], [ -74.37951327560279, 4.997022189386917 ], [ -74.387588681183047, 4.985329883373768 ], [ -74.389937890079125, 4.976635604543477 ], [ -74.388910111187087, 4.969740142022903 ], [ -74.38274343783489, 4.962394975424899 ], [ -74.385533123398986, 4.948004444947176 ], [ -74.381862484498853, 4.934363421265169 ], [ -74.36967596335046, 4.924020227484307 ], [ -74.362041034438207, 4.914876244576587 ], [ -74.357048965534048, 4.894039955655718 ] ] ] } },
{ "type": "Feature", "properties": { "Código departamento": "25", "Departamento": "Cundinamarca", "Código municipio": "736", "Municipio": "SESQUILÉ", "DIVIPOLA": "25736" }, "geometry": { "type": "Polygon", "coordinates": [ [ [ -73.760349905930497, 5.051286481396661 ], [ -73.768278485954752, 5.040643484897513 ], [ -73.777381670427047, 5.031649403348937 ], [ -73.748163384782089, 5.027901869370363 ], [ -73.742290362541894, 5.024454138110076 ], [ -73.745961001442012, 5.017708576948643 ], [ -73.737151468081734, 5.013211536174356 ], [ -73.731278445841539, 5.00586636957635 ], [ -73.722028435813229, 5.009464002195782 ], [ -73.71630223912905, 5.004217454625778 ], [ -73.708226833548778, 5.003018243752636 ], [ -73.699270474632485, 4.990276628225485 ], [ -73.687524430152109, 4.983531067064052 ], [ -73.691341894608229, 4.97573619638862 ], [ -73.698242695740447, 4.970789451536903 ], [ -73.703822066868639, 4.960746060474325 ], [ -73.711163344668876, 4.957298329214038 ], [ -73.713953030232972, 4.952951189798893 ], [ -73.71894509913713, 4.94815434630632 ], [ -73.732453050289578, 4.948454149024605 ], [ -73.739060200309794, 4.953250992517179 ], [ -73.747576082558069, 4.954150400672037 ], [ -73.754330058134286, 4.96299458086147 ], [ -73.753742755910281, 4.967641522994902 ], [ -73.75814752259042, 4.977535012698335 ], [ -73.763139591494578, 4.971389056973474 ], [ -73.773270554858911, 4.970489648818618 ], [ -73.784576122671282, 4.971988662410047 ], [ -73.795000737147632, 4.961645468629183 ], [ -73.804838049399947, 4.967491621635758 ], [ -73.810270594972124, 4.975286492311191 ], [ -73.815262663876297, 4.97423718279719 ], [ -73.839635706173084, 4.979483730367193 ], [ -73.847270635085337, 4.982631658909196 ], [ -73.855933342889628, 4.989377220070627 ], [ -73.845508728413279, 5.001069526083778 ], [ -73.844480949521241, 5.006016270935494 ], [ -73.838167450613042, 5.015759859279785 ], [ -73.853437308437535, 5.02520364490579 ], [ -73.85549286622161, 5.035996542764081 ], [ -73.852409529545511, 5.035247035968367 ], [ -73.845949205081297, 5.042892005284657 ], [ -73.84051665950912, 5.041692794411513 ], [ -73.831853951704829, 5.048888059650374 ], [ -73.831853951704829, 5.055783522170949 ], [ -73.826421406132653, 5.066276617310955 ], [ -73.819961081668438, 5.067925532261527 ], [ -73.817465047216359, 5.074521192063817 ], [ -73.810711071640142, 5.083215470894108 ], [ -73.799699154939773, 5.077968923324105 ], [ -73.789568191575455, 5.076170107014389 ], [ -73.779437228211123, 5.069274644493814 ], [ -73.77385785708293, 5.067625729543242 ], [ -73.763726893718598, 5.053385100424662 ], [ -73.760349905930497, 5.051286481396661 ] ] ] } },
{ "type": "Feature", "properties": { "Código departamento": "25", "Departamento": "Cundinamarca", "Código municipio": "743", "Municipio": "SILVANIA", "DIVIPOLA": "25743" }, "geometry": { "type": "Polygon", "coordinates": [ [ [ -74.29978699869217, 4.426797419207179 ], [ -74.306834625380404, 4.423499589306034 ], [ -74.31094574094854, 4.413606099602599 ], [ -74.318727495416795, 4.407759946596024 ], [ -74.316671937632719, 4.40041477999802 ], [ -74.321223529868874, 4.389771783498872 ], [ -74.343834665493617, 4.390371388935445 ], [ -74.355874361086009, 4.399665273202307 ], [ -74.38788233229505, 4.398466062329162 ], [ -74.394049005647261, 4.395917739223733 ], [ -74.394636307871281, 4.38452523592887 ], [ -74.404767271235613, 4.37028460681029 ], [ -74.415045060155947, 4.366986776909145 ], [ -74.420183954616121, 4.358592300797141 ], [ -74.422973640180203, 4.363239242930573 ], [ -74.433838731324556, 4.367586382345718 ], [ -74.439858579120767, 4.367286579627431 ], [ -74.451751449157143, 4.386024249520299 ], [ -74.445731601360947, 4.393369416118303 ], [ -74.433838731324556, 4.425898011052321 ], [ -74.430021266868437, 4.431594262699753 ], [ -74.424735546852261, 4.449582425796906 ], [ -74.414457757931928, 4.460825027732626 ], [ -74.414017281263909, 4.465172167147771 ], [ -74.405941875683652, 4.48151141529435 ], [ -74.398600597883402, 4.491404904997785 ], [ -74.388763285631086, 4.494402932180644 ], [ -74.374668032254618, 4.496501551208644 ], [ -74.361600557770203, 4.493953228103215 ], [ -74.343687839937616, 4.496501551208644 ], [ -74.326068773217031, 4.496801353926931 ], [ -74.322838610984931, 4.500698789264647 ], [ -74.308302880940445, 4.501148493342076 ], [ -74.30301716092427, 4.503696816447506 ], [ -74.303163986480286, 4.492454214511786 ], [ -74.300667952028192, 4.486458160146069 ], [ -74.305219544264347, 4.474765854132918 ], [ -74.300814777584208, 4.462024238605768 ], [ -74.302283033144249, 4.444036075508616 ], [ -74.306100497600383, 4.440588344248328 ], [ -74.305660020932365, 4.430395051826609 ], [ -74.29978699869217, 4.426797419207179 ] ] ] } },
{ "type": "Feature", "properties": { "Código departamento": "25", "Departamento": "Cundinamarca", "Código municipio": "745", "Municipio": "SIMIJACA", "DIVIPOLA": "25745" }, "geometry": { "type": "Polygon", "coordinates": [ [ [ -73.78942136601944, 5.553006330448077 ], [ -73.788687238239419, 5.545811065209217 ], [ -73.791623749359516, 5.531420534731494 ], [ -73.78692533156736, 5.510584245810626 ], [ -73.792064226027534, 5.498891939797477 ], [ -73.801607887167847, 5.486600028347756 ], [ -73.811004722752145, 5.48270259301004 ], [ -73.825540452796631, 5.48480121203804 ], [ -73.828770615028731, 5.483302198446611 ], [ -73.830826172812806, 5.472359399229176 ], [ -73.835230939492945, 5.474158215538892 ], [ -73.844774600633258, 5.471609892433462 ], [ -73.849473018425414, 5.474308116898034 ], [ -73.854318261773571, 5.469361372046317 ], [ -73.865330178473926, 5.465014232631172 ], [ -73.867238910702, 5.462016205448314 ], [ -73.868853991818042, 5.467412654377459 ], [ -73.881334164078453, 5.469661174764604 ], [ -73.892933383002841, 5.463215416321458 ], [ -73.897631800794983, 5.45826867146974 ], [ -73.902036567475136, 5.459917586420313 ], [ -73.902036567475136, 5.467112851659174 ], [ -73.901596090807118, 5.475357426412036 ], [ -73.904385776371214, 5.482252888932611 ], [ -73.904826253039232, 5.492596082713473 ], [ -73.909524670831374, 5.500241052029764 ], [ -73.906294508599274, 5.506986613191196 ], [ -73.909818321943391, 5.511033949888055 ], [ -73.910699275279413, 5.523775565415204 ], [ -73.904973078595233, 5.529321915703494 ], [ -73.897631800794983, 5.528422507548636 ], [ -73.897925451907, 5.523475762696919 ], [ -73.890584174106763, 5.512682864838626 ], [ -73.884564326310567, 5.522576354542061 ], [ -73.875020665170254, 5.526173987161491 ], [ -73.868853991818042, 5.532469844245495 ], [ -73.857548424005671, 5.531120732013208 ], [ -73.847857937309357, 5.545661163850073 ], [ -73.838901578393063, 5.54701027608236 ], [ -73.831119823924809, 5.553006330448077 ], [ -73.818052349440379, 5.554205541321221 ], [ -73.804691223843946, 5.571444197622658 ], [ -73.79999280605179, 5.563499425588083 ], [ -73.78942136601944, 5.553006330448077 ] ] ] } },
{ "type": "Feature", "properties": { "Código departamento": "25", "Departamento": "Cundinamarca", "Código municipio": "758", "Municipio": "SOPÓ", "DIVIPOLA": "25758" }, "geometry": { "type": "Polygon", "coordinates": [ [ [ -73.991012854414052, 4.97213856376919 ], [ -73.974568392141506, 4.962694778143185 ], [ -73.967961242121291, 4.945006417764318 ], [ -73.959004883204997, 4.944556713686889 ], [ -73.948139792060644, 4.938710560680314 ], [ -73.939330258700352, 4.929566577772595 ], [ -73.932723108680136, 4.927018254667165 ], [ -73.925088179767883, 4.917724370400303 ], [ -73.915838169739587, 4.913677033703444 ], [ -73.924500877543863, 4.896588278761148 ], [ -73.919215157527702, 4.884296367311427 ], [ -73.921123889755762, 4.876651397995137 ], [ -73.925822307547918, 4.874103074889708 ], [ -73.92479452865588, 4.860611952566843 ], [ -73.931548504232097, 4.843373296265406 ], [ -73.931108027564093, 4.839925565005118 ], [ -73.94109216537241, 4.835428524230829 ], [ -73.951076303180741, 4.836777636463116 ], [ -73.957536627644956, 4.839925565005118 ], [ -73.959739010985032, 4.829132667146825 ], [ -73.956655674308919, 4.828083357632825 ], [ -73.959445359873015, 4.81249361628196 ], [ -73.984258878837835, 4.813692827155104 ], [ -73.999381911106326, 4.812793419000246 ], [ -73.999528736662327, 4.816840755697105 ], [ -74.006723188906562, 4.823286514140251 ], [ -73.999822387774344, 4.845621816652549 ], [ -73.99468349331417, 4.849669153349409 ], [ -73.990572377746034, 4.863609979749701 ], [ -73.989397773297995, 4.873053765375707 ], [ -73.986020785509879, 4.879199721100568 ], [ -73.98484618106184, 4.894189857014861 ], [ -73.982056495497758, 4.902584333126867 ], [ -73.989691424410012, 4.902884135845151 ], [ -73.997766829990269, 4.908580387492584 ], [ -74.00642953779456, 4.917874271759445 ], [ -74.0109811300307, 4.92267111525202 ], [ -74.004961282234504, 4.929866380490881 ], [ -74.00833827002262, 4.940359475630886 ], [ -74.002024771114407, 4.946205628637462 ], [ -74.002905724450443, 4.955049808826895 ], [ -73.99527079553819, 4.970789451536903 ], [ -73.997179527766249, 4.973937380078906 ], [ -73.991012854414052, 4.97213856376919 ] ] ] } },
{ "type": "Feature", "properties": { "Código departamento": "25", "Departamento": "Cundinamarca", "Código municipio": "769", "Municipio": "SUBACHOQUE", "DIVIPOLA": "25769" }, "geometry": { "type": "Polygon", "coordinates": [ [ [ -74.093790743617419, 5.067026124106669 ], [ -74.09525899917746, 5.061629675177524 ], [ -74.08938597693728, 5.050087270523519 ], [ -74.079842315796967, 5.04049358353837 ], [ -74.086449465817182, 5.026402855778934 ], [ -74.087624070265221, 5.011112917146353 ], [ -74.091588360277342, 5.006316073653779 ], [ -74.102306625865694, 5.008114889963495 ], [ -74.105389962541793, 5.000469920647205 ], [ -74.10509631142979, 4.988028107838342 ], [ -74.108032822549887, 4.977385111339193 ], [ -74.108179648105889, 4.964493594452899 ], [ -74.113318542566063, 4.950852570770892 ], [ -74.113759019234067, 4.940959081067459 ], [ -74.118310611470221, 4.922970917970306 ], [ -74.121981250370339, 4.921621805738019 ], [ -74.130203481506612, 4.912327921471157 ], [ -74.129028877058573, 4.904682952154867 ], [ -74.132846341514693, 4.903933445359152 ], [ -74.138572538198886, 4.895988673324577 ], [ -74.146060641555124, 4.890592224395431 ], [ -74.155310651583434, 4.888043901290001 ], [ -74.167497172731828, 4.87979932653714 ], [ -74.169552730515903, 4.871254949065992 ], [ -74.177774961652176, 4.866008401495988 ], [ -74.17762813609616, 4.857763826743127 ], [ -74.184822588340396, 4.856714517229126 ], [ -74.196421807264784, 4.858213530820556 ], [ -74.201560701724944, 4.856864418588271 ], [ -74.191136087248609, 4.864509387904559 ], [ -74.19069561058059, 4.872454159939136 ], [ -74.18614401834445, 4.880249030614569 ], [ -74.197449586156822, 4.889243112163144 ], [ -74.19921149282888, 4.895239166528863 ], [ -74.206552770629116, 4.900485714098864 ], [ -74.209342456193212, 4.906931472542012 ], [ -74.219913896225549, 4.915925554090587 ], [ -74.222409930677628, 4.925968945153165 ], [ -74.221528977341606, 4.93286440767374 ], [ -74.224318662905702, 4.939310166116885 ], [ -74.230925812925918, 4.944556713686889 ], [ -74.220354372893567, 4.954899907467751 ], [ -74.220354372893567, 4.96194527134747 ], [ -74.226080569577761, 4.975586295029477 ], [ -74.219913896225549, 4.981132645317765 ], [ -74.219767070669548, 4.988627713274913 ], [ -74.214481350653372, 4.996572485309488 ], [ -74.208901979525194, 5.000469920647205 ], [ -74.207580549521154, 5.010663213068924 ], [ -74.197596411712823, 5.012012325301211 ], [ -74.170140032739923, 5.02625295441979 ], [ -74.162064627159651, 5.035396937327509 ], [ -74.157659860479512, 5.043791413439515 ], [ -74.152667791575354, 5.039294372665226 ], [ -74.145326513775103, 5.037495556355512 ], [ -74.141802700430986, 5.040793386256655 ], [ -74.141655874874985, 5.047838750136374 ], [ -74.137397933750847, 5.049937369164375 ], [ -74.137691584862864, 5.056682930325807 ], [ -74.131378085954651, 5.061629675177524 ], [ -74.126532842606494, 5.068824940416385 ], [ -74.11816378591422, 5.069724348571243 ], [ -74.113759019234067, 5.072872277113244 ], [ -74.10891377588591, 5.070174052648672 ], [ -74.098342335853573, 5.070923559444386 ], [ -74.093790743617419, 5.067026124106669 ] ] ] } },
{ "type": "Feature", "properties": { "Código departamento": "25", "Departamento": "Cundinamarca", "Código municipio": "772", "Municipio": "SUESCA", "DIVIPOLA": "25772" }, "geometry": { "type": "Polygon", "coordinates": [ [ [ -73.684294267919995, 5.228619789262758 ], [ -73.689726813492172, 5.216028075094751 ], [ -73.704849845760677, 5.200438333743885 ], [ -73.708667310216796, 5.188296323653307 ], [ -73.713072076896935, 5.187247014139307 ], [ -73.716449064685051, 5.173755891816442 ], [ -73.722615738037248, 5.174805201330442 ], [ -73.733627654737617, 5.15681703823329 ], [ -73.747869733670086, 5.155917630078434 ], [ -73.756972918142381, 5.167609936091583 ], [ -73.769453090402791, 5.14197680367814 ], [ -73.769012613734773, 5.138529072417852 ], [ -73.761230859266519, 5.134181933002707 ], [ -73.750659419234168, 5.114844657673268 ], [ -73.751393547014203, 5.111097123694694 ], [ -73.744933222549989, 5.10120363399126 ], [ -73.738472898085774, 5.096856494576115 ], [ -73.739353851421797, 5.089211525259825 ], [ -73.751099895902186, 5.08441468176725 ], [ -73.750072117010149, 5.078118824683247 ], [ -73.741996711429891, 5.069874249930385 ], [ -73.750512593678167, 5.058931450712952 ], [ -73.760349905930497, 5.051286481396661 ], [ -73.763726893718598, 5.053385100424662 ], [ -73.77385785708293, 5.067625729543242 ], [ -73.779437228211123, 5.069274644493814 ], [ -73.789568191575455, 5.076170107014389 ], [ -73.799699154939773, 5.077968923324105 ], [ -73.810711071640142, 5.083215470894108 ], [ -73.817465047216359, 5.074521192063817 ], [ -73.819961081668438, 5.067925532261527 ], [ -73.826421406132653, 5.066276617310955 ], [ -73.831853951704829, 5.055783522170949 ], [ -73.831853951704829, 5.048888059650374 ], [ -73.84051665950912, 5.041692794411513 ], [ -73.845949205081297, 5.042892005284657 ], [ -73.852409529545511, 5.035247035968367 ], [ -73.85549286622161, 5.035996542764081 ], [ -73.858429377341707, 5.036146444123225 ], [ -73.870909549602118, 5.047389046058945 ], [ -73.870322247378098, 5.051286481396661 ], [ -73.853437308437535, 5.056083324889236 ], [ -73.855933342889628, 5.065976814592669 ], [ -73.848151588421374, 5.072722375754101 ], [ -73.837139671721005, 5.088761821182396 ], [ -73.830238870588786, 5.096256889139544 ], [ -73.834790462824927, 5.102252943505261 ], [ -73.853290482881533, 5.119341698447555 ], [ -73.853437308437535, 5.127736174559559 ], [ -73.840810310621123, 5.134181933002707 ], [ -73.835671416160963, 5.143325915910427 ], [ -73.846096030637298, 5.145124732220141 ], [ -73.845361902857277, 5.154718419205289 ], [ -73.841984915069162, 5.164611908908722 ], [ -73.838167450613042, 5.16446200754958 ], [ -73.832734905040866, 5.171207568711012 ], [ -73.821869813896512, 5.175105004048729 ], [ -73.806159479403988, 5.167759837450725 ], [ -73.794119783811595, 5.182000466569304 ], [ -73.785310250451303, 5.184248986956448 ], [ -73.776500717091025, 5.190394942681309 ], [ -73.773417380414912, 5.195941292969597 ], [ -73.75946895259446, 5.210181922088176 ], [ -73.758000697034419, 5.216477779172179 ], [ -73.752421325906226, 5.223223340333612 ], [ -73.749484814786129, 5.219475806355038 ], [ -73.738766549197777, 5.214229258785037 ], [ -73.732453050289578, 5.220675017228182 ], [ -73.728195109165441, 5.219026102277611 ], [ -73.720266529141171, 5.222773636256183 ], [ -73.718798273581129, 5.228769690621902 ], [ -73.713953030232972, 5.23176771780476 ], [ -73.696921265736407, 5.23281702731876 ], [ -73.684294267919995, 5.228619789262758 ] ] ] } },
{ "type": "Feature", "properties": { "Código departamento": "25", "Departamento": "Cundinamarca", "Código municipio": "777", "Municipio": "SUPATÁ", "DIVIPOLA": "25777" }, "geometry": { "type": "Polygon", "coordinates": [ [ [ -74.157659860479512, 5.043791413439515 ], [ -74.162064627159651, 5.035396937327509 ], [ -74.170140032739923, 5.02625295441979 ], [ -74.197596411712823, 5.012012325301211 ], [ -74.207580549521154, 5.010663213068924 ], [ -74.208901979525194, 5.000469920647205 ], [ -74.214481350653372, 4.996572485309488 ], [ -74.221969454009624, 5.002418638316063 ], [ -74.224905965129722, 5.008264791322637 ], [ -74.232540894041961, 5.012911733456069 ], [ -74.236211532942093, 5.020556702772359 ], [ -74.253096471882643, 5.023404828596076 ], [ -74.261465528574917, 5.030000488398364 ], [ -74.265136167475035, 5.035996542764081 ], [ -74.272477445275271, 5.034047825095223 ], [ -74.278056816403463, 5.029101080243506 ], [ -74.287453651987761, 5.040943287615799 ], [ -74.288334605323797, 5.047988651495516 ], [ -74.293326674227956, 5.048588256932088 ], [ -74.297731440908109, 5.053984705861235 ], [ -74.298171917576113, 5.064327899642097 ], [ -74.303751288704305, 5.073921586627246 ], [ -74.302870335368269, 5.083515273612393 ], [ -74.294648104231996, 5.085164188562966 ], [ -74.297290964240091, 5.09101034156954 ], [ -74.278350467515466, 5.108698701948406 ], [ -74.271156015271231, 5.113195742722696 ], [ -74.259116319678839, 5.111247025053838 ], [ -74.24678297297443, 5.104351562533261 ], [ -74.23371549849, 5.112146433208694 ], [ -74.226814697357781, 5.118442290292697 ], [ -74.21492182732139, 5.102103042146118 ], [ -74.203469433953018, 5.104201661174119 ], [ -74.195540853928748, 5.10270264758269 ], [ -74.187612273904492, 5.096556691857828 ], [ -74.185703541676432, 5.087412708950109 ], [ -74.178362263876195, 5.080367345070392 ], [ -74.174104322752044, 5.070323954007814 ], [ -74.174251148308059, 5.064927505078669 ], [ -74.158247162703532, 5.05173618547409 ], [ -74.157659860479512, 5.043791413439515 ] ] ] } },
{ "type": "Feature", "properties": { "Código departamento": "25", "Departamento": "Cundinamarca", "Código municipio": "779", "Municipio": "SUSA", "DIVIPOLA": "25779" }, "geometry": { "type": "Polygon", "coordinates": [ [ [ -73.743464966989933, 5.471010286996891 ], [ -73.770187218182812, 5.472209497870034 ], [ -73.775913414867006, 5.461866304089171 ], [ -73.780465007103146, 5.458868276906313 ], [ -73.794707086035615, 5.43533376352087 ], [ -73.791476923803515, 5.424690767021722 ], [ -73.80058010827581, 5.409550729748285 ], [ -73.815556314988299, 5.39605960742542 ], [ -73.81496901276428, 5.390213454418846 ], [ -73.825246801684614, 5.374323910349694 ], [ -73.829798393920768, 5.367728250547406 ], [ -73.839635706173084, 5.367578349188263 ], [ -73.84242539173718, 5.372375192680836 ], [ -73.857988900673689, 5.382268682384271 ], [ -73.858576202897709, 5.387065525876845 ], [ -73.864742876249906, 5.394260791115705 ], [ -73.855786517333613, 5.403704576741711 ], [ -73.860778586237785, 5.410150335184857 ], [ -73.861219062905803, 5.418544811296861 ], [ -73.86856034070604, 5.422742049352864 ], [ -73.875314316282257, 5.43323514449287 ], [ -73.887794488542667, 5.436532974394015 ], [ -73.886913535206645, 5.450024096716878 ], [ -73.882361942970491, 5.457968868751455 ], [ -73.867238910702, 5.462016205448314 ], [ -73.865330178473926, 5.465014232631172 ], [ -73.854318261773571, 5.469361372046317 ], [ -73.849473018425414, 5.474308116898034 ], [ -73.844774600633258, 5.471609892433462 ], [ -73.835230939492945, 5.474158215538892 ], [ -73.830826172812806, 5.472359399229176 ], [ -73.828770615028731, 5.483302198446611 ], [ -73.825540452796631, 5.48480121203804 ], [ -73.811004722752145, 5.48270259301004 ], [ -73.801607887167847, 5.486600028347756 ], [ -73.792064226027534, 5.498891939797477 ], [ -73.78692533156736, 5.510584245810626 ], [ -73.782667390443223, 5.499791347952335 ], [ -73.768865788178772, 5.486600028347756 ], [ -73.759028475926442, 5.48480121203804 ], [ -73.747135605890051, 5.489598055530615 ], [ -73.743464966989933, 5.471010286996891 ] ] ] } },
{ "type": "Feature", "properties": { "Código departamento": "25", "Departamento": "Cundinamarca", "Código municipio": "781", "Municipio": "SUTATAUSA", "DIVIPOLA": "25781" }, "geometry": { "type": "Polygon", "coordinates": [ [ [ -73.804691223843946, 5.259049765168775 ], [ -73.802635666059871, 5.255002428471916 ], [ -73.813353931648223, 5.240761799353336 ], [ -73.827155533912673, 5.233716435473618 ], [ -73.824659499460594, 5.22307343897447 ], [ -73.833322207264885, 5.219176003636753 ], [ -73.834496811712924, 5.213030047911892 ], [ -73.847123809529336, 5.211680935679605 ], [ -73.846683332861318, 5.194142476659882 ], [ -73.853730959549551, 5.190844646758737 ], [ -73.860778586237785, 5.184248986956448 ], [ -73.862687318465845, 5.197890010638456 ], [ -73.871496851826137, 5.199988629666456 ], [ -73.876048444062278, 5.21392945606675 ], [ -73.882508768526492, 5.214678962862465 ], [ -73.891905604110804, 5.223972847129327 ], [ -73.894548464118884, 5.230268704213331 ], [ -73.893814336338863, 5.245108938768481 ], [ -73.897631800794983, 5.251854499929913 ], [ -73.899393707467041, 5.25785055429563 ], [ -73.894401638562883, 5.261598088274204 ], [ -73.891171476330783, 5.269392958949637 ], [ -73.881334164078453, 5.272091183414211 ], [ -73.867238910702, 5.281534969040215 ], [ -73.862393667353828, 5.286631615251076 ], [ -73.852996831769531, 5.291578360102792 ], [ -73.851528576209475, 5.282584278554215 ], [ -73.846536507305316, 5.276888026906785 ], [ -73.835818241716964, 5.271191775259353 ], [ -73.824365848348592, 5.271791380695924 ], [ -73.804691223843946, 5.259049765168775 ] ] ] } },
{ "type": "Feature", "properties": { "Código departamento": "25", "Departamento": "Cundinamarca", "Código municipio": "785", "Municipio": "TABIO", "DIVIPOLA": "25785" }, "geometry": { "type": "Polygon", "coordinates": [ [ [ -74.032858137875422, 4.963144482220613 ], [ -74.037556555667578, 4.962095172706612 ], [ -74.044457356799796, 4.95534961154518 ], [ -74.052385936824066, 4.941858489222317 ], [ -74.054735145720144, 4.934363421265169 ], [ -74.063691504636438, 4.928517268258594 ], [ -74.068096271316577, 4.921022200301448 ], [ -74.076024851340833, 4.91607545544973 ], [ -74.07705263023287, 4.9114285133163 ], [ -74.079695490240951, 4.905582360309725 ], [ -74.079695490240951, 4.896888081479434 ], [ -74.082338350249046, 4.893290448860005 ], [ -74.092322488057363, 4.892241139346003 ], [ -74.101278846973656, 4.898986700507435 ], [ -74.111703461450006, 4.898387095070864 ], [ -74.117870134802203, 4.903034037204296 ], [ -74.129028877058573, 4.904682952154867 ], [ -74.130203481506612, 4.912327921471157 ], [ -74.121981250370339, 4.921621805738019 ], [ -74.118310611470221, 4.922970917970306 ], [ -74.113759019234067, 4.940959081067459 ], [ -74.113318542566063, 4.950852570770892 ], [ -74.108179648105889, 4.964493594452899 ], [ -74.108032822549887, 4.977385111339193 ], [ -74.10509631142979, 4.988028107838342 ], [ -74.105389962541793, 5.000469920647205 ], [ -74.102306625865694, 5.008114889963495 ], [ -74.091588360277342, 5.006316073653779 ], [ -74.087624070265221, 5.011112917146353 ], [ -74.07954866468495, 5.006615876372066 ], [ -74.06457245797246, 5.005716468217208 ], [ -74.066628015756521, 4.994473866281488 ], [ -74.063985155748441, 4.9889275159932 ], [ -74.050477204595992, 4.983231264345767 ], [ -74.048421646811931, 4.978434420853193 ], [ -74.039905764563656, 4.974986689592906 ], [ -74.032858137875422, 4.963144482220613 ] ] ] } },
{ "type": "Feature", "properties": { "Código departamento": "25", "Departamento": "Cundinamarca", "Código municipio": "793", "Municipio": "TAUSA", "DIVIPOLA": "25793" }, "geometry": { "type": "Polygon", "coordinates": [ [ [ -73.995417621094191, 5.258450159732203 ], [ -73.988663645517974, 5.246308149641625 ], [ -73.971778706577425, 5.238663180325335 ], [ -73.975742996589545, 5.234465942269332 ], [ -73.978532682153642, 5.224872255284185 ], [ -73.970750927685387, 5.222623734897041 ], [ -73.966199335449232, 5.218126694122753 ], [ -73.963703300997153, 5.210032020729034 ], [ -73.952691384296799, 5.205235177236459 ], [ -73.941532642040428, 5.210781527524749 ], [ -73.933016759792153, 5.226371268875615 ], [ -73.925969133103919, 5.229069493340186 ], [ -73.926262784215922, 5.23536535042419 ], [ -73.919068331971687, 5.241061602071622 ], [ -73.90849689193935, 5.24555864284591 ], [ -73.901449265251117, 5.252304204007342 ], [ -73.897631800794983, 5.251854499929913 ], [ -73.893814336338863, 5.245108938768481 ], [ -73.894548464118884, 5.230268704213331 ], [ -73.891905604110804, 5.223972847129327 ], [ -73.882508768526492, 5.214678962862465 ], [ -73.876048444062278, 5.21392945606675 ], [ -73.871496851826137, 5.199988629666456 ], [ -73.862687318465845, 5.197890010638456 ], [ -73.860778586237785, 5.184248986956448 ], [ -73.853730959549551, 5.190844646758737 ], [ -73.846683332861318, 5.194142476659882 ], [ -73.83919522950508, 5.184248986956448 ], [ -73.840810310621123, 5.176903820358445 ], [ -73.838167450613042, 5.16446200754958 ], [ -73.841984915069162, 5.164611908908722 ], [ -73.845361902857277, 5.154718419205289 ], [ -73.856373819557632, 5.159215459979577 ], [ -73.856667470669649, 5.151720392022431 ], [ -73.866945259589983, 5.149022167557857 ], [ -73.871643677382139, 5.154118813768718 ], [ -73.879572257406394, 5.151120786585859 ], [ -73.888234965210685, 5.159665164057006 ], [ -73.894254813006881, 5.154718419205289 ], [ -73.891758778554802, 5.15067108250843 ], [ -73.892933383002841, 5.141677000959853 ], [ -73.899834184135059, 5.14047779008671 ], [ -73.906294508599274, 5.132982722129563 ], [ -73.913048484175491, 5.129984694946704 ], [ -73.919802459751722, 5.142276606396424 ], [ -73.930667550896075, 5.152020194740715 ], [ -73.940064386480387, 5.141527099600711 ], [ -73.943147723156486, 5.128335779996132 ], [ -73.961207266545074, 5.138678973776995 ], [ -73.964143777665171, 5.142126705037282 ], [ -73.976623949925582, 5.149172068917001 ], [ -73.982790623277779, 5.150521181149286 ], [ -73.991306505526055, 5.159665164057006 ], [ -74.001877945558405, 5.164312106190438 ], [ -74.017881931162933, 5.160264769493577 ], [ -74.022433523399087, 5.168209541528154 ], [ -74.025516860075186, 5.180351551618732 ], [ -74.03388591676746, 5.177503425795016 ], [ -74.045485135691834, 5.169708555119583 ], [ -74.04959625125997, 5.189495534526452 ], [ -74.049889902371973, 5.20163754461703 ], [ -74.039612113451639, 5.20628448675046 ], [ -74.041374020123698, 5.209882119369891 ], [ -74.055909750168183, 5.214229258785037 ], [ -74.060461342404324, 5.218726299559324 ], [ -74.068096271316577, 5.220974819946469 ], [ -74.078227234680909, 5.226970874312186 ], [ -74.077786758012891, 5.23071840829076 ], [ -74.076758979120854, 5.240012292557622 ], [ -74.067508969092557, 5.249905782261055 ], [ -74.048715297923934, 5.247507360514768 ], [ -74.043723229019776, 5.244659234691052 ], [ -74.029921626755325, 5.242110911585622 ], [ -74.015679547822856, 5.243909727895338 ], [ -74.000409689998364, 5.25979927196449 ], [ -73.995417621094191, 5.258450159732203 ] ] ] } },
{ "type": "Feature", "properties": { "Código departamento": "25", "Departamento": "Cundinamarca", "Código municipio": "797", "Municipio": "TENA", "DIVIPOLA": "25797" }, "geometry": { "type": "Polygon", "coordinates": [ [ [ -74.344128316605619, 4.65389797830873 ], [ -74.358076744426086, 4.647002515788155 ], [ -74.372759300026559, 4.636359519289006 ], [ -74.380394228938812, 4.646253008992441 ], [ -74.383918042282929, 4.635759913852435 ], [ -74.394489482315279, 4.623018298325285 ], [ -74.403592666787574, 4.625716522789857 ], [ -74.413723630151907, 4.622718495606999 ], [ -74.419596652392102, 4.618221454832711 ], [ -74.423414116848221, 4.609826978720707 ], [ -74.436187940220634, 4.599183982221558 ], [ -74.445437950248945, 4.597684968630129 ], [ -74.444997473580926, 4.62886445133186 ], [ -74.428846662420398, 4.622718495606999 ], [ -74.431342696872477, 4.632162281233005 ], [ -74.424882372408263, 4.635310209775006 ], [ -74.425029197964278, 4.646402910351584 ], [ -74.421505384620161, 4.651949260639872 ], [ -74.416219664603986, 4.653748076949587 ], [ -74.41152124681183, 4.661093243547591 ], [ -74.398600597883402, 4.673535056356456 ], [ -74.389791064523124, 4.685227362369605 ], [ -74.394195831203263, 4.690473909939608 ], [ -74.39331487786724, 4.699318090129041 ], [ -74.38538629784297, 4.695570556150467 ], [ -74.366592626674361, 4.694071542559038 ], [ -74.362775162218227, 4.684477855573889 ], [ -74.351322768849855, 4.682828940623318 ], [ -74.345890223277678, 4.676682984898457 ], [ -74.345743397721677, 4.671286535969311 ], [ -74.341485456597539, 4.665590284321881 ], [ -74.344128316605619, 4.65389797830873 ] ] ] } },
{ "type": "Feature", "properties": { "Código departamento": "25", "Departamento": "Cundinamarca", "Código municipio": "799", "Municipio": "TENJO", "DIVIPOLA": "25799" }, "geometry": { "type": "Polygon", "coordinates": [ [ [ -74.082338350249046, 4.893290448860005 ], [ -74.081897873581028, 4.882347649642569 ], [ -74.082925652473065, 4.865408796059417 ], [ -74.094671696953441, 4.848469942476265 ], [ -74.099076463633594, 4.842024184033119 ], [ -74.111262984781987, 4.831830891611399 ], [ -74.118897913694241, 4.815641544823962 ], [ -74.133286818182711, 4.813992629873389 ], [ -74.146501118223142, 4.801101112987097 ], [ -74.156485256031473, 4.785811174354516 ], [ -74.161036848267628, 4.776067586010226 ], [ -74.152814617131355, 4.763325970483076 ], [ -74.162945580495688, 4.749984749519354 ], [ -74.169846381627906, 4.761976858250789 ], [ -74.172489241636001, 4.773519262904796 ], [ -74.180858298328275, 4.773819065623081 ], [ -74.191576563916627, 4.76962182756708 ], [ -74.195834505040764, 4.777716500960797 ], [ -74.195100377260744, 4.785361470277087 ], [ -74.200679748388922, 4.79210703143852 ], [ -74.216390082881432, 4.777116895524226 ], [ -74.218298815109506, 4.793755946389093 ], [ -74.210076583973233, 4.800201704832239 ], [ -74.202735306172983, 4.801251014346239 ], [ -74.198771016160862, 4.814892038028247 ], [ -74.196568632820785, 4.816540952978818 ], [ -74.187759099460493, 4.839176058209403 ], [ -74.178362263876195, 4.843823000342835 ], [ -74.175132101644081, 4.855065602278555 ], [ -74.17762813609616, 4.857763826743127 ], [ -74.177774961652176, 4.866008401495988 ], [ -74.169552730515903, 4.871254949065992 ], [ -74.167497172731828, 4.87979932653714 ], [ -74.155310651583434, 4.888043901290001 ], [ -74.146060641555124, 4.890592224395431 ], [ -74.138572538198886, 4.895988673324577 ], [ -74.132846341514693, 4.903933445359152 ], [ -74.129028877058573, 4.904682952154867 ], [ -74.117870134802203, 4.903034037204296 ], [ -74.111703461450006, 4.898387095070864 ], [ -74.101278846973656, 4.898986700507435 ], [ -74.092322488057363, 4.892241139346003 ], [ -74.082338350249046, 4.893290448860005 ] ] ] } },
{ "type": "Feature", "properties": { "Código departamento": "25", "Departamento": "Cundinamarca", "Código municipio": "805", "Municipio": "TIBACUY", "DIVIPOLA": "25805" }, "geometry": { "type": "Polygon", "coordinates": [ [ [ -74.420183954616121, 4.358592300797141 ], [ -74.42326729129222, 4.346600192065705 ], [ -74.43574746355263, 4.336856603721414 ], [ -74.44088635801279, 4.323065678680265 ], [ -74.450576844709104, 4.311523274026258 ], [ -74.465846702533611, 4.298032151703393 ], [ -74.482437990362158, 4.288888168795675 ], [ -74.49447768595455, 4.284241226662243 ], [ -74.503580870426845, 4.282592311711672 ], [ -74.514445961571198, 4.276746158705097 ], [ -74.536469794971921, 4.270600202980236 ], [ -74.544838851664196, 4.261006515995088 ], [ -74.54939044390035, 4.260856614635945 ], [ -74.551886478352429, 4.265053852691946 ], [ -74.554382512804509, 4.274947342395381 ], [ -74.550858699460392, 4.287988760640817 ], [ -74.545426153888215, 4.299681066653966 ], [ -74.539993608316038, 4.307326035970257 ], [ -74.517088821579293, 4.325464100426552 ], [ -74.507398334882978, 4.335657392848272 ], [ -74.505342777098903, 4.345850685269991 ], [ -74.498588801522686, 4.354694865459424 ], [ -74.471719724773806, 4.363089341571428 ], [ -74.462616540301511, 4.36114062390257 ], [ -74.461588761409473, 4.367436480986574 ], [ -74.451751449157143, 4.386024249520299 ], [ -74.439858579120767, 4.367286579627431 ], [ -74.433838731324556, 4.367586382345718 ], [ -74.422973640180203, 4.363239242930573 ], [ -74.420183954616121, 4.358592300797141 ] ] ] } },
{ "type": "Feature", "properties": { "Código departamento": "25", "Departamento": "Cundinamarca", "Código municipio": "807", "Municipio": "TIBIRITA", "DIVIPOLA": "25807" }, "geometry": { "type": "Polygon", "coordinates": [ [ [ -73.49165913844169, 5.128935385432704 ], [ -73.491071836217671, 5.120391007961556 ], [ -73.494595649561774, 5.106300280202119 ], [ -73.488428976209576, 5.09250935516097 ], [ -73.482262302857379, 5.083215470894108 ], [ -73.480059919517302, 5.062529083332381 ], [ -73.487548022873554, 5.058931450712952 ], [ -73.486226592869514, 5.050836777319232 ], [ -73.496210730677831, 5.039893978101799 ], [ -73.502524229586044, 5.039744076742655 ], [ -73.516032180738478, 5.035396937327509 ], [ -73.522345679646691, 5.02925098160265 ], [ -73.528512352998888, 5.035696740045796 ], [ -73.527337748550849, 5.061779576536668 ], [ -73.541433001927317, 5.07212277031753 ], [ -73.54774650083553, 5.073771685268102 ], [ -73.551270314179632, 5.079467936915534 ], [ -73.548921105283569, 5.088012314386682 ], [ -73.544369513047414, 5.092959059238399 ], [ -73.544222687491413, 5.099704620399831 ], [ -73.536440933023158, 5.104351562533261 ], [ -73.53600045635514, 5.112296334567838 ], [ -73.538056014139201, 5.122789429707843 ], [ -73.536734584135161, 5.132233215333849 ], [ -73.522345679646691, 5.134931439798421 ], [ -73.516472657406496, 5.127136569122988 ], [ -73.500468671801968, 5.125937358249845 ], [ -73.49165913844169, 5.128935385432704 ] ] ] } },
{ "type": "Feature", "properties": { "Código departamento": "25", "Departamento": "Cundinamarca", "Código municipio": "815", "Municipio": "TOCAIMA", "DIVIPOLA": "25815" }, "geometry": { "type": "Polygon", "coordinates": [ [ [ -74.56245791838478, 4.446884201332332 ], [ -74.558053151704627, 4.442686963276329 ], [ -74.568771417292979, 4.439539034734328 ], [ -74.559521407264683, 4.429795446390037 ], [ -74.558346802816644, 4.422750082510318 ], [ -74.568037289512958, 4.420501562123175 ], [ -74.563632522832819, 4.409258960187455 ], [ -74.558053151704627, 4.410907875138027 ], [ -74.551592827240427, 4.405661327568024 ], [ -74.552326955020447, 4.395018331068875 ], [ -74.54939044390035, 4.393069613400017 ], [ -74.546307107224251, 4.372383225838292 ], [ -74.548509490564328, 4.364138651085431 ], [ -74.551886478352429, 4.371184014965148 ], [ -74.560696011712722, 4.373882239429721 ], [ -74.583307147337464, 4.368335889141432 ], [ -74.596961924045914, 4.358292498078856 ], [ -74.599751609609996, 4.372982831274864 ], [ -74.608854794082305, 4.382426616900868 ], [ -74.61546194410252, 4.386923657675156 ], [ -74.620160361894676, 4.386623854956871 ], [ -74.625152430798835, 4.393219514759159 ], [ -74.636164347499189, 4.395917739223733 ], [ -74.643946101967444, 4.401464089512021 ], [ -74.65598579755985, 4.400264878638878 ], [ -74.66435485425211, 4.413006494166027 ], [ -74.676835026512521, 4.416304324067172 ], [ -74.694160442121088, 4.408659354750882 ], [ -74.702969975481381, 4.399515371843163 ], [ -74.714862845517771, 4.391420698449445 ], [ -74.725287459994121, 4.393369416118303 ], [ -74.727196192222181, 4.3870735590343 ], [ -74.735418423358453, 4.380627800591154 ], [ -74.742906526714691, 4.380777701950296 ], [ -74.745696212278787, 4.394418725632304 ], [ -74.751128757850964, 4.432193868136324 ], [ -74.753477966747042, 4.434592289882612 ], [ -74.747017642282827, 4.443886174149474 ], [ -74.74540256116677, 4.453929565212051 ], [ -74.738061283366534, 4.459625816859481 ], [ -74.730866831122299, 4.458126803268052 ], [ -74.725581111106123, 4.460225422296053 ], [ -74.719854914421944, 4.462473942683197 ], [ -74.703704103261401, 4.489456187328927 ], [ -74.689462024328947, 4.504596224602364 ], [ -74.670081050936304, 4.523034091776945 ], [ -74.663180249804086, 4.526631724396375 ], [ -74.660096913127973, 4.532178074684665 ], [ -74.651287379767695, 4.540422649437526 ], [ -74.646882613087541, 4.548517322831244 ], [ -74.638660381951269, 4.553164264964676 ], [ -74.632053231931053, 4.560809234280966 ], [ -74.624711954130817, 4.577748087864118 ], [ -74.621628617454718, 4.580896016406119 ], [ -74.621041315230698, 4.588990689799838 ], [ -74.616930199662562, 4.592738223778411 ], [ -74.600485737390031, 4.618970961628425 ], [ -74.602394469618091, 4.598884179503272 ], [ -74.605918282962207, 4.589890097954696 ], [ -74.609735747418327, 4.5728013430124 ], [ -74.612819084094426, 4.569353611752113 ], [ -74.615021467434502, 4.534576496430952 ], [ -74.618838931890622, 4.521834880903801 ], [ -74.617517501886581, 4.515988727897226 ], [ -74.620894489674697, 4.505495632757222 ], [ -74.615608769658522, 4.490955200920356 ], [ -74.614580990766484, 4.47791378267492 ], [ -74.609442096306324, 4.475515360928633 ], [ -74.605037329626171, 4.46262384404234 ], [ -74.608414317414287, 4.454828973366907 ], [ -74.583307147337464, 4.447034102691474 ], [ -74.573323009529133, 4.444935483663474 ], [ -74.56245791838478, 4.446884201332332 ] ] ] } },
{ "type": "Feature", "properties": { "Código departamento": "25", "Departamento": "Cundinamarca", "Código municipio": "817", "Municipio": "TOCANCIPÁ", "DIVIPOLA": "25817" }, "geometry": { "type": "Polygon", "coordinates": [ [ [ -73.874139711834218, 4.963294383579757 ], [ -73.876782571842313, 4.959846652319469 ], [ -73.893520685226861, 4.946505431355747 ], [ -73.903357997479176, 4.935712533497456 ], [ -73.908350066383335, 4.922970917970306 ], [ -73.915838169739587, 4.913677033703444 ], [ -73.925088179767883, 4.917724370400303 ], [ -73.932723108680136, 4.927018254667165 ], [ -73.939330258700352, 4.929566577772595 ], [ -73.948139792060644, 4.938710560680314 ], [ -73.959004883204997, 4.944556713686889 ], [ -73.967961242121291, 4.945006417764318 ], [ -73.974568392141506, 4.962694778143185 ], [ -73.991012854414052, 4.97213856376919 ], [ -73.989397773297995, 4.979034026289765 ], [ -73.984993006617856, 4.98083284259948 ], [ -73.986901738845916, 4.989826924148056 ], [ -73.980588239937703, 4.994923570358917 ], [ -73.972219183245429, 4.996572485309488 ], [ -73.965758858781228, 4.991176036380343 ], [ -73.961941394325095, 4.97873422357148 ], [ -73.96458425433319, 4.97318787328319 ], [ -73.959004883204997, 4.96854093114976 ], [ -73.948727094284664, 4.971089254255189 ], [ -73.945643757608565, 4.978284519494051 ], [ -73.938596130920331, 4.982032053472623 ], [ -73.940211212036388, 4.991775641816914 ], [ -73.945496932052563, 5.006615876372066 ], [ -73.942707246488467, 5.012611930737783 ], [ -73.937127875360289, 5.010063607632353 ], [ -73.914957216403565, 5.02265532180036 ], [ -73.912461181951471, 5.027901869370363 ], [ -73.905854031931256, 5.021156308208931 ], [ -73.907469113047313, 5.016809168793785 ], [ -73.890730999662765, 4.985779587451197 ], [ -73.898365928575018, 4.975586295029477 ], [ -73.892199255222806, 4.973637577360619 ], [ -73.885298454090588, 4.966592213480902 ], [ -73.874139711834218, 4.963294383579757 ] ] ] } },
{ "type": "Feature", "properties": { "Código departamento": "25", "Departamento": "Cundinamarca", "Código municipio": "823", "Municipio": "TOPAIPÍ", "DIVIPOLA": "25823" }, "geometry": { "type": "Polygon", "coordinates": [ [ [ -74.234302800714019, 5.397408719657707 ], [ -74.235624230718059, 5.383018189179984 ], [ -74.232100417373957, 5.379120753842268 ], [ -74.231072638481919, 5.370876179089406 ], [ -74.222850407345646, 5.360682886667687 ], [ -74.224465488461703, 5.352738114633111 ], [ -74.220941675117587, 5.342095118133963 ], [ -74.224171837349687, 5.341495512697391 ], [ -74.229163906253859, 5.329953108043385 ], [ -74.228723429585841, 5.319160210185093 ], [ -74.231953591817941, 5.312414649023661 ], [ -74.226521046245765, 5.303570468834228 ], [ -74.213306746205333, 5.295625696799651 ], [ -74.22064802400557, 5.289629642433934 ], [ -74.242671857406293, 5.293077373694222 ], [ -74.249279007426509, 5.276738125547641 ], [ -74.254271076330681, 5.280035955448786 ], [ -74.255298855222705, 5.293676979130793 ], [ -74.259556796346857, 5.300872244369654 ], [ -74.262786958578957, 5.315262774847377 ], [ -74.274826654171349, 5.317061591157091 ], [ -74.281727455303582, 5.309716424559087 ], [ -74.289656035327837, 5.309716424559087 ], [ -74.293179848671954, 5.302820962038512 ], [ -74.304191765372309, 5.305669087862229 ], [ -74.309624310944486, 5.311065536791374 ], [ -74.31226717095258, 5.319310111544236 ], [ -74.317112414300738, 5.322158237367952 ], [ -74.323132262096934, 5.334600050176816 ], [ -74.328417982113109, 5.339846597746818 ], [ -74.347652129949736, 5.328753897170242 ], [ -74.35792991887007, 5.331452121634814 ], [ -74.359398174430126, 5.342095118133963 ], [ -74.355727535530008, 5.349889988809395 ], [ -74.359398174430126, 5.36233180161826 ], [ -74.35851722109409, 5.37717203617341 ], [ -74.362921987774243, 5.378671049764839 ], [ -74.3709973933545, 5.391562566651133 ], [ -74.376576764482692, 5.39501029791142 ], [ -74.373346602250578, 5.40415428081914 ], [ -74.365124371114305, 5.418095107219433 ], [ -74.360719604434166, 5.422891950712006 ], [ -74.351029117737852, 5.418394909937718 ], [ -74.351763245517873, 5.412548756931144 ], [ -74.348092606617755, 5.400706549558852 ], [ -74.333703702129284, 5.396809114221136 ], [ -74.325187819880995, 5.392312073446846 ], [ -74.322544959872914, 5.386465920440272 ], [ -74.306687799824402, 5.388114835390845 ], [ -74.298906045356148, 5.401905760431995 ], [ -74.291271116443895, 5.405653294410569 ], [ -74.279084595295487, 5.396959015580278 ], [ -74.276882211955424, 5.391862369369419 ], [ -74.267779027483115, 5.392911678883419 ], [ -74.265870295255056, 5.404603984896569 ], [ -74.25926314523484, 5.406852505283712 ], [ -74.243846461854332, 5.402505365868566 ], [ -74.241937729626272, 5.39860793053085 ], [ -74.234302800714019, 5.397408719657707 ] ] ] } },
{ "type": "Feature", "properties": { "Código departamento": "25", "Departamento": "Cundinamarca", "Código municipio": "839", "Municipio": "UBALÁ", "DIVIPOLA": "25839" }, "geometry": { "type": "MultiPolygon", "coordinates": [ [ [ [ -73.220619162056806, 4.676682984898457 ], [ -73.229869172085102, 4.670087325096168 ], [ -73.23412711320924, 4.670537029173597 ], [ -73.240146961005436, 4.662742158498165 ], [ -73.244992204353593, 4.64370468588701 ], [ -73.247635064361688, 4.623767805120999 ], [ -73.256885074389984, 4.621968988811285 ], [ -73.266281909974296, 4.624817114635001 ], [ -73.273182711106529, 4.630513366282432 ], [ -73.280817640018768, 4.629763859486718 ], [ -73.290214475603079, 4.634710604338435 ], [ -73.303135124531508, 4.623917706480143 ], [ -73.318258156799999, 4.635460111134148 ], [ -73.323397051260173, 4.633661294824434 ], [ -73.333968491292524, 4.639207645112722 ], [ -73.337051827968622, 4.649850641611871 ], [ -73.346742314664937, 4.649550838893584 ], [ -73.35378994135317, 4.653298372872158 ], [ -73.364508206941522, 4.654197781027016 ], [ -73.371555833629742, 4.658544920442162 ], [ -73.382861401442113, 4.654947287822732 ], [ -73.385797912562211, 4.661692848984162 ], [ -73.395047922590521, 4.667838804709024 ], [ -73.403416979282795, 4.678631702567315 ], [ -73.396956654818581, 4.694521246636467 ], [ -73.384036005890152, 4.7044147363399 ], [ -73.38183362255009, 4.718205661381051 ], [ -73.385210610338191, 4.730497572830772 ], [ -73.390936807022385, 4.735744120400775 ], [ -73.387266168122267, 4.742789484280494 ], [ -73.384329657002169, 4.758529126990502 ], [ -73.375960600309895, 4.767373307179935 ], [ -73.36876614806566, 4.772619854749938 ], [ -73.354230418021174, 4.765274688151934 ], [ -73.34512723354888, 4.76707350446165 ], [ -73.324865306820215, 4.775617881932797 ], [ -73.324424830152196, 4.779665218629655 ], [ -73.31385339011986, 4.770521235721938 ], [ -73.310035925663726, 4.759278633786216 ], [ -73.310329576775743, 4.75283287534307 ], [ -73.306071635651605, 4.744588300590208 ], [ -73.308861321215687, 4.739641555738491 ], [ -73.306365286763608, 4.73139698098563 ], [ -73.295353370063253, 4.727649447007056 ], [ -73.291095428939116, 4.723752011669339 ], [ -73.283166848914846, 4.72225299807791 ], [ -73.281258116686786, 4.726899940211342 ], [ -73.269071595538392, 4.740690865252492 ], [ -73.262611271074178, 4.736793429914775 ], [ -73.257178725502001, 4.738742147583634 ], [ -73.248222366585708, 4.733195797295346 ], [ -73.236329496549317, 4.736793429914775 ], [ -73.222968370952884, 4.733345698654488 ], [ -73.21973820872077, 4.724951222542484 ], [ -73.228254090969045, 4.714907831479906 ], [ -73.228547742081062, 4.70996108662819 ], [ -73.234420764321257, 4.694371345277324 ], [ -73.220619162056806, 4.676682984898457 ] ] ], [ [ [ -73.446436867192205, 4.889842717599715 ], [ -73.43733368271991, 4.887144493135144 ], [ -73.431754311591718, 4.881448241487711 ], [ -73.421036046003366, 4.879349622459711 ], [ -73.414135244871147, 4.88084863605114 ], [ -73.401948723722739, 4.879949227896282 ], [ -73.396075701482545, 4.867657316446562 ], [ -73.393432841474464, 4.866008401495988 ], [ -73.391230458134388, 4.848919646553694 ], [ -73.383301878110132, 4.84817013975798 ], [ -73.374639170305855, 4.839775663645974 ], [ -73.375373298085876, 4.831830891611399 ], [ -73.365682811389561, 4.825385133168253 ], [ -73.372289961409777, 4.811144504049673 ], [ -73.371849484741759, 4.800801310268811 ], [ -73.382127273662093, 4.799602099395668 ], [ -73.388000295902287, 4.79105772192452 ], [ -73.394754271478504, 4.784911766199659 ], [ -73.39680982926258, 4.777566599601655 ], [ -73.403270153726794, 4.772020249313367 ], [ -73.413254291535111, 4.768572518053079 ], [ -73.410758257083032, 4.762426562328218 ], [ -73.414869372651168, 4.751333861751641 ], [ -73.427936847135598, 4.744438399231066 ], [ -73.436305903827872, 4.748335834568782 ], [ -73.448932901644284, 4.73904195030192 ], [ -73.468754351704931, 4.737093232633062 ], [ -73.478885315069263, 4.726150433415627 ], [ -73.486079767313498, 4.726000532056484 ], [ -73.495182951785807, 4.722552800796197 ], [ -73.500615497357984, 4.717905858662765 ], [ -73.518675040746572, 4.716256943712193 ], [ -73.521905202978672, 4.713708620606764 ], [ -73.534825851907101, 4.715807239634764 ], [ -73.536147281911141, 4.719704674972481 ], [ -73.546865547499493, 4.722103096718768 ], [ -73.557730638643847, 4.729448263316772 ], [ -73.564190963108061, 4.730947276908201 ], [ -73.569476683124236, 4.741740174766492 ], [ -73.568448904232199, 4.747286525054782 ], [ -73.573587798692373, 4.753732283497928 ], [ -73.575496530920432, 4.761976858250789 ], [ -73.582397332052665, 4.77172044659508 ], [ -73.591060039856941, 4.779365415911371 ], [ -73.59414337653304, 4.78746008930509 ], [ -73.590472737632922, 4.795254959980523 ], [ -73.575202879808415, 4.796454170853665 ], [ -73.554500476411746, 4.791357524642806 ], [ -73.543929036379396, 4.796154368135379 ], [ -73.545984594163457, 4.813393024436817 ], [ -73.538056014139201, 4.831231286174828 ], [ -73.536881409691162, 4.839325959568545 ], [ -73.538056014139201, 4.849519251990265 ], [ -73.527190922994848, 4.864359486545417 ], [ -73.520877424086649, 4.86510899334113 ], [ -73.520583772974632, 4.878899918382282 ], [ -73.513829797398415, 4.879349622459711 ], [ -73.502524229586044, 4.883546860515712 ], [ -73.49415517289377, 4.883996564593141 ], [ -73.486667069537518, 4.890892027113718 ], [ -73.472278165049048, 4.890292421677144 ], [ -73.469635305040967, 4.892690843423432 ], [ -73.451575761652379, 4.882947255079141 ], [ -73.446436867192205, 4.889842717599715 ] ] ] ] } },
{ "type": "Feature", "properties": { "Código departamento": "25", "Departamento": "Cundinamarca", "Código municipio": "841", "Municipio": "UBAQUE", "DIVIPOLA": "25841" }, "geometry": { "type": "Polygon", "coordinates": [ [ [ -74.005401758902522, 4.560659332921822 ], [ -73.984258878837835, 4.551065645936675 ], [ -73.981469193273739, 4.539373339923526 ], [ -73.972659659913447, 4.539823044000953 ], [ -73.966199335449232, 4.533377285557807 ], [ -73.958564406536993, 4.509093265376651 ], [ -73.951810430960762, 4.50489602732065 ], [ -73.943588199824489, 4.504146520524935 ], [ -73.933897713128175, 4.509692870813223 ], [ -73.925088179767883, 4.50594533683465 ], [ -73.918040553079663, 4.506544942271222 ], [ -73.904679427483217, 4.500548887905505 ], [ -73.910552449723411, 4.493953228103215 ], [ -73.911873879727452, 4.488256976455783 ], [ -73.907615938603314, 4.474016347337204 ], [ -73.901596090807118, 4.46817019433063 ], [ -73.90056831191508, 4.459775718218626 ], [ -73.904532601927215, 4.457527197831481 ], [ -73.903651648591193, 4.441038048325757 ], [ -73.917600076411645, 4.439988738811757 ], [ -73.92156436642378, 4.453779663852907 ], [ -73.933750887572174, 4.457227395113194 ], [ -73.950048524288704, 4.453479861134622 ], [ -73.959004883204997, 4.459176112782052 ], [ -73.965465207669212, 4.460375323655197 ], [ -73.973540613249483, 4.457527197831481 ], [ -73.979560461045679, 4.457377296472338 ], [ -73.983965227725818, 4.463673153556342 ], [ -73.984112053281819, 4.474166248696346 ], [ -73.987782692181938, 4.476414769083491 ], [ -74.010393827806681, 4.484359541118066 ], [ -74.025223208963169, 4.486608061505211 ], [ -74.032124010095401, 4.491554806356928 ], [ -74.0352073467715, 4.500099183828076 ], [ -74.046806565695874, 4.50849365994008 ], [ -74.04827482125593, 4.512690897996083 ], [ -74.042254973459734, 4.512391095277796 ], [ -74.035647823439518, 4.535625805944952 ], [ -74.031977184539386, 4.539373339923526 ], [ -74.028600196751285, 4.551515350014104 ], [ -74.028893847863287, 4.558560713893821 ], [ -74.014504943374817, 4.56155874107668 ], [ -74.005401758902522, 4.560659332921822 ] ] ] } },
{ "type": "Feature", "properties": { "Código departamento": "25", "Departamento": "Cundinamarca", "Código municipio": "843", "Municipio": "VILLA DE SAN DIEGO DE UBATÉ", "DIVIPOLA": "25843" }, "geometry": { "type": "Polygon", "coordinates": [ [ [ -73.774004682638932, 5.35108919968254 ], [ -73.772389601522889, 5.341345611338247 ], [ -73.763873719274599, 5.324406757755097 ], [ -73.768718962622771, 5.323807152318524 ], [ -73.765635625946658, 5.298024118545938 ], [ -73.791476923803515, 5.279586251371357 ], [ -73.793385656031575, 5.26699453720335 ], [ -73.804691223843946, 5.259049765168775 ], [ -73.824365848348592, 5.271791380695924 ], [ -73.835818241716964, 5.271191775259353 ], [ -73.846536507305316, 5.276888026906785 ], [ -73.851528576209475, 5.282584278554215 ], [ -73.852996831769531, 5.291578360102792 ], [ -73.862393667353828, 5.286631615251076 ], [ -73.867238910702, 5.281534969040215 ], [ -73.873992886278216, 5.289479741074792 ], [ -73.888822267434705, 5.30267106067937 ], [ -73.890290522994746, 5.307767706890229 ], [ -73.886619884094628, 5.317061591157091 ], [ -73.879278606294392, 5.314813070769948 ], [ -73.87120320071412, 5.321858434649665 ], [ -73.861659539573807, 5.32665527814224 ], [ -73.850207146205435, 5.328154291733669 ], [ -73.848738890645393, 5.345243046675965 ], [ -73.850500797317451, 5.351988607837396 ], [ -73.8462428561933, 5.355886043175112 ], [ -73.839635706173084, 5.367578349188263 ], [ -73.829798393920768, 5.367728250547406 ], [ -73.825246801684614, 5.374323910349694 ], [ -73.817905523884377, 5.375373219863696 ], [ -73.809536467192103, 5.369527066857121 ], [ -73.800873759387812, 5.370426475011977 ], [ -73.79734994604371, 5.362781505695689 ], [ -73.792064226027534, 5.359183873076257 ], [ -73.780611832659162, 5.339097090951104 ], [ -73.776500717091025, 5.341045808619962 ], [ -73.774004682638932, 5.35108919968254 ] ] ] } },
{ "type": "Feature", "properties": { "Código departamento": "25", "Departamento": "Cundinamarca", "Código municipio": "845", "Municipio": "UNE", "DIVIPOLA": "25845" }, "geometry": { "type": "Polygon", "coordinates": [ [ [ -73.990719203302035, 4.418552844454317 ], [ -73.99277476108611, 4.413006494166027 ], [ -73.999822387774344, 4.411807283292885 ], [ -74.003493026674462, 4.404761919413166 ], [ -73.998060481102286, 4.392470007963445 ], [ -73.997766829990269, 4.377329970690009 ], [ -73.993802539978134, 4.369984804092005 ], [ -73.99468349331417, 4.357243188564854 ], [ -73.991893807750074, 4.355144569536853 ], [ -73.994243016646152, 4.348099205657136 ], [ -73.989397773297995, 4.343901967601133 ], [ -73.999235085550325, 4.336107096925701 ], [ -74.003786677786465, 4.32951143712341 ], [ -74.002612073338426, 4.324714593630836 ], [ -74.008925572246639, 4.313471991695116 ], [ -74.019643837834991, 4.307925641406828 ], [ -74.044604182355812, 4.302978896555111 ], [ -74.042842275683753, 4.296683039471108 ], [ -74.054881971276146, 4.293385209569963 ], [ -74.06838992242858, 4.29578363131625 ], [ -74.076465328008851, 4.288738267436531 ], [ -74.056790703504205, 4.279744185887956 ], [ -74.05018355348399, 4.267152471719949 ], [ -74.061635946852363, 4.257708686093943 ], [ -74.067949445760576, 4.239120917560219 ], [ -74.07954866468495, 4.230276737370786 ], [ -74.074409770224776, 4.21828462863935 ], [ -74.070445480212655, 4.218584431357637 ], [ -74.058699435732265, 4.213337883787633 ], [ -74.063104202412418, 4.196998635641052 ], [ -74.064278806860457, 4.187105145937619 ], [ -74.06780262020456, 4.185756033705332 ], [ -74.076612153564852, 4.18920376496562 ], [ -74.083659780253086, 4.187255047296762 ], [ -74.093790743617419, 4.187554850015048 ], [ -74.110088380333949, 4.182008499726758 ], [ -74.121247122590319, 4.179909880698758 ], [ -74.125798714826473, 4.187255047296762 ], [ -74.125505063714456, 4.192951298944194 ], [ -74.13578285263479, 4.205243210393914 ], [ -74.138132061530868, 4.220533149026495 ], [ -74.135636027078789, 4.227878315624499 ], [ -74.141362223762982, 4.232375356398786 ], [ -74.145473339331119, 4.240170227074219 ], [ -74.145326513775103, 4.245116971925936 ], [ -74.151493187127315, 4.250813223573368 ], [ -74.152227314907336, 4.256359573861658 ], [ -74.146354292667141, 4.265053852691946 ], [ -74.136076503746807, 4.273148526085666 ], [ -74.129175702614575, 4.284241226662243 ], [ -74.125211412602454, 4.299830968013109 ], [ -74.119191564806243, 4.310923668589687 ], [ -74.10832647366189, 4.303578501991683 ], [ -74.099370114745597, 4.303278699273396 ], [ -74.092762964725381, 4.309124852279971 ], [ -74.085274861369143, 4.310773767230544 ], [ -74.081457396913009, 4.31976784877912 ], [ -74.081751048025026, 4.329811239841697 ], [ -74.084981210257126, 4.336706702362272 ], [ -74.080429618020986, 4.352146542353995 ], [ -74.073088340220735, 4.347049896143134 ], [ -74.052532762380068, 4.362789538853144 ], [ -74.060608167960325, 4.389771783498872 ], [ -74.058112133508246, 4.393069613400017 ], [ -74.058112133508246, 4.407460143877739 ], [ -74.050330379039991, 4.416903929503744 ], [ -74.034620044547481, 4.426947320566321 ], [ -74.02537003451917, 4.426497616488892 ], [ -74.016854152270895, 4.430395051826609 ], [ -74.004814456678503, 4.429645545030893 ], [ -74.002171596670422, 4.425598208334034 ], [ -73.990719203302035, 4.418552844454317 ] ] ] } },
{ "type": "Feature", "properties": { "Código departamento": "25", "Departamento": "Cundinamarca", "Código municipio": "851", "Municipio": "ÚTICA", "DIVIPOLA": "25851" }, "geometry": { "type": "Polygon", "coordinates": [ [ [ -74.456303041393298, 5.2521543026482 ], [ -74.452779228049181, 5.239112884402764 ], [ -74.444410171356907, 5.23941268712105 ], [ -74.430902220204473, 5.229369296058473 ], [ -74.428259360196378, 5.224722353925041 ], [ -74.431342696872477, 5.217826891404466 ], [ -74.440152230232769, 5.211980738397892 ], [ -74.442648264684848, 5.196241095687884 ], [ -74.451604623601142, 5.192643463068452 ], [ -74.453513355829202, 5.186797310061878 ], [ -74.450576844709104, 5.179452143463874 ], [ -74.449549065817081, 5.155467926001005 ], [ -74.453660181385217, 5.137779565622137 ], [ -74.447053031365002, 5.125337752813274 ], [ -74.450870495821121, 5.123239133785272 ], [ -74.465406225865593, 5.127286470482132 ], [ -74.465993528089612, 5.138379171058708 ], [ -74.463644319193534, 5.146473844452427 ], [ -74.474509410337902, 5.153369306973002 ], [ -74.487870535934334, 5.137629664262994 ], [ -74.494771337066567, 5.140927494164139 ], [ -74.501084835974765, 5.132982722129563 ], [ -74.507251509326963, 5.130584300383275 ], [ -74.519144379363354, 5.131483708538133 ], [ -74.524870576047547, 5.134181933002707 ], [ -74.517676123803312, 5.140927494164139 ], [ -74.515620566019237, 5.155467926001005 ], [ -74.518557077139334, 5.162063585803293 ], [ -74.514886438239216, 5.17210697686587 ], [ -74.516501519355273, 5.187396915498449 ], [ -74.514299136015197, 5.194592180737311 ], [ -74.504314998206866, 5.204335769081601 ], [ -74.505783253766921, 5.207933401701033 ], [ -74.501818963754786, 5.218876200918467 ], [ -74.503287219314842, 5.22412274848847 ], [ -74.499763405970725, 5.230118802854187 ], [ -74.499910231526727, 5.248856472747055 ], [ -74.492422128170489, 5.256051737985916 ], [ -74.476711793677964, 5.2521543026482 ], [ -74.46320384252553, 5.259649370605346 ], [ -74.456303041393298, 5.2521543026482 ] ] ] } },
{ "type": "Feature", "properties": { "Código departamento": "25", "Departamento": "Cundinamarca", "Código municipio": "862", "Municipio": "VERGARA", "DIVIPOLA": "25862" }, "geometry": { "type": "Polygon", "coordinates": [ [ [ -74.300667952028192, 5.192343660350168 ], [ -74.299493347580153, 5.184698691033877 ], [ -74.294060802007976, 5.179302242104732 ], [ -74.291564767555897, 5.169108949683012 ], [ -74.276148084175389, 5.167160232014154 ], [ -74.270275061935209, 5.16191368444415 ], [ -74.261612354130918, 5.16551131706358 ], [ -74.256179808558741, 5.158166150465576 ], [ -74.246342496306411, 5.149471871635286 ], [ -74.242818682962309, 5.150221378431001 ], [ -74.225199616241724, 5.142876211832998 ], [ -74.226961522913783, 5.136130650671565 ], [ -74.226814697357781, 5.118442290292697 ], [ -74.23371549849, 5.112146433208694 ], [ -74.24678297297443, 5.104351562533261 ], [ -74.259116319678839, 5.111247025053838 ], [ -74.271156015271231, 5.113195742722696 ], [ -74.278350467515466, 5.108698701948406 ], [ -74.297290964240091, 5.09101034156954 ], [ -74.294648104231996, 5.085164188562966 ], [ -74.302870335368269, 5.083515273612393 ], [ -74.303751288704305, 5.073921586627246 ], [ -74.310798915392525, 5.068375236338956 ], [ -74.314322728736641, 5.060730267022666 ], [ -74.321517180980877, 5.054584311297806 ], [ -74.322838610984931, 5.049487665086946 ], [ -74.341191805485522, 5.051436382755804 ], [ -74.341779107709542, 5.056533028966665 ], [ -74.337374341029403, 5.06192947789581 ], [ -74.338548945477442, 5.071673066240101 ], [ -74.337667992141405, 5.084864385844679 ], [ -74.342953712157581, 5.090560637492112 ], [ -74.350148164401816, 5.082465964098392 ], [ -74.357195791090049, 5.085463991281251 ], [ -74.364977545558304, 5.097456100012686 ], [ -74.374961683366635, 5.104951167969834 ], [ -74.36835453334642, 5.10734958971612 ], [ -74.365418022226322, 5.114245052236696 ], [ -74.366592626674361, 5.123089232426129 ], [ -74.371144218910501, 5.128485681355275 ], [ -74.373199776694577, 5.137179960185565 ], [ -74.365418022226322, 5.143176014551282 ], [ -74.362481511106225, 5.152919602895573 ], [ -74.357342616646051, 5.158765755902148 ], [ -74.35660848886603, 5.1736059904573 ], [ -74.35337832663393, 5.182899874724161 ], [ -74.341338631041538, 5.190245041322165 ], [ -74.340164026593499, 5.200288432384743 ], [ -74.335025132133325, 5.196690799765313 ], [ -74.320489402088853, 5.195191786173882 ], [ -74.310798915392525, 5.202237150053601 ], [ -74.300667952028192, 5.192343660350168 ] ] ] } },
{ "type": "Feature", "properties": { "Código departamento": "25", "Departamento": "Cundinamarca", "Código municipio": "867", "Municipio": "VIANÍ", "DIVIPOLA": "25867" }, "geometry": { "type": "Polygon", "coordinates": [ [ [ -74.516648344911275, 4.943807206891175 ], [ -74.512243578231136, 4.935712533497456 ], [ -74.516795170467276, 4.916225356808874 ], [ -74.517088821579293, 4.909629697006584 ], [ -74.52325549493149, 4.899436404584864 ], [ -74.539259480536018, 4.900185911380579 ], [ -74.535735667191901, 4.893740152937432 ], [ -74.54014043387204, 4.88549557818457 ], [ -74.545572979444231, 4.882947255079141 ], [ -74.545719805000232, 4.870805244988563 ], [ -74.553648385024488, 4.856264813151697 ], [ -74.552033303908431, 4.848469942476265 ], [ -74.555850768364564, 4.807996575507672 ], [ -74.559815058376685, 4.796004466776236 ], [ -74.56377934838882, 4.796154368135379 ], [ -74.56700951062092, 4.796004466776236 ], [ -74.572295230637096, 4.80784667414853 ], [ -74.578021427321289, 4.831680990252257 ], [ -74.585950007345545, 4.841874282673976 ], [ -74.586243658457562, 4.849968956067694 ], [ -74.582279368445427, 4.86405968382713 ], [ -74.582866670669446, 4.882347649642569 ], [ -74.57684682287325, 4.888943309444859 ], [ -74.572148405081094, 4.890292421677144 ], [ -74.565100778392861, 4.903034037204296 ], [ -74.565834906172881, 4.914876244576587 ], [ -74.558493628372645, 4.925968945153165 ], [ -74.564219825056838, 4.939909771553459 ], [ -74.557906326148625, 4.949053754461176 ], [ -74.557465849480622, 4.954000499312895 ], [ -74.552033303908431, 4.964793397171186 ], [ -74.535735667191901, 4.966592213480902 ], [ -74.536029318303918, 4.959846652319469 ], [ -74.532505504959801, 4.941408785144888 ], [ -74.516648344911275, 4.943807206891175 ] ] ] } },
{ "type": "Feature", "properties": { "Código departamento": "25", "Departamento": "Cundinamarca", "Código municipio": "871", "Municipio": "VILLAGÓMEZ", "DIVIPOLA": "25871" }, "geometry": { "type": "Polygon", "coordinates": [ [ [ -74.173810671640041, 5.297574414468509 ], [ -74.17821543832018, 5.290828853307077 ], [ -74.174104322752044, 5.286331812532789 ], [ -74.177187659428157, 5.281534969040215 ], [ -74.169846381627906, 5.276288421470212 ], [ -74.162211452715667, 5.26699453720335 ], [ -74.161770976047649, 5.260099074682775 ], [ -74.142536828211021, 5.24765726187391 ], [ -74.137691584862864, 5.234615843628476 ], [ -74.151199536015298, 5.234166139551047 ], [ -74.154282872691397, 5.231467915086474 ], [ -74.167350347175827, 5.233716435473618 ], [ -74.174104322752044, 5.229519197417615 ], [ -74.17366384608404, 5.220375214509896 ], [ -74.179536868324234, 5.214379160144179 ], [ -74.191870215028629, 5.211081330243034 ], [ -74.19862419060486, 5.192643463068452 ], [ -74.202735306172983, 5.195791391610455 ], [ -74.20112022505694, 5.206584289468746 ], [ -74.20376308506502, 5.210481724806463 ], [ -74.205231340625076, 5.224272649847612 ], [ -74.201854352836961, 5.228469887903615 ], [ -74.201854352836961, 5.239112884402764 ], [ -74.204203561733038, 5.241511306149051 ], [ -74.202588480616981, 5.251854499929913 ], [ -74.20376308506502, 5.26234759506992 ], [ -74.208167851745173, 5.265795326330207 ], [ -74.209489281749214, 5.277337730984214 ], [ -74.207286898409137, 5.287680924765076 ], [ -74.213306746205333, 5.295625696799651 ], [ -74.226521046245765, 5.303570468834228 ], [ -74.231953591817941, 5.312414649023661 ], [ -74.228723429585841, 5.319160210185093 ], [ -74.229163906253859, 5.329953108043385 ], [ -74.224171837349687, 5.341495512697391 ], [ -74.220941675117587, 5.342095118133963 ], [ -74.21360039731735, 5.339546795028533 ], [ -74.206846421741119, 5.341345611338247 ], [ -74.203175782841001, 5.336248965127388 ], [ -74.20244165506098, 5.328753897170242 ], [ -74.196421807264784, 5.322308138727094 ], [ -74.198477365048845, 5.319310111544236 ], [ -74.187171797236473, 5.311365339509661 ], [ -74.183060681668337, 5.301321948447083 ], [ -74.173810671640041, 5.297574414468509 ] ] ] } },
{ "type": "Feature", "properties": { "Código departamento": "25", "Departamento": "Cundinamarca", "Código municipio": "873", "Municipio": "VILLAPINZÓN", "DIVIPOLA": "25873" }, "geometry": { "type": "Polygon", "coordinates": [ [ [ -73.548040151947532, 5.299673033496512 ], [ -73.543194908599375, 5.288730234279076 ], [ -73.536734584135161, 5.285432404377931 ], [ -73.531889340787004, 5.277937336420785 ], [ -73.533798073015063, 5.272091183414211 ], [ -73.526897271882845, 5.258899863809632 ], [ -73.527778225218867, 5.244509333331909 ], [ -73.523960760762748, 5.237314068093048 ], [ -73.514857576290439, 5.232667125959618 ], [ -73.52352028409473, 5.22052511586904 ], [ -73.521905202978672, 5.210631626165605 ], [ -73.52352028409473, 5.200438333743885 ], [ -73.521905202978672, 5.192193758991023 ], [ -73.510305984054298, 5.187996520935022 ], [ -73.511921065170355, 5.177953129872445 ], [ -73.50986550738628, 5.171657272788441 ], [ -73.511921065170355, 5.162363388521579 ], [ -73.503698834034083, 5.151720392022431 ], [ -73.492980568445731, 5.154118813768718 ], [ -73.481675000633359, 5.153968912409575 ], [ -73.47727023395322, 5.148122759402999 ], [ -73.484758337309458, 5.142876211832998 ], [ -73.49165913844169, 5.128935385432704 ], [ -73.500468671801968, 5.125937358249845 ], [ -73.516472657406496, 5.127136569122988 ], [ -73.522345679646691, 5.134931439798421 ], [ -73.536734584135161, 5.132233215333849 ], [ -73.544075861935397, 5.140777592804995 ], [ -73.550536186399611, 5.15426871512786 ], [ -73.572413194244334, 5.164611908908722 ], [ -73.57593700758845, 5.158316051824719 ], [ -73.582250506496649, 5.160264769493577 ], [ -73.589885435408902, 5.168959048323868 ], [ -73.599869573217234, 5.166710527936725 ], [ -73.602218782113312, 5.173905793175586 ], [ -73.608238629909508, 5.18020165025959 ], [ -73.616167209933764, 5.183949184238162 ], [ -73.622040232173958, 5.189645435885594 ], [ -73.627325952190134, 5.187846619575878 ], [ -73.638337868890488, 5.201187840539601 ], [ -73.643770414462665, 5.216327877813037 ], [ -73.651111692262916, 5.22517205800247 ], [ -73.654488680051017, 5.226071466157328 ], [ -73.653754552270996, 5.240611897994193 ], [ -73.661976783407269, 5.24301031974048 ], [ -73.656250586723075, 5.251254894493342 ], [ -73.663004562299307, 5.265945227689349 ], [ -73.656691063391094, 5.270292367104495 ], [ -73.638778345558507, 5.289629642433934 ], [ -73.627766428858138, 5.292177965539364 ], [ -73.618663244385843, 5.298923526700796 ], [ -73.618075942161823, 5.310615832713945 ], [ -73.609560059913548, 5.318260802030236 ], [ -73.607064025461469, 5.325905771346526 ], [ -73.598401317657178, 5.339846597746818 ], [ -73.596345759873117, 5.347191764344823 ], [ -73.598401317657178, 5.361732196181687 ], [ -73.5960521087611, 5.364580322005403 ], [ -73.593262423197018, 5.346891961626537 ], [ -73.593996550977039, 5.329203601247669 ], [ -73.599429096549216, 5.318860407466807 ], [ -73.589151307628882, 5.307467904171944 ], [ -73.577258437592491, 5.301471849806226 ], [ -73.56727429978416, 5.304619778348228 ], [ -73.55420682529973, 5.296824907672796 ], [ -73.548040151947532, 5.299673033496512 ] ] ] } },
{ "type": "Feature", "properties": { "Código departamento": "25", "Departamento": "Cundinamarca", "Código municipio": "875", "Municipio": "VILLETA", "DIVIPOLA": "25875" }, "geometry": { "type": "Polygon", "coordinates": [ [ [ -74.427525232416357, 5.065227307796955 ], [ -74.435600637996615, 5.053535001783806 ], [ -74.436041114664633, 5.0451405256718 ], [ -74.423414116848221, 5.040793386256655 ], [ -74.423414116848221, 5.025953151701505 ], [ -74.412402200147866, 5.020406801413215 ], [ -74.416806966828005, 4.998671104337491 ], [ -74.4259101513003, 5.005566566858065 ], [ -74.427965709084376, 5.010063607632353 ], [ -74.43574746355263, 5.005716468217208 ], [ -74.4501363680411, 4.988477811915771 ], [ -74.45395383249722, 4.981432448036052 ], [ -74.458799075845377, 4.981882152113481 ], [ -74.461001459185454, 4.975586295029477 ], [ -74.460707808073437, 4.967041917558329 ], [ -74.467461783649668, 4.959097145523754 ], [ -74.471279248105787, 4.95939694824204 ], [ -74.48008878146608, 4.952501485721466 ], [ -74.483612594810197, 4.946655332714889 ], [ -74.483025292586177, 4.938260856602885 ], [ -74.489632442606393, 4.945006417764318 ], [ -74.503287219314842, 4.951602077566608 ], [ -74.504608649318882, 4.944256910968604 ], [ -74.516648344911275, 4.943807206891175 ], [ -74.532505504959801, 4.941408785144888 ], [ -74.536029318303918, 4.959846652319469 ], [ -74.535735667191901, 4.966592213480902 ], [ -74.53441423718786, 4.979933434444622 ], [ -74.540434084984057, 4.992824951330916 ], [ -74.536616620527937, 4.997172090746061 ], [ -74.536176143859919, 5.014860451124927 ], [ -74.539699957204036, 5.024753940828361 ], [ -74.540727736096073, 5.039144471306083 ], [ -74.544692026108194, 5.059081352072094 ], [ -74.540874561652075, 5.065077406437811 ], [ -74.537203922751956, 5.063728294205526 ], [ -74.513565008235176, 5.065377209156098 ], [ -74.490807047054432, 5.064327899642097 ], [ -74.488898314826372, 5.061329872459239 ], [ -74.464084795861552, 5.063128688768953 ], [ -74.457330820285335, 5.061030069740952 ], [ -74.448668112481045, 5.072872277113244 ], [ -74.440005404676768, 5.067026124106669 ], [ -74.436481591332651, 5.0685251376981 ], [ -74.427525232416357, 5.065227307796955 ] ] ] } },
{ "type": "Feature", "properties": { "Código departamento": "25", "Departamento": "Cundinamarca", "Código municipio": "878", "Municipio": "VIOTÁ", "DIVIPOLA": "25878" }, "geometry": { "type": "Polygon", "coordinates": [ [ [ -74.394342656759264, 4.500099183828076 ], [ -74.398600597883402, 4.491404904997785 ], [ -74.405941875683652, 4.48151141529435 ], [ -74.414017281263909, 4.465172167147771 ], [ -74.414457757931928, 4.460825027732626 ], [ -74.424735546852261, 4.449582425796906 ], [ -74.430021266868437, 4.431594262699753 ], [ -74.433838731324556, 4.425898011052321 ], [ -74.445731601360947, 4.393369416118303 ], [ -74.451751449157143, 4.386024249520299 ], [ -74.461588761409473, 4.367436480986574 ], [ -74.462616540301511, 4.36114062390257 ], [ -74.471719724773806, 4.363089341571428 ], [ -74.498588801522686, 4.354694865459424 ], [ -74.511803101563117, 4.364138651085431 ], [ -74.521493588259432, 4.363239242930573 ], [ -74.528981691615684, 4.367886185064003 ], [ -74.548509490564328, 4.364138651085431 ], [ -74.546307107224251, 4.372383225838292 ], [ -74.54939044390035, 4.393069613400017 ], [ -74.552326955020447, 4.395018331068875 ], [ -74.551592827240427, 4.405661327568024 ], [ -74.558053151704627, 4.410907875138027 ], [ -74.563632522832819, 4.409258960187455 ], [ -74.568037289512958, 4.420501562123175 ], [ -74.558346802816644, 4.422750082510318 ], [ -74.559521407264683, 4.429795446390037 ], [ -74.568771417292979, 4.439539034734328 ], [ -74.558053151704627, 4.442686963276329 ], [ -74.56245791838478, 4.446884201332332 ], [ -74.559080930596664, 4.480612007139492 ], [ -74.539993608316038, 4.484509442477211 ], [ -74.543957898328173, 4.46921950384463 ], [ -74.534120586075844, 4.456927592394909 ], [ -74.527660261611643, 4.463223449478913 ], [ -74.517969774915315, 4.466221476661771 ], [ -74.510334846003076, 4.479712598984636 ], [ -74.502112614866803, 4.483909837040637 ], [ -74.494624511510551, 4.48810707509664 ], [ -74.490953872610433, 4.493953228103215 ], [ -74.469370515877728, 4.496951255286073 ], [ -74.461588761409473, 4.497550860722645 ], [ -74.448374461369042, 4.507144547707793 ], [ -74.44088635801279, 4.502797408292648 ], [ -74.430168092424438, 4.502047901496934 ], [ -74.428112534640377, 4.51209129255951 ], [ -74.41284267681587, 4.522734289058659 ], [ -74.404767271235613, 4.521535078185516 ], [ -74.399334725663437, 4.517038037411228 ], [ -74.396691865655342, 4.502797408292648 ], [ -74.394342656759264, 4.500099183828076 ] ] ] } },
{ "type": "Feature", "properties": { "Código departamento": "25", "Departamento": "Cundinamarca", "Código municipio": "885", "Municipio": "YACOPÍ", "DIVIPOLA": "25885" }, "geometry": { "type": "Polygon", "coordinates": [ [ [ -74.296997313128074, 5.764067444121335 ], [ -74.295822708680035, 5.754623658495331 ], [ -74.288921907547817, 5.749976716361899 ], [ -74.287160000875758, 5.745479675587611 ], [ -74.302283033144249, 5.724193682589314 ], [ -74.301255254252212, 5.715199601040738 ], [ -74.304191765372309, 5.709653250752448 ], [ -74.296263185348053, 5.706355420851303 ], [ -74.293326674227956, 5.701708478717873 ], [ -74.279965548631523, 5.699160155612444 ], [ -74.278056816403463, 5.688667060472437 ], [ -74.28348936197564, 5.679523077564718 ], [ -74.285104443091683, 5.66378343485471 ], [ -74.293620325339973, 5.65973609815785 ], [ -74.308596532052462, 5.647144383989843 ], [ -74.306100497600383, 5.638450105159552 ], [ -74.309477485388484, 5.628706516815261 ], [ -74.315056856516676, 5.623010265167831 ], [ -74.310211613168505, 5.618813027111828 ], [ -74.305806846488366, 5.604872200711534 ], [ -74.302136207588248, 5.585385024022952 ], [ -74.297731440908109, 5.57504183024209 ], [ -74.291711593111899, 5.569195677235515 ], [ -74.283048885307622, 5.566347551411799 ], [ -74.272477445275271, 5.560501398405225 ], [ -74.259556796346857, 5.559751891609509 ], [ -74.24296550851831, 5.544761755695215 ], [ -74.240322648510215, 5.539215405406927 ], [ -74.245902019638407, 5.53217004152721 ], [ -74.245608368526391, 5.522576354542061 ], [ -74.254417901886683, 5.497992531642619 ], [ -74.25412425077468, 5.489148351453186 ], [ -74.244580589634353, 5.476256834566892 ], [ -74.232540894041961, 5.480154269904609 ], [ -74.225786918465744, 5.490347562326328 ], [ -74.215362303989409, 5.497692728924334 ], [ -74.201854352836961, 5.496943222128619 ], [ -74.194219423924707, 5.486600028347756 ], [ -74.186584495012454, 5.47355861010232 ], [ -74.182326553888316, 5.463665120398885 ], [ -74.17762813609616, 5.459617783702027 ], [ -74.191429738360625, 5.440130607013445 ], [ -74.194659900592725, 5.439231198858587 ], [ -74.199651969496884, 5.43068682138744 ], [ -74.205524991737079, 5.42663948469058 ], [ -74.211691665089276, 5.41749550178286 ], [ -74.219326594001529, 5.416745994987147 ], [ -74.234302800714019, 5.397408719657707 ], [ -74.241937729626272, 5.39860793053085 ], [ -74.243846461854332, 5.402505365868566 ], [ -74.25926314523484, 5.406852505283712 ], [ -74.265870295255056, 5.404603984896569 ], [ -74.267779027483115, 5.392911678883419 ], [ -74.276882211955424, 5.391862369369419 ], [ -74.279084595295487, 5.396959015580278 ], [ -74.291271116443895, 5.405653294410569 ], [ -74.298906045356148, 5.401905760431995 ], [ -74.306687799824402, 5.388114835390845 ], [ -74.322544959872914, 5.386465920440272 ], [ -74.325187819880995, 5.392312073446846 ], [ -74.333703702129284, 5.396809114221136 ], [ -74.348092606617755, 5.400706549558852 ], [ -74.351763245517873, 5.412548756931144 ], [ -74.351029117737852, 5.418394909937718 ], [ -74.360719604434166, 5.422891950712006 ], [ -74.365124371114305, 5.418095107219433 ], [ -74.373199776694577, 5.42559017517658 ], [ -74.378632322266753, 5.425889977894866 ], [ -74.387588681183047, 5.41539688275486 ], [ -74.396838691211343, 5.41179925013543 ], [ -74.405648224571635, 5.410749940621428 ], [ -74.406822829019674, 5.419444219451719 ], [ -74.406088701239653, 5.432935341774583 ], [ -74.419743477948103, 5.4368327771123 ], [ -74.4226799890682, 5.443728239632875 ], [ -74.419156175724083, 5.452272617104023 ], [ -74.418715699056065, 5.462465909525743 ], [ -74.412549025703868, 5.467562555736602 ], [ -74.410493467919792, 5.477456045440037 ], [ -74.416366490159987, 5.497392926206047 ], [ -74.421064907952143, 5.499641446593192 ], [ -74.425469674632282, 5.510134541733197 ], [ -74.428993487976399, 5.512532963479484 ], [ -74.432957777988534, 5.529771619780923 ], [ -74.443235566908868, 5.538016194533784 ], [ -74.443382392464869, 5.546560572004931 ], [ -74.45263240249318, 5.554355442680364 ], [ -74.459826854737415, 5.550008303265218 ], [ -74.463497493637533, 5.552256823652363 ], [ -74.472307026997825, 5.550907711420076 ], [ -74.480529258134098, 5.555854456271793 ], [ -74.491100698166434, 5.553006330448077 ], [ -74.497414197074647, 5.546560572004931 ], [ -74.509600718223041, 5.54341264346293 ], [ -74.515473740463236, 5.546560572004931 ], [ -74.522815018263486, 5.546710473364075 ], [ -74.526338831607589, 5.551807119574934 ], [ -74.536176143859919, 5.551657218215792 ], [ -74.540434084984057, 5.554505344039508 ], [ -74.534707888299863, 5.56589784733437 ], [ -74.537350748307958, 5.577290350629233 ], [ -74.535882492747902, 5.592730190620956 ], [ -74.526926133831608, 5.605471806148107 ], [ -74.52061263492341, 5.611317959154682 ], [ -74.514299136015197, 5.624209476040973 ], [ -74.514445961571198, 5.630055629047548 ], [ -74.507985637106998, 5.634852472540122 ], [ -74.505930079322923, 5.641448132342412 ], [ -74.500203882638743, 5.639799217391839 ], [ -74.487723710378333, 5.647144383989843 ], [ -74.490513395942415, 5.656738070974991 ], [ -74.483759420366198, 5.667530968833282 ], [ -74.485814978150273, 5.67967297892386 ], [ -74.489191965938375, 5.686868244162722 ], [ -74.483906245922199, 5.68986627134558 ], [ -74.485668152594258, 5.696312029788728 ], [ -74.482878467030176, 5.702607886872731 ], [ -74.474215759225885, 5.706955026287877 ], [ -74.47627131700996, 5.716099009195594 ], [ -74.472013375885808, 5.718197628223597 ], [ -74.468489562541691, 5.733787369574462 ], [ -74.481116560358117, 5.742031944327324 ], [ -74.479207828130043, 5.746379083742469 ], [ -74.469957818101747, 5.748927406847899 ], [ -74.470104643657749, 5.754173954417902 ], [ -74.483906245922199, 5.759270600628761 ], [ -74.485668152594258, 5.770813005282768 ], [ -74.481263385914119, 5.775909651493628 ], [ -74.471279248105787, 5.776659158289342 ], [ -74.462029238077491, 5.77396093382477 ], [ -74.461735586965474, 5.766465865867622 ], [ -74.440592706900787, 5.765416556353622 ], [ -74.431783173540495, 5.758521093833047 ], [ -74.418568873500064, 5.770063498487054 ], [ -74.394195831203263, 5.784304127605632 ], [ -74.388322808963068, 5.781605903141059 ], [ -74.372171997802539, 5.800793277111356 ], [ -74.359544999986127, 5.811885977687933 ], [ -74.354259279969952, 5.813534892638505 ], [ -74.345890223277678, 5.82342838234194 ], [ -74.346330699945696, 5.8306236475808 ], [ -74.335025132133325, 5.83721930738309 ], [ -74.333997353241287, 5.827325817679657 ], [ -74.327096552109069, 5.823728185060225 ], [ -74.317846542080758, 5.813834695356792 ], [ -74.315350507628679, 5.801692685266214 ], [ -74.310358438724521, 5.798844559442498 ], [ -74.302870335368269, 5.799893868956498 ], [ -74.301402079808227, 5.791499392844494 ], [ -74.311679868728561, 5.785053634401346 ], [ -74.307128276492406, 5.771862314796768 ], [ -74.296997313128074, 5.764067444121335 ] ] ] } },
{ "type": "Feature", "properties": { "Código departamento": "25", "Departamento": "Cundinamarca", "Código municipio": "898", "Municipio": "ZIPACÓN", "DIVIPOLA": "25898" }, "geometry": { "type": "Polygon", "coordinates": [ [ [ -74.346771176613714, 4.762726365046505 ], [ -74.350588641069834, 4.760028140581931 ], [ -74.353965628857949, 4.751333861751641 ], [ -74.359691825542129, 4.744738201949352 ], [ -74.360132302210147, 4.738292443506205 ], [ -74.36908866112644, 4.731247079626487 ], [ -74.37231882335854, 4.726300334774771 ], [ -74.381862484498853, 4.723752011669339 ], [ -74.3984537723274, 4.716856549148765 ], [ -74.401683934559514, 4.71101039614219 ], [ -74.409906165695773, 4.710110987987332 ], [ -74.425616500188298, 4.703515328185044 ], [ -74.437803021336691, 4.713109015170191 ], [ -74.420624431284125, 4.726000532056484 ], [ -74.411080770143812, 4.741290470689063 ], [ -74.40829108457973, 4.758079422913073 ], [ -74.404473620123596, 4.769471926207935 ], [ -74.406088701239653, 4.782063640375942 ], [ -74.399187900107421, 4.790158313769662 ], [ -74.403886317899577, 4.798552789881666 ], [ -74.394636307871281, 4.803649436092527 ], [ -74.380100577826795, 4.799002493959095 ], [ -74.38024740338281, 4.795854565417094 ], [ -74.363949766666266, 4.788659300178232 ], [ -74.358223569982087, 4.783262851249087 ], [ -74.346477525501697, 4.780564626784513 ], [ -74.342072758821558, 4.775767783291939 ], [ -74.346771176613714, 4.762726365046505 ] ] ] } },
{ "type": "Feature", "properties": { "Código departamento": "25", "Departamento": "Cundinamarca", "Código municipio": "899", "Municipio": "ZIPAQUIRÁ", "DIVIPOLA": "25899" }, "geometry": { "type": "Polygon", "coordinates": [ [ [ -74.045778786803851, 5.158166150465576 ], [ -74.037556555667578, 5.145874239015856 ], [ -74.039171636783635, 5.13643045338985 ], [ -74.02537003451917, 5.133582327566136 ], [ -74.016120024490874, 5.128485681355275 ], [ -74.007163665574581, 5.126986667763846 ], [ -74.00642953779456, 5.1215902188347 ], [ -74.015973198934873, 5.108099096511835 ], [ -74.006282712238544, 5.100604028554689 ], [ -74.009806525582661, 5.086663202154395 ], [ -74.019937488946994, 5.076020205655246 ], [ -74.020524791171013, 5.062379181973239 ], [ -74.023461302291111, 5.054734212656949 ], [ -74.028453371195283, 5.050986678678375 ], [ -74.026838290079226, 5.0451405256718 ], [ -74.014211292262814, 5.048738158291232 ], [ -73.995564446650206, 5.047239144699803 ], [ -73.985286657729858, 5.042892005284657 ], [ -73.971191404353405, 5.043491610721229 ], [ -73.963850126553154, 5.040043879460941 ], [ -73.951369954292744, 5.044540920235229 ], [ -73.949167570952682, 5.036746049559796 ], [ -73.935659619800234, 5.043491610721229 ], [ -73.931254853120095, 5.039594175383512 ], [ -73.914076263067528, 5.030749995194079 ], [ -73.912461181951471, 5.027901869370363 ], [ -73.914957216403565, 5.02265532180036 ], [ -73.937127875360289, 5.010063607632353 ], [ -73.942707246488467, 5.012611930737783 ], [ -73.945496932052563, 5.006615876372066 ], [ -73.940211212036388, 4.991775641816914 ], [ -73.938596130920331, 4.982032053472623 ], [ -73.945643757608565, 4.978284519494051 ], [ -73.948727094284664, 4.971089254255189 ], [ -73.959004883204997, 4.96854093114976 ], [ -73.96458425433319, 4.97318787328319 ], [ -73.961941394325095, 4.97873422357148 ], [ -73.965758858781228, 4.991176036380343 ], [ -73.972219183245429, 4.996572485309488 ], [ -73.980588239937703, 4.994923570358917 ], [ -73.986901738845916, 4.989826924148056 ], [ -73.984993006617856, 4.98083284259948 ], [ -73.989397773297995, 4.979034026289765 ], [ -73.991012854414052, 4.97213856376919 ], [ -73.997179527766249, 4.973937380078906 ], [ -73.999822387774344, 4.985779587451197 ], [ -74.012008908922738, 4.985179982014626 ], [ -74.014798594486834, 4.974686886874619 ], [ -74.032858137875422, 4.963144482220613 ], [ -74.039905764563656, 4.974986689592906 ], [ -74.048421646811931, 4.978434420853193 ], [ -74.050477204595992, 4.983231264345767 ], [ -74.063985155748441, 4.9889275159932 ], [ -74.066628015756521, 4.994473866281488 ], [ -74.06457245797246, 5.005716468217208 ], [ -74.07954866468495, 5.006615876372066 ], [ -74.087624070265221, 5.011112917146353 ], [ -74.086449465817182, 5.026402855778934 ], [ -74.079842315796967, 5.04049358353837 ], [ -74.08938597693728, 5.050087270523519 ], [ -74.09525899917746, 5.061629675177524 ], [ -74.093790743617419, 5.067026124106669 ], [ -74.089826453605284, 5.065077406437811 ], [ -74.082925652473065, 5.069874249930385 ], [ -74.076758979120854, 5.086663202154395 ], [ -74.078227234680909, 5.093708566034112 ], [ -74.07763993245689, 5.119191797088413 ], [ -74.070005003544637, 5.127586273200417 ], [ -74.074116119112773, 5.14302611319214 ], [ -74.067068492424539, 5.153819011050431 ], [ -74.056056575724185, 5.147223351248143 ], [ -74.045778786803851, 5.158166150465576 ] ] ] } },
{ "type": "Feature", "properties": { "Código departamento": "25", "Departamento": "Cundinamarca", "Código municipio": "001", "Municipio": "AGUA DE DIOS", "DIVIPOLA": "25001" }, "geometry": { "type": "Polygon", "coordinates": [ [ [ -74.596961924045914, 4.358292498078856 ], [ -74.610469875198348, 4.355744174973425 ], [ -74.614287339654481, 4.358892103515427 ], [ -74.625299256354836, 4.350197824685137 ], [ -74.630584976371011, 4.343752066241991 ], [ -74.63425561527113, 4.347049896143134 ], [ -74.649672298651637, 4.354095260022853 ], [ -74.664501679808126, 4.340454236340846 ], [ -74.67742232873654, 4.339105124108559 ], [ -74.683442176532736, 4.328012423531981 ], [ -74.698271557689225, 4.339105124108559 ], [ -74.702382673257361, 4.334008477897698 ], [ -74.709283474389593, 4.338355617312843 ], [ -74.720442216645949, 4.348548909734563 ], [ -74.727196192222181, 4.349598219248565 ], [ -74.723378727766047, 4.357093287205712 ], [ -74.728077145558203, 4.361440426620857 ], [ -74.732775563350359, 4.376580463894293 ], [ -74.735418423358453, 4.380627800591154 ], [ -74.727196192222181, 4.3870735590343 ], [ -74.725287459994121, 4.393369416118303 ], [ -74.714862845517771, 4.391420698449445 ], [ -74.702969975481381, 4.399515371843163 ], [ -74.694160442121088, 4.408659354750882 ], [ -74.676835026512521, 4.416304324067172 ], [ -74.66435485425211, 4.413006494166027 ], [ -74.65598579755985, 4.400264878638878 ], [ -74.643946101967444, 4.401464089512021 ], [ -74.636164347499189, 4.395917739223733 ], [ -74.625152430798835, 4.393219514759159 ], [ -74.620160361894676, 4.386623854956871 ], [ -74.61546194410252, 4.386923657675156 ], [ -74.608854794082305, 4.382426616900868 ], [ -74.599751609609996, 4.372982831274864 ], [ -74.596961924045914, 4.358292498078856 ] ] ] } },
{ "type": "Feature", "properties": { "Código departamento": "11", "Departamento": "Bogotá", "Código municipio": "001", "Municipio": "BOGOTÁ, D.C.", "DIVIPOLA": "11001" }, "geometry": { "type": "Polygon", "coordinates": [ [ [ -74.006723188906562, 4.823286514140251 ], [ -74.003639852230464, 4.814892038028247 ], [ -74.005548584458523, 4.810694799972244 ], [ -73.999088259994309, 4.802600126578526 ], [ -74.006282712238544, 4.79765338172681 ], [ -74.012596211146757, 4.798252987163381 ], [ -74.015826373378857, 4.79210703143852 ], [ -74.015826373378857, 4.775318079214512 ], [ -74.018616058942953, 4.764824984074505 ], [ -74.008925572246639, 4.754931494371072 ], [ -74.007163665574581, 4.739341753020205 ], [ -74.008631921134622, 4.733945304091059 ], [ -74.007457316686583, 4.716107042353051 ], [ -74.010100176694678, 4.715207634198193 ], [ -74.014358117818816, 4.698118879255898 ], [ -74.010540653362696, 4.68297884198246 ], [ -74.001584294446403, 4.6757835767436 ], [ -74.007016840018579, 4.664540974807879 ], [ -74.016266850046875, 4.661692848984162 ], [ -74.02213987228707, 4.662742158498165 ], [ -74.028600196751285, 4.654347682386159 ], [ -74.028306545639268, 4.642955179091296 ], [ -74.022286697843072, 4.642505475013867 ], [ -74.009366048914657, 4.638158335598722 ], [ -74.009806525582661, 4.626765832303859 ], [ -73.998794608882307, 4.627065635022144 ], [ -73.987489041069935, 4.631262873078147 ], [ -73.987048564401917, 4.627065635022144 ], [ -73.99527079553819, 4.614174118135852 ], [ -73.997032702210248, 4.606079444742133 ], [ -73.994243016646152, 4.60083289717213 ], [ -74.003493026674462, 4.58599266261698 ], [ -74.003052550006444, 4.578797397378119 ], [ -74.005401758902522, 4.560659332921822 ], [ -74.014504943374817, 4.56155874107668 ], [ -74.028893847863287, 4.558560713893821 ], [ -74.028600196751285, 4.551515350014104 ], [ -74.031977184539386, 4.539373339923526 ], [ -74.035647823439518, 4.535625805944952 ], [ -74.042254973459734, 4.512391095277796 ], [ -74.04827482125593, 4.512690897996083 ], [ -74.055909750168183, 4.509093265376651 ], [ -74.071913735772696, 4.51314060207351 ], [ -74.075143898004811, 4.486308258786925 ], [ -74.074703421336793, 4.469669207922059 ], [ -74.076465328008851, 4.462473942683197 ], [ -74.084981210257126, 4.45647788831748 ], [ -74.091882011389359, 4.458876310063768 ], [ -74.10700504365785, 4.44673429997319 ], [ -74.112143938118024, 4.433093276291182 ], [ -74.112584414786028, 4.416903929503744 ], [ -74.11684235591018, 4.404462116694881 ], [ -74.111262984781987, 4.385874348161155 ], [ -74.10568361365381, 4.379578491077152 ], [ -74.097755033629554, 4.379878293795438 ], [ -74.094378045841438, 4.363389144289715 ], [ -74.097755033629554, 4.356043977691711 ], [ -74.098195510297558, 4.345550882551705 ], [ -74.10568361365381, 4.336406899643985 ], [ -74.106270915877829, 4.327862522172839 ], [ -74.112437589230026, 4.325314199067409 ], [ -74.114199495902085, 4.313471991695116 ], [ -74.119191564806243, 4.310923668589687 ], [ -74.125211412602454, 4.299830968013109 ], [ -74.129175702614575, 4.284241226662243 ], [ -74.136076503746807, 4.273148526085666 ], [ -74.146354292667141, 4.265053852691946 ], [ -74.152227314907336, 4.256359573861658 ], [ -74.151493187127315, 4.250813223573368 ], [ -74.145326513775103, 4.245116971925936 ], [ -74.145473339331119, 4.240170227074219 ], [ -74.141362223762982, 4.232375356398786 ], [ -74.135636027078789, 4.227878315624499 ], [ -74.138132061530868, 4.220533149026495 ], [ -74.13578285263479, 4.205243210393914 ], [ -74.125505063714456, 4.192951298944194 ], [ -74.125798714826473, 4.187255047296762 ], [ -74.121247122590319, 4.179909880698758 ], [ -74.110088380333949, 4.182008499726758 ], [ -74.109354252553928, 4.168667278763038 ], [ -74.114493147014102, 4.155326057799315 ], [ -74.113465368122064, 4.146032173532453 ], [ -74.109354252553928, 4.133290558005304 ], [ -74.119044739250242, 4.125795490048158 ], [ -74.129028877058573, 4.125345785970729 ], [ -74.131524911510652, 4.10346018753586 ], [ -74.127854272610534, 4.100162357634715 ], [ -74.132699515958691, 4.080525279586989 ], [ -74.126239191494477, 4.068683072214697 ], [ -74.125358238158455, 4.05504204853269 ], [ -74.134167771518747, 4.034355660970964 ], [ -74.146794769335159, 4.016667300592098 ], [ -74.150612233791279, 4.004825093219805 ], [ -74.154429698247412, 4.01321956933181 ], [ -74.160302720487593, 4.017866511465241 ], [ -74.169846381627906, 4.01576789243724 ], [ -74.175425752756098, 4.018016412824385 ], [ -74.183941635004373, 4.008722528557521 ], [ -74.193632121700688, 4.013819174768382 ], [ -74.20244165506098, 4.014118977486668 ], [ -74.206846421741119, 4.014118977486668 ], [ -74.217564687329471, 4.00812292312095 ], [ -74.229310731809861, 3.9943319980798 ], [ -74.232834545153978, 3.978142651292361 ], [ -74.239441695174193, 3.969148569743786 ], [ -74.243846461854332, 3.95505784198435 ], [ -74.251187739654583, 3.947712675386346 ], [ -74.259997273014861, 3.94741287266806 ], [ -74.256179808558741, 3.933022342190339 ], [ -74.256473459670744, 3.927925695979478 ], [ -74.265282993031036, 3.928825104134336 ], [ -74.274092526391328, 3.924328063360048 ], [ -74.275854433063387, 3.912785658706041 ], [ -74.281433804191565, 3.901543056770321 ], [ -74.297584615352093, 3.883255090954882 ], [ -74.304044939816308, 3.882955288236595 ], [ -74.310652089836523, 3.888201835806599 ], [ -74.317552890968756, 3.878907951539737 ], [ -74.3128544731766, 3.866616040090016 ], [ -74.304044939816308, 3.850426693302578 ], [ -74.307128276492406, 3.840383302240002 ], [ -74.29978699869217, 3.838884288648573 ], [ -74.294794929788011, 3.832738332923712 ], [ -74.294941755344013, 3.822844843220278 ], [ -74.29846556868813, 3.817748197009418 ], [ -74.306834625380404, 3.818797506523418 ], [ -74.316818763188735, 3.815199873903988 ], [ -74.318287018748777, 3.823594350015992 ], [ -74.326215598773032, 3.826742278557995 ], [ -74.329445761005147, 3.821795533706276 ], [ -74.335465608801343, 3.821795533706276 ], [ -74.336640213249382, 3.811602241284556 ], [ -74.3435410143816, 3.812501649439414 ], [ -74.352203722185891, 3.804706778763982 ], [ -74.352350547741892, 3.799760033912265 ], [ -74.362628336662226, 3.789566741490545 ], [ -74.377164066706712, 3.783270884406542 ], [ -74.377017241150696, 3.777874435477396 ], [ -74.39390218009126, 3.76992966344282 ], [ -74.387148204515029, 3.760635779175958 ], [ -74.387148204515029, 3.752691007141382 ], [ -74.398894248995418, 3.751341894909096 ], [ -74.397866470103381, 3.745046037825093 ], [ -74.401537109003499, 3.737401068508802 ], [ -74.415926013491969, 3.74084879976909 ], [ -74.424735546852261, 3.741448405205662 ], [ -74.43956492800875, 3.73065550734737 ], [ -74.445584775804946, 3.735302449480801 ], [ -74.449989542485099, 3.743097320156235 ], [ -74.45072367026512, 3.749842881317666 ], [ -74.446906205808986, 3.755239330246813 ], [ -74.440445881344786, 3.757937554711385 ], [ -74.433691905768555, 3.764683115872818 ], [ -74.433691905768555, 3.778923744991396 ], [ -74.430902220204473, 3.784470095279686 ], [ -74.425029197964278, 3.784470095279686 ], [ -74.415632362379966, 3.794513486342262 ], [ -74.41210854903585, 3.803957271968268 ], [ -74.3952236100953, 3.824044054093421 ], [ -74.390378366747143, 3.84128271039486 ], [ -74.389497413411107, 3.849677186506864 ], [ -74.385679948954987, 3.85612294495001 ], [ -74.386560902291009, 3.8627186047523 ], [ -74.381715658942852, 3.872012489019162 ], [ -74.375402160034653, 3.876659431152592 ], [ -74.365124371114305, 3.898694930946605 ], [ -74.359544999986127, 3.913834968220042 ], [ -74.35469975663797, 3.944564746844343 ], [ -74.35660848886603, 3.946513464513202 ], [ -74.356902139978047, 3.970947386053502 ], [ -74.365564847782323, 3.981890185270935 ], [ -74.374521206698617, 3.986087423326938 ], [ -74.362187859994208, 4.012320161176953 ], [ -74.365564847782323, 4.034805365048393 ], [ -74.361013255546169, 4.048296487371258 ], [ -74.350735466625835, 4.056840864842406 ], [ -74.350441815513832, 4.074679126580414 ], [ -74.344568793273638, 4.088170248903279 ], [ -74.342513235489577, 4.101661371226144 ], [ -74.33898942214546, 4.103010483458431 ], [ -74.330179888785167, 4.120249139759868 ], [ -74.324453692100974, 4.127294503639587 ], [ -74.31740606541274, 4.122947364224442 ], [ -74.306687799824402, 4.111255058211293 ], [ -74.29596953423605, 4.104359595690716 ], [ -74.279671897519506, 4.101961173944431 ], [ -74.273064747499291, 4.099262949479857 ], [ -74.265723469699054, 4.091617980163567 ], [ -74.259997273014861, 4.091318177445282 ], [ -74.253390122994645, 4.100012456275571 ], [ -74.245608368526391, 4.103310286176716 ], [ -74.246489321862427, 4.112604170443578 ], [ -74.243552810742329, 4.131491741695588 ], [ -74.244580589634353, 4.137937500138736 ], [ -74.242525031850292, 4.153827044207886 ], [ -74.243112334074311, 4.15967319721446 ], [ -74.239882171842211, 4.171065700509325 ], [ -74.241497252958254, 4.180809288853616 ], [ -74.240028997398213, 4.186805343219333 ], [ -74.237679788502135, 4.195499622049623 ], [ -74.234743277382037, 4.201495676415342 ], [ -74.23180676626194, 4.216635713688778 ], [ -74.228136127361822, 4.222182063977066 ], [ -74.220207547337566, 4.225329992519069 ], [ -74.217711512885472, 4.234473975426787 ], [ -74.207727375077155, 4.243468056975364 ], [ -74.20435038728904, 4.252761941242226 ], [ -74.206405945073115, 4.258008488812229 ], [ -74.205524991737079, 4.268951288029663 ], [ -74.217124210661467, 4.273298427444808 ], [ -74.221822628453609, 4.282142607634243 ], [ -74.216683733993449, 4.286789549767673 ], [ -74.213747222873351, 4.306876331892828 ], [ -74.215949606213428, 4.341653447213988 ], [ -74.21741786177347, 4.345850685269991 ], [ -74.215215478433393, 4.356793484487425 ], [ -74.215802780657413, 4.364288552444573 ], [ -74.21418769954137, 4.381227406027725 ], [ -74.210663886197253, 4.385424644083726 ], [ -74.212278967313296, 4.393369416118303 ], [ -74.204056736177037, 4.418103140376888 ], [ -74.198183713936842, 4.426647517848035 ], [ -74.183941635004373, 4.463073548119769 ], [ -74.182620205000333, 4.479562697625492 ], [ -74.178068612764179, 4.486458160146069 ], [ -74.181592426108296, 4.503846717806648 ], [ -74.174544799420062, 4.507144547707793 ], [ -74.181298774996293, 4.513590306150939 ], [ -74.183207507224353, 4.522434486340374 ], [ -74.187024971680472, 4.52738123119209 ], [ -74.180124170548254, 4.53652521409981 ], [ -74.173810671640041, 4.540422649437526 ], [ -74.177334484984158, 4.54671850652153 ], [ -74.17689400831614, 4.56050943156268 ], [ -74.179390042768219, 4.577148482427545 ], [ -74.183794809448372, 4.596485757756985 ], [ -74.204056736177037, 4.600982798531272 ], [ -74.223290884013664, 4.624517311916715 ], [ -74.222556756233644, 4.629464056768431 ], [ -74.212719443981314, 4.634710604338435 ], [ -74.206993247297135, 4.645353600837583 ], [ -74.197009109488803, 4.650450247048442 ], [ -74.193778947256689, 4.655247090541017 ], [ -74.187024971680472, 4.651649457921587 ], [ -74.180417821660257, 4.652249063358158 ], [ -74.172195590523984, 4.657195808209875 ], [ -74.163092406051689, 4.65944432859702 ], [ -74.161183673823629, 4.66708929791331 ], [ -74.169993207183921, 4.669038015582168 ], [ -74.174838450532079, 4.676682984898457 ], [ -74.173810671640041, 4.682229335186746 ], [ -74.167790823843845, 4.687625784115892 ], [ -74.172342416079999, 4.69617016158704 ], [ -74.169699556071905, 4.698568583333325 ], [ -74.172195590523984, 4.711310198860477 ], [ -74.16059637159961, 4.720004477690767 ], [ -74.15677890714349, 4.725400926619913 ], [ -74.148997152675221, 4.725700729338198 ], [ -74.137544759306849, 4.730797375549058 ], [ -74.125945540382475, 4.729598164675914 ], [ -74.129616179282593, 4.738742147583634 ], [ -74.130056655950611, 4.746087314181637 ], [ -74.125358238158455, 4.747286525054782 ], [ -74.125358238158455, 4.754032086216214 ], [ -74.11684235591018, 4.761826956891647 ], [ -74.114493147014102, 4.771420643876795 ], [ -74.114933623682106, 4.785511371636232 ], [ -74.108032822549887, 4.788659300178232 ], [ -74.105243136985791, 4.796753973571952 ], [ -74.095552650289477, 4.799002493959095 ], [ -74.0933502669494, 4.790757919206233 ], [ -74.087183593597203, 4.796154368135379 ], [ -74.088505023601243, 4.80334963337424 ], [ -74.079989141352968, 4.808446279585101 ], [ -74.087036768041202, 4.816091248901391 ], [ -74.086449465817182, 4.821037993753108 ], [ -74.07896136246093, 4.822087303267108 ], [ -74.086008989149164, 4.832880201125399 ], [ -74.082044699137029, 4.835128721512544 ], [ -74.074997072448809, 4.836777636463116 ], [ -74.070885956880673, 4.828682963069396 ], [ -74.062957376856403, 4.832880201125399 ], [ -74.056203401280186, 4.828982765787683 ], [ -74.05209228571205, 4.832580398407113 ], [ -74.031536707871382, 4.823436415499395 ], [ -74.009219223358642, 4.821037993753108 ], [ -74.006723188906562, 4.823286514140251 ] ] ] } },
{ "type": "Feature", "properties": { "Código departamento": "25", "Departamento": "Cundinamarca", "Código municipio": "307", "Municipio": "GIRARDOT", "DIVIPOLA": "25307" }, "geometry": { "type": "Polygon", "coordinates": [ [ [ -74.742906526714691, 4.380777701950296 ], [ -74.748045421174865, 4.378529181563152 ], [ -74.76037876787926, 4.381227406027725 ], [ -74.762140674551318, 4.37583095709858 ], [ -74.768747824571534, 4.369385198655432 ], [ -74.766985917899476, 4.359941413029428 ], [ -74.772565289027668, 4.347649501579707 ], [ -74.768160522347515, 4.344351671678562 ], [ -74.771390684579629, 4.337306307798843 ], [ -74.77153751013563, 4.328012423531981 ], [ -74.761847023439316, 4.320967059652264 ], [ -74.761847023439316, 4.314671202568261 ], [ -74.774620846811729, 4.306126825097112 ], [ -74.785779589068099, 4.303128797914254 ], [ -74.789450227968217, 4.308375345484257 ], [ -74.794589122428391, 4.303728403350825 ], [ -74.793120866868335, 4.292335900055963 ], [ -74.796791505768454, 4.288288563359102 ], [ -74.807509771356806, 4.286189944331102 ], [ -74.813089142484998, 4.294134716365677 ], [ -74.826303442525429, 4.284091325303101 ], [ -74.833644720325665, 4.275696849191095 ], [ -74.854787600390353, 4.268501583952236 ], [ -74.863597133750645, 4.269101189388807 ], [ -74.87020428377086, 4.265953260846804 ], [ -74.879013817131153, 4.266103162205948 ], [ -74.884593188259331, 4.280793495401956 ], [ -74.890613036055527, 4.288888168795675 ], [ -74.883124932699289, 4.300280672090538 ], [ -74.873728097114977, 4.304777712864825 ], [ -74.874315399338997, 4.309724457716542 ], [ -74.882243979363253, 4.309124852279971 ], [ -74.882684456031271, 4.317669229751119 ], [ -74.864918563754685, 4.33205976022884 ], [ -74.85581537928239, 4.334757984693414 ], [ -74.846565369254094, 4.335357590129985 ], [ -74.840398695901882, 4.341653447213988 ], [ -74.830120906981549, 4.356043977691711 ], [ -74.818081211389156, 4.367136678268289 ], [ -74.815438351381076, 4.373582436711435 ], [ -74.807656596912807, 4.379878293795438 ], [ -74.803985958012689, 4.387523263111729 ], [ -74.794882773540394, 4.400864484075449 ], [ -74.784458159064059, 4.411957184652027 ], [ -74.781815299055964, 4.417653436299459 ], [ -74.773152591251687, 4.427247123284608 ], [ -74.760819244547278, 4.430694854544895 ], [ -74.753477966747042, 4.434592289882612 ], [ -74.751128757850964, 4.432193868136324 ], [ -74.745696212278787, 4.394418725632304 ], [ -74.742906526714691, 4.380777701950296 ] ] ] } },
{ "type": "Feature", "properties": { "Código departamento": "25", "Departamento": "Cundinamarca", "Código municipio": "754", "Municipio": "SOACHA", "DIVIPOLA": "25754" }, "geometry": { "type": "Polygon", "coordinates": [ [ [ -74.222556756233644, 4.629464056768431 ], [ -74.223290884013664, 4.624517311916715 ], [ -74.204056736177037, 4.600982798531272 ], [ -74.183794809448372, 4.596485757756985 ], [ -74.179390042768219, 4.577148482427545 ], [ -74.17689400831614, 4.56050943156268 ], [ -74.177334484984158, 4.54671850652153 ], [ -74.173810671640041, 4.540422649437526 ], [ -74.180124170548254, 4.53652521409981 ], [ -74.187024971680472, 4.52738123119209 ], [ -74.183207507224353, 4.522434486340374 ], [ -74.181298774996293, 4.513590306150939 ], [ -74.174544799420062, 4.507144547707793 ], [ -74.181592426108296, 4.503846717806648 ], [ -74.178068612764179, 4.486458160146069 ], [ -74.182620205000333, 4.479562697625492 ], [ -74.183941635004373, 4.463073548119769 ], [ -74.198183713936842, 4.426647517848035 ], [ -74.204056736177037, 4.418103140376888 ], [ -74.212278967313296, 4.393369416118303 ], [ -74.210663886197253, 4.385424644083726 ], [ -74.21418769954137, 4.381227406027725 ], [ -74.217124210661467, 4.387972967189158 ], [ -74.228723429585841, 4.399065667765735 ], [ -74.236064707386078, 4.40041477999802 ], [ -74.236358358498094, 4.405511426208881 ], [ -74.231953591817941, 4.419302351250031 ], [ -74.234890102938039, 4.433992684446038 ], [ -74.232540894041961, 4.443436470072045 ], [ -74.232834545153978, 4.452580452979764 ], [ -74.22857660402984, 4.462174139964911 ], [ -74.229017080697844, 4.467570588894058 ], [ -74.219473419557531, 4.483160330244924 ], [ -74.222850407345646, 4.500698789264647 ], [ -74.217564687329471, 4.515688925178941 ], [ -74.219032942889527, 4.522434486340374 ], [ -74.227108348469784, 4.52888024478352 ], [ -74.240175822954214, 4.530828962452378 ], [ -74.247076624086446, 4.539823044000953 ], [ -74.24751710075445, 4.544170183416099 ], [ -74.268953631931154, 4.544020282056956 ], [ -74.277909990847448, 4.540422649437526 ], [ -74.278497293071467, 4.531128765170664 ], [ -74.276294909731405, 4.516438431974655 ], [ -74.283636187531641, 4.512391095277796 ], [ -74.285691745315702, 4.514489714305797 ], [ -74.282461583083602, 4.525882217600661 ], [ -74.292739372003936, 4.524982809445803 ], [ -74.290390163107858, 4.54881712554953 ], [ -74.296703662016071, 4.549416730986102 ], [ -74.303751288704305, 4.554963081274392 ], [ -74.306100497600383, 4.560059727485251 ], [ -74.300080649804173, 4.570103118547828 ], [ -74.300814777584208, 4.585093254462122 ], [ -74.303751288704305, 4.595136645524698 ], [ -74.301255254252212, 4.599633686298987 ], [ -74.306981450936405, 4.606828951537847 ], [ -74.306247323156384, 4.620619876578998 ], [ -74.292298895335918, 4.612825005903566 ], [ -74.279525071963505, 4.609826978720707 ], [ -74.272624270831272, 4.61867115891014 ], [ -74.263227435246975, 4.620320073860712 ], [ -74.255152029666704, 4.628564648613573 ], [ -74.248398054090487, 4.621968988811285 ], [ -74.241790904070271, 4.631562675796432 ], [ -74.229604382921863, 4.632012379873861 ], [ -74.222556756233644, 4.629464056768431 ] ] ] } },
{ "type": "Feature", "properties": { "Código departamento": "25", "Departamento": "Cundinamarca", "Código municipio": "175", "Municipio": "CHÍA", "DIVIPOLA": "25175" }, "geometry": { "type": "Polygon", "coordinates": [ [ [ -74.006723188906562, 4.823286514140251 ], [ -74.009219223358642, 4.821037993753108 ], [ -74.031536707871382, 4.823436415499395 ], [ -74.05209228571205, 4.832580398407113 ], [ -74.056203401280186, 4.828982765787683 ], [ -74.062957376856403, 4.832880201125399 ], [ -74.070885956880673, 4.828682963069396 ], [ -74.074997072448809, 4.836777636463116 ], [ -74.082044699137029, 4.835128721512544 ], [ -74.07763993245689, 4.840675071800832 ], [ -74.086889942485186, 4.846970928884835 ], [ -74.094671696953441, 4.848469942476265 ], [ -74.082925652473065, 4.865408796059417 ], [ -74.081897873581028, 4.882347649642569 ], [ -74.082338350249046, 4.893290448860005 ], [ -74.079695490240951, 4.896888081479434 ], [ -74.079695490240951, 4.905582360309725 ], [ -74.07705263023287, 4.9114285133163 ], [ -74.070885956880673, 4.910529105161442 ], [ -74.058258959064261, 4.900485714098864 ], [ -74.049008949035951, 4.897037982838577 ], [ -74.049008949035951, 4.892690843423432 ], [ -74.021699395619052, 4.884746071388856 ], [ -74.017147803382912, 4.89463956109229 ], [ -74.012155734478739, 4.897487686916006 ], [ -74.003639852230464, 4.907680979337726 ], [ -74.008631921134622, 4.911278611957157 ], [ -74.00642953779456, 4.917874271759445 ], [ -73.997766829990269, 4.908580387492584 ], [ -73.989691424410012, 4.902884135845151 ], [ -73.982056495497758, 4.902584333126867 ], [ -73.98484618106184, 4.894189857014861 ], [ -73.986020785509879, 4.879199721100568 ], [ -73.989397773297995, 4.873053765375707 ], [ -73.990572377746034, 4.863609979749701 ], [ -73.99468349331417, 4.849669153349409 ], [ -73.999822387774344, 4.845621816652549 ], [ -74.006723188906562, 4.823286514140251 ] ] ] } },
{ "type": "Feature", "properties": { "Código departamento": "25", "Departamento": "Cundinamarca", "Código municipio": "260", "Municipio": "EL ROSAL", "DIVIPOLA": "25260" }, "geometry": { "type": "Polygon", "coordinates": [ [ [ -74.230925812925918, 4.944556713686889 ], [ -74.224318662905702, 4.939310166116885 ], [ -74.221528977341606, 4.93286440767374 ], [ -74.222409930677628, 4.925968945153165 ], [ -74.219913896225549, 4.915925554090587 ], [ -74.209342456193212, 4.906931472542012 ], [ -74.206552770629116, 4.900485714098864 ], [ -74.19921149282888, 4.895239166528863 ], [ -74.197449586156822, 4.889243112163144 ], [ -74.18614401834445, 4.880249030614569 ], [ -74.19069561058059, 4.872454159939136 ], [ -74.191136087248609, 4.864509387904559 ], [ -74.201560701724944, 4.856864418588271 ], [ -74.21550912954541, 4.843373296265406 ], [ -74.216536908437448, 4.838576452772831 ], [ -74.22857660402984, 4.827483752196254 ], [ -74.23312819626598, 4.828233258991969 ], [ -74.239294869618192, 4.821637599189679 ], [ -74.250306786318546, 4.822686908703679 ], [ -74.254271076330681, 4.82013858559825 ], [ -74.260437749682879, 4.823136612781108 ], [ -74.264842516363018, 4.830181976660827 ], [ -74.268072678595132, 4.847870337039693 ], [ -74.273358398611308, 4.859262840334556 ], [ -74.284370315311662, 4.875452187121994 ], [ -74.279231420851502, 4.880998537410282 ], [ -74.279525071963505, 4.889243112163144 ], [ -74.276294909731405, 4.896588278761148 ], [ -74.266751248591092, 4.903183938563438 ], [ -74.267925853039131, 4.910679006520584 ], [ -74.265723469699054, 4.917424567682017 ], [ -74.260290924126878, 4.92476973428002 ], [ -74.253536948550646, 4.925369339716593 ], [ -74.249279007426509, 4.93496302670174 ], [ -74.242818682962309, 4.942907798736317 ], [ -74.235036928494054, 4.948753951742892 ], [ -74.230925812925918, 4.944556713686889 ] ] ] } },
{ "type": "Feature", "properties": { "Código departamento": "25", "Departamento": "Cundinamarca", "Código municipio": "473", "Municipio": "MOSQUERA", "DIVIPOLA": "25473" }, "geometry": { "type": "Polygon", "coordinates": [ [ [ -74.172342416079999, 4.69617016158704 ], [ -74.167790823843845, 4.687625784115892 ], [ -74.173810671640041, 4.682229335186746 ], [ -74.174838450532079, 4.676682984898457 ], [ -74.169993207183921, 4.669038015582168 ], [ -74.161183673823629, 4.66708929791331 ], [ -74.163092406051689, 4.65944432859702 ], [ -74.172195590523984, 4.657195808209875 ], [ -74.180417821660257, 4.652249063358158 ], [ -74.187024971680472, 4.651649457921587 ], [ -74.193778947256689, 4.655247090541017 ], [ -74.197009109488803, 4.650450247048442 ], [ -74.206993247297135, 4.645353600837583 ], [ -74.212719443981314, 4.634710604338435 ], [ -74.222556756233644, 4.629464056768431 ], [ -74.229604382921863, 4.632012379873861 ], [ -74.241790904070271, 4.631562675796432 ], [ -74.248398054090487, 4.621968988811285 ], [ -74.255152029666704, 4.628564648613573 ], [ -74.263227435246975, 4.620320073860712 ], [ -74.272624270831272, 4.61867115891014 ], [ -74.277469514179444, 4.620020271142427 ], [ -74.283783013087643, 4.635160308415863 ], [ -74.282608408639604, 4.643105080450439 ], [ -74.286279047539722, 4.649850641611871 ], [ -74.28481079197968, 4.661692848984162 ], [ -74.291124290887879, 4.668738212863881 ], [ -74.287013175319757, 4.676982787616743 ], [ -74.301402079808227, 4.712509409733619 ], [ -74.299493347580153, 4.716856549148765 ], [ -74.289802860883839, 4.713858521965906 ], [ -74.286425873095737, 4.708012368959332 ], [ -74.26910045748717, 4.696469964305325 ], [ -74.256326634114743, 4.685377263728747 ], [ -74.253683774106662, 4.68852519227075 ], [ -74.255152029666704, 4.696619865664467 ], [ -74.251187739654583, 4.702316117311899 ], [ -74.253683774106662, 4.70891177711419 ], [ -74.249425832982524, 4.721653392641339 ], [ -74.232247242929958, 4.736943331273918 ], [ -74.216536908437448, 4.712959113811048 ], [ -74.216536908437448, 4.708761875755045 ], [ -74.209929758417218, 4.701116906438757 ], [ -74.200826573944923, 4.697968977896754 ], [ -74.182913856112336, 4.699318090129041 ], [ -74.176013054980118, 4.694821049354753 ], [ -74.172342416079999, 4.69617016158704 ] ] ] } },
{ "type": "Feature", "properties": { "Código departamento": "25", "Departamento": "Cundinamarca", "Código municipio": "740", "Municipio": "SIBATÉ", "DIVIPOLA": "25740" }, "geometry": { "type": "Polygon", "coordinates": [ [ [ -74.236064707386078, 4.40041477999802 ], [ -74.245021066302371, 4.40191379358945 ], [ -74.253096471882643, 4.400714582716307 ], [ -74.267779027483115, 4.385874348161155 ], [ -74.282461583083602, 4.379428589718009 ], [ -74.275854433063387, 4.391270797090301 ], [ -74.282314757527601, 4.393669218836588 ], [ -74.298759219800132, 4.395617936505446 ], [ -74.298318743132114, 4.405361524849737 ], [ -74.294941755344013, 4.419002548531746 ], [ -74.29978699869217, 4.426797419207179 ], [ -74.305660020932365, 4.430395051826609 ], [ -74.306100497600383, 4.440588344248328 ], [ -74.302283033144249, 4.444036075508616 ], [ -74.300814777584208, 4.462024238605768 ], [ -74.305219544264347, 4.474765854132918 ], [ -74.300667952028192, 4.486458160146069 ], [ -74.303163986480286, 4.492454214511786 ], [ -74.30301716092427, 4.503696816447506 ], [ -74.300374300916189, 4.511191884404652 ], [ -74.294060802007976, 4.507894054503509 ], [ -74.292445720891934, 4.500548887905505 ], [ -74.28671952420774, 4.504746125961506 ], [ -74.283636187531641, 4.512391095277796 ], [ -74.276294909731405, 4.516438431974655 ], [ -74.278497293071467, 4.531128765170664 ], [ -74.277909990847448, 4.540422649437526 ], [ -74.268953631931154, 4.544020282056956 ], [ -74.24751710075445, 4.544170183416099 ], [ -74.247076624086446, 4.539823044000953 ], [ -74.240175822954214, 4.530828962452378 ], [ -74.227108348469784, 4.52888024478352 ], [ -74.219032942889527, 4.522434486340374 ], [ -74.217564687329471, 4.515688925178941 ], [ -74.222850407345646, 4.500698789264647 ], [ -74.219473419557531, 4.483160330244924 ], [ -74.229017080697844, 4.467570588894058 ], [ -74.22857660402984, 4.462174139964911 ], [ -74.232834545153978, 4.452580452979764 ], [ -74.232540894041961, 4.443436470072045 ], [ -74.234890102938039, 4.433992684446038 ], [ -74.231953591817941, 4.419302351250031 ], [ -74.236358358498094, 4.405511426208881 ], [ -74.236064707386078, 4.40041477999802 ] ] ] } },
{ "type": "Feature", "properties": { "Código departamento": "25", "Departamento": "Cundinamarca", "Código municipio": "290", "Municipio": "FUSAGASUGÁ", "DIVIPOLA": "25290" }, "geometry": { "type": "Polygon", "coordinates": [ [ [ -74.282461583083602, 4.379428589718009 ], [ -74.289068733103818, 4.368635691859718 ], [ -74.306687799824402, 4.368485790500576 ], [ -74.31476320540466, 4.384075531851441 ], [ -74.319461623196815, 4.386324052238584 ], [ -74.326362424329034, 4.371184014965148 ], [ -74.330620365453186, 4.356793484487425 ], [ -74.330914016565188, 4.34630038934742 ], [ -74.334144178797288, 4.33760611051713 ], [ -74.342953712157581, 4.325464100426552 ], [ -74.348386257729757, 4.303578501991683 ], [ -74.352056896629875, 4.295633729957106 ], [ -74.349267211065794, 4.289487774232247 ], [ -74.339870375481482, 4.284391128021386 ], [ -74.336787038805383, 4.27689606006424 ], [ -74.328124331001092, 4.266103162205948 ], [ -74.336052911025362, 4.251862533087368 ], [ -74.336346562137365, 4.244067662411935 ], [ -74.330767191009187, 4.240919733869934 ], [ -74.335612434357344, 4.227878315624499 ], [ -74.342072758821558, 4.23057654008907 ], [ -74.348239432173756, 4.237022298532218 ], [ -74.362041034438207, 4.244367465130222 ], [ -74.366005324450342, 4.252911842601368 ], [ -74.366886277786364, 4.263105135023088 ], [ -74.370703742242497, 4.266552866283377 ], [ -74.389203762299104, 4.27030040026195 ], [ -74.396104563431322, 4.273898032881381 ], [ -74.413283153483889, 4.287539056563388 ], [ -74.430461743536455, 4.292635702774247 ], [ -74.43633476577665, 4.286339845690244 ], [ -74.448668112481045, 4.282892114429957 ], [ -74.457918122509355, 4.276296454627668 ], [ -74.479354653686059, 4.271949315212523 ], [ -74.490513395942415, 4.2575587847348 ], [ -74.510628497115079, 4.250063716777654 ], [ -74.521787239371449, 4.250813223573368 ], [ -74.537791224975976, 4.254111053474513 ], [ -74.541168212764077, 4.251562730369083 ], [ -74.543811072772172, 4.259357601044516 ], [ -74.54939044390035, 4.260856614635945 ], [ -74.544838851664196, 4.261006515995088 ], [ -74.536469794971921, 4.270600202980236 ], [ -74.514445961571198, 4.276746158705097 ], [ -74.503580870426845, 4.282592311711672 ], [ -74.49447768595455, 4.284241226662243 ], [ -74.482437990362158, 4.288888168795675 ], [ -74.465846702533611, 4.298032151703393 ], [ -74.450576844709104, 4.311523274026258 ], [ -74.44088635801279, 4.323065678680265 ], [ -74.43574746355263, 4.336856603721414 ], [ -74.42326729129222, 4.346600192065705 ], [ -74.420183954616121, 4.358592300797141 ], [ -74.415045060155947, 4.366986776909145 ], [ -74.404767271235613, 4.37028460681029 ], [ -74.394636307871281, 4.38452523592887 ], [ -74.394049005647261, 4.395917739223733 ], [ -74.38788233229505, 4.398466062329162 ], [ -74.355874361086009, 4.399665273202307 ], [ -74.343834665493617, 4.390371388935445 ], [ -74.321223529868874, 4.389771783498872 ], [ -74.316671937632719, 4.40041477999802 ], [ -74.318727495416795, 4.407759946596024 ], [ -74.31094574094854, 4.413606099602599 ], [ -74.306834625380404, 4.423499589306034 ], [ -74.29978699869217, 4.426797419207179 ], [ -74.294941755344013, 4.419002548531746 ], [ -74.298318743132114, 4.405361524849737 ], [ -74.298759219800132, 4.395617936505446 ], [ -74.282314757527601, 4.393669218836588 ], [ -74.275854433063387, 4.391270797090301 ], [ -74.282461583083602, 4.379428589718009 ] ] ] } },
{ "type": "Feature", "properties": { "Código departamento": "25", "Departamento": "Cundinamarca", "Código municipio": "662", "Municipio": "SAN JUAN DE RIOSECO", "DIVIPOLA": "25662" }, "geometry": { "type": "Polygon", "coordinates": [ [ [ -74.57684682287325, 4.888943309444859 ], [ -74.582866670669446, 4.882347649642569 ], [ -74.582279368445427, 4.86405968382713 ], [ -74.586243658457562, 4.849968956067694 ], [ -74.585950007345545, 4.841874282673976 ], [ -74.578021427321289, 4.831680990252257 ], [ -74.572295230637096, 4.80784667414853 ], [ -74.56700951062092, 4.796004466776236 ], [ -74.56377934838882, 4.796154368135379 ], [ -74.567890463956957, 4.781314133580229 ], [ -74.567156336176936, 4.767223405820793 ], [ -74.584041275117485, 4.756430507962501 ], [ -74.588886518465642, 4.756430507962501 ], [ -74.5905015995817, 4.743389089717065 ], [ -74.606505585186227, 4.739791457097634 ], [ -74.610616700754349, 4.736943331273918 ], [ -74.62250957079074, 4.734395008168488 ], [ -74.628823069698953, 4.729148460598485 ], [ -74.642184195295386, 4.726750038852198 ], [ -74.653783414219774, 4.730047868753343 ], [ -74.673604864280421, 4.745937412822495 ], [ -74.67800963096056, 4.747436426413924 ], [ -74.684910432092792, 4.757779620194786 ], [ -74.689902500996951, 4.759278633786216 ], [ -74.696362825461165, 4.766323997665935 ], [ -74.697390604353203, 4.770970939799366 ], [ -74.690636628776986, 4.782063640375942 ], [ -74.69239853544903, 4.798252987163381 ], [ -74.689755675440949, 4.810844701331388 ], [ -74.684323129868773, 4.815041939387389 ], [ -74.680212014300636, 4.822537007344537 ], [ -74.681533444304677, 4.830032075301683 ], [ -74.691958058781026, 4.829432469865112 ], [ -74.701795371033342, 4.835878228308258 ], [ -74.708255695497556, 4.8339295106394 ], [ -74.718093007749872, 4.838126748695402 ], [ -74.729251750006242, 4.836028129667402 ], [ -74.742025573378669, 4.841124775878261 ], [ -74.748779548954886, 4.837527143258831 ], [ -74.752156536743001, 4.84157447995569 ], [ -74.759204163431221, 4.839925565005118 ], [ -74.769188301239552, 4.842174085392261 ], [ -74.766839092343474, 4.847120830243978 ], [ -74.75979146565524, 4.851917673736552 ], [ -74.752009711186986, 4.865858500136846 ], [ -74.751569234518982, 4.873653370812279 ], [ -74.754946222307083, 4.885945282261999 ], [ -74.750247804514927, 4.889093210804002 ], [ -74.737033504474496, 4.883846663233999 ], [ -74.73160095890232, 4.894039955655718 ], [ -74.733950167798398, 4.900185911380579 ], [ -74.739970015594594, 4.901984727690293 ], [ -74.739676364482591, 4.910828907879728 ], [ -74.732188261126339, 4.926868353308023 ], [ -74.733509691130379, 4.934663223983455 ], [ -74.748926374510887, 4.951901880284892 ], [ -74.748779548954886, 4.957748033291467 ], [ -74.743934305606729, 4.966292410762615 ], [ -74.731894610014336, 4.977385111339193 ], [ -74.7277834944462, 4.977085308620906 ], [ -74.72910492445024, 4.964643495812044 ], [ -74.72587476221814, 4.962095172706612 ], [ -74.724259681102083, 4.951152373489179 ], [ -74.719708088865929, 4.949953162616034 ], [ -74.711485857729656, 4.955199710186037 ], [ -74.691811233225025, 4.951002472130035 ], [ -74.672723910944399, 4.94050937699003 ], [ -74.671108829828341, 4.93031608456831 ], [ -74.667585016484225, 4.922970917970306 ], [ -74.662886598692069, 4.921022200301448 ], [ -74.656719925339871, 4.907830880696868 ], [ -74.64350562529944, 4.896438377402005 ], [ -74.63234688304307, 4.892540942064289 ], [ -74.626767511914892, 4.892840744782576 ], [ -74.619866710782659, 4.887744098571715 ], [ -74.615315118546505, 4.892690843423432 ], [ -74.602541295174092, 4.895988673324577 ], [ -74.590354774025698, 4.890742125754573 ], [ -74.57684682287325, 4.888943309444859 ] ] ] } }
]
}
